schema_version,campaign_id,stage_mode,attempt_id,global_seq,abs_b_deg,abs_c_deg,acquisition_try,pass_id,contact_id,pre_raw_count,pre_mux_count,pre_gated_count,post_raw_count,post_mux_count,post_gated_count,ready_raw_count,ready_mux_count,ready_gated_count,probe_result,travel_mm,raw_delta,mux_delta,gated_delta,repeat_raw_delta,repeat_mux_delta,repeat_gated_delta,extra_raw_minus_gated_delta,chatter_observed,quiet_episode_count,quiet_elapsed_s,quiet_reset_count,consistency_fault,release_fault,terminal_failure
2.0,2026082701.000000,41.000000,7.000000,24.000000,10.000000,0.000000,1.000000,1.000000,1.000000,1630.000000,1630.000000,618.000000,1631.000000,1631.000000,619.000000,1634.000000,1634.000000,619.000000,1.000000,4.979371,1.000000,1.000000,1.000000,3.000000,3.000000,0.000000,3.000000,1.000000,1.000000,15.250000,1.000000,0.000000,0.000000,0.000000
2.0,2026082701.000000,41.000000,7.000000,24.000000,10.000000,0.000000,1.000000,1.000000,2.000000,1634.000000,1634.000000,619.000000,1635.000000,1635.000000,620.000000,1635.000000,1635.000000,620.000000,1.000000,3.924752,1.000000,1.000000,1.000000,0.000000,0.000000,0.000000,0.000000,0.000000,0.000000,0.000000,0.000000,0.000000,0.000000,0.000000
2.0,2026082701.000000,41.000000,7.000000,24.000000,10.000000,0.000000,1.000000,1.000000,3.000000,1635.000000,1635.000000,620.000000,1636.000000,1636.000000,621.000000,1636.000000,1636.000000,621.000000,1.000000,3.953529,1.000000,1.000000,1.000000,0.000000,0.000000,0.000000,0.000000,0.000000,0.000000,0.000000,0.000000,0.000000,0.000000,0.000000
2.0,2026082701.000000,41.000000,7.000000,24.000000,10.000000,0.000000,1.000000,1.000000,4.000000,1636.000000,1636.000000,621.000000,1637.000000,1637.000000,622.000000,1637.000000,1637.000000,622.000000,1.000000,3.888469,1.000000,1.000000,1.000000,0.000000,0.000000,0.000000,0.000000,0.000000,0.000000,0.000000,0.000000,0.000000,0.000000,0.000000
2.0,2026082701.000000,41.000000,7.000000,24.000000,10.000000,0.000000,1.000000,2.000000,1.000000,1637.000000,1637.000000,622.000000,1638.000000,1638.000000,623.000000,1645.000000,1645.000000,623.000000,1.000000,4.996871,1.000000,1.000000,1.000000,7.000000,7.000000,0.000000,7.000000,1.000000,1.000000,41.250000,9.000000,0.000000,0.000000,0.000000
2.0,2026082701.000000,41.000000,7.000000,24.000000,10.000000,0.000000,1.000000,2.000000,2.000000,1667.000000,1667.000000,623.000000,1668.000000,1668.000000,624.000000,1668.000000,1668.000000,624.000000,1.000000,4.000586,1.000000,1.000000,1.000000,0.000000,0.000000,0.000000,0.000000,0.000000,0.000000,0.000000,0.000000,0.000000,0.000000,0.000000
2.0,2026082701.000000,41.000000,7.000000,24.000000,10.000000,0.000000,1.000000,2.000000,3.000000,1668.000000,1668.000000,624.000000,1669.000000,1669.000000,625.000000,1669.000000,1669.000000,625.000000,1.000000,3.927695,1.000000,1.000000,1.000000,0.000000,0.000000,0.000000,0.000000,0.000000,0.000000,0.000000,0.000000,0.000000,0.000000,0.000000
2.0,2026082701.000000,41.000000,7.000000,24.000000,10.000000,0.000000,1.000000,2.000000,4.000000,1669.000000,1669.000000,625.000000,1670.000000,1670.000000,626.000000,1670.000000,1670.000000,626.000000,1.000000,3.914305,1.000000,1.000000,1.000000,0.000000,0.000000,0.000000,0.000000,0.000000,0.000000,0.000000,0.000000,0.000000,0.000000,0.000000
2.0,2026082701.000000,41.000000,7.000000,25.000000,10.000000,45.000000,1.000000,1.000000,1.000000,1670.000000,1670.000000,626.000000,1671.000000,1671.000000,627.000000,1671.000000,1671.000000,627.000000,1.000000,5.017648,1.000000,1.000000,1.000000,0.000000,0.000000,0.000000,0.000000,0.000000,0.000000,0.000000,0.000000,0.000000,0.000000,0.000000
2.0,2026082701.000000,41.000000,7.000000,25.000000,10.000000,45.000000,1.000000,1.000000,2.000000,1671.000000,1671.000000,627.000000,1672.000000,1672.000000,628.000000,1672.000000,1672.000000,628.000000,1.000000,3.934229,1.000000,1.000000,1.000000,0.000000,0.000000,0.000000,0.000000,0.000000,0.000000,0.000000,0.000000,0.000000,0.000000,0.000000
2.0,2026082701.000000,41.000000,7.000000,25.000000,10.000000,45.000000,1.000000,1.000000,3.000000,1672.000000,1672.000000,628.000000,1673.000000,1673.000000,629.000000,1673.000000,1673.000000,629.000000,1.000000,3.954192,1.000000,1.000000,1.000000,0.000000,0.000000,0.000000,0.000000,0.000000,0.000000,0.000000,0.000000,0.000000,0.000000,0.000000
2.0,2026082701.000000,41.000000,7.000000,25.000000,10.000000,45.000000,1.000000,1.000000,4.000000,1673.000000,1673.000000,629.000000,1674.000000,1674.000000,630.000000,1674.000000,1674.000000,630.000000,1.000000,3.921635,1.000000,1.000000,1.000000,0.000000,0.000000,0.000000,0.000000,0.000000,0.000000,0.000000,0.000000,0.000000,0.000000,0.000000
2.0,2026082701.000000,41.000000,7.000000,25.000000,10.000000,45.000000,1.000000,2.000000,1.000000,1674.000000,1674.000000,630.000000,1675.000000,1675.000000,631.000000,1675.000000,1675.000000,631.000000,1.000000,4.999315,1.000000,1.000000,1.000000,0.000000,0.000000,0.000000,0.000000,0.000000,0.000000,0.000000,0.000000,0.000000,0.000000,0.000000
2.0,2026082701.000000,41.000000,7.000000,25.000000,10.000000,45.000000,1.000000,2.000000,2.000000,1675.000000,1675.000000,631.000000,1676.000000,1676.000000,632.000000,1676.000000,1676.000000,632.000000,1.000000,3.992928,1.000000,1.000000,1.000000,0.000000,0.000000,0.000000,0.000000,0.000000,0.000000,0.000000,0.000000,0.000000,0.000000,0.000000
2.0,2026082701.000000,41.000000,7.000000,25.000000,10.000000,45.000000,1.000000,2.000000,3.000000,1676.000000,1676.000000,632.000000,1677.000000,1677.000000,633.000000,1677.000000,1677.000000,633.000000,1.000000,3.936317,1.000000,1.000000,1.000000,0.000000,0.000000,0.000000,0.000000,0.000000,0.000000,0.000000,0.000000,0.000000,0.000000,0.000000
2.0,2026082701.000000,41.000000,7.000000,25.000000,10.000000,45.000000,1.000000,2.000000,4.000000,1677.000000,1677.000000,633.000000,1678.000000,1678.000000,634.000000,1678.000000,1678.000000,634.000000,1.000000,3.915398,1.000000,1.000000,1.000000,0.000000,0.000000,0.000000,0.000000,0.000000,0.000000,0.000000,0.000000,0.000000,0.000000,0.000000
2.0,2026082701.000000,41.000000,7.000000,26.000000,10.000000,90.000000,1.000000,1.000000,1.000000,1678.000000,1678.000000,634.000000,1679.000000,1679.000000,635.000000,1679.000000,1679.000000,635.000000,1.000000,4.988537,1.000000,1.000000,1.000000,0.000000,0.000000,0.000000,0.000000,0.000000,0.000000,0.000000,0.000000,0.000000,0.000000,0.000000
2.0,2026082701.000000,41.000000,7.000000,26.000000,10.000000,90.000000,1.000000,1.000000,2.000000,1679.000000,1679.000000,635.000000,1680.000000,1680.000000,636.000000,1680.000000,1680.000000,636.000000,1.000000,3.990017,1.000000,1.000000,1.000000,0.000000,0.000000,0.000000,0.000000,0.000000,0.000000,0.000000,0.000000,0.000000,0.000000,0.000000
2.0,2026082701.000000,41.000000,7.000000,26.000000,10.000000,90.000000,1.000000,1.000000,3.000000,1680.000000,1680.000000,636.000000,1681.000000,1681.000000,637.000000,1681.000000,1681.000000,637.000000,1.000000,3.889336,1.000000,1.000000,1.000000,0.000000,0.000000,0.000000,0.000000,0.000000,0.000000,0.000000,0.000000,0.000000,0.000000,0.000000
2.0,2026082701.000000,41.000000,7.000000,26.000000,10.000000,90.000000,1.000000,1.000000,4.000000,1681.000000,1681.000000,637.000000,1682.000000,1682.000000,638.000000,1682.000000,1682.000000,638.000000,1.000000,4.018042,1.000000,1.000000,1.000000,0.000000,0.000000,0.000000,0.000000,0.000000,0.000000,0.000000,0.000000,0.000000,0.000000,0.000000
2.0,2026082701.000000,41.000000,7.000000,26.000000,10.000000,90.000000,1.000000,2.000000,1.000000,1682.000000,1682.000000,638.000000,1683.000000,1683.000000,639.000000,1683.000000,1683.000000,639.000000,1.000000,4.997676,1.000000,1.000000,1.000000,0.000000,0.000000,0.000000,0.000000,0.000000,0.000000,0.000000,0.000000,0.000000,0.000000,0.000000
2.0,2026082701.000000,41.000000,7.000000,26.000000,10.000000,90.000000,1.000000,2.000000,2.000000,1683.000000,1683.000000,639.000000,1684.000000,1684.000000,640.000000,1684.000000,1684.000000,640.000000,1.000000,3.998870,1.000000,1.000000,1.000000,0.000000,0.000000,0.000000,0.000000,0.000000,0.000000,0.000000,0.000000,0.000000,0.000000,0.000000
2.0,2026082701.000000,41.000000,7.000000,26.000000,10.000000,90.000000,1.000000,2.000000,3.000000,1684.000000,1684.000000,640.000000,1685.000000,1685.000000,641.000000,1685.000000,1685.000000,641.000000,1.000000,3.952266,1.000000,1.000000,1.000000,0.000000,0.000000,0.000000,0.000000,0.000000,0.000000,0.000000,0.000000,0.000000,0.000000,0.000000
2.0,2026082701.000000,41.000000,7.000000,26.000000,10.000000,90.000000,1.000000,2.000000,4.000000,1685.000000,1685.000000,641.000000,1686.000000,1686.000000,642.000000,1686.000000,1686.000000,642.000000,1.000000,3.953067,1.000000,1.000000,1.000000,0.000000,0.000000,0.000000,0.000000,0.000000,0.000000,0.000000,0.000000,0.000000,0.000000,0.000000
2.0,2026082701.000000,41.000000,7.000000,27.000000,10.000000,180.000000,1.000000,1.000000,1.000000,1686.000000,1686.000000,642.000000,1687.000000,1687.000000,643.000000,1687.000000,1687.000000,643.000000,1.000000,5.000204,1.000000,1.000000,1.000000,0.000000,0.000000,0.000000,0.000000,0.000000,0.000000,0.000000,0.000000,0.000000,0.000000,0.000000
2.0,2026082701.000000,41.000000,7.000000,27.000000,10.000000,180.000000,1.000000,1.000000,2.000000,1687.000000,1687.000000,643.000000,1688.000000,1688.000000,644.000000,1688.000000,1688.000000,644.000000,1.000000,3.865851,1.000000,1.000000,1.000000,0.000000,0.000000,0.000000,0.000000,0.000000,0.000000,0.000000,0.000000,0.000000,0.000000,0.000000
2.0,2026082701.000000,41.000000,7.000000,27.000000,10.000000,180.000000,1.000000,1.000000,3.000000,1688.000000,1688.000000,644.000000,1689.000000,1689.000000,645.000000,1689.000000,1689.000000,645.000000,1.000000,3.875600,1.000000,1.000000,1.000000,0.000000,0.000000,0.000000,0.000000,0.000000,0.000000,0.000000,0.000000,0.000000,0.000000,0.000000
2.0,2026082701.000000,41.000000,7.000000,27.000000,10.000000,180.000000,1.000000,1.000000,4.000000,1689.000000,1689.000000,645.000000,1690.000000,1690.000000,646.000000,1690.000000,1690.000000,646.000000,1.000000,3.993042,1.000000,1.000000,1.000000,0.000000,0.000000,0.000000,0.000000,0.000000,0.000000,0.000000,0.000000,0.000000,0.000000,0.000000
2.0,2026082701.000000,41.000000,7.000000,27.000000,10.000000,180.000000,1.000000,2.000000,1.000000,1690.000000,1690.000000,646.000000,1691.000000,1691.000000,647.000000,1691.000000,1691.000000,647.000000,1.000000,5.001898,1.000000,1.000000,1.000000,0.000000,0.000000,0.000000,0.000000,0.000000,0.000000,0.000000,0.000000,0.000000,0.000000,0.000000
2.0,2026082701.000000,41.000000,7.000000,27.000000,10.000000,180.000000,1.000000,2.000000,2.000000,1691.000000,1691.000000,647.000000,1692.000000,1692.000000,648.000000,1692.000000,1692.000000,648.000000,1.000000,3.998351,1.000000,1.000000,1.000000,0.000000,0.000000,0.000000,0.000000,0.000000,0.000000,0.000000,0.000000,0.000000,0.000000,0.000000
2.0,2026082701.000000,41.000000,7.000000,27.000000,10.000000,180.000000,1.000000,2.000000,3.000000,1692.000000,1692.000000,648.000000,1693.000000,1693.000000,649.000000,1693.000000,1693.000000,649.000000,1.000000,3.929767,1.000000,1.000000,1.000000,0.000000,0.000000,0.000000,0.000000,0.000000,0.000000,0.000000,0.000000,0.000000,0.000000,0.000000
2.0,2026082701.000000,41.000000,7.000000,27.000000,10.000000,180.000000,1.000000,2.000000,4.000000,1693.000000,1693.000000,649.000000,1694.000000,1694.000000,650.000000,1694.000000,1694.000000,650.000000,1.000000,3.930542,1.000000,1.000000,1.000000,0.000000,0.000000,0.000000,0.000000,0.000000,0.000000,0.000000,0.000000,0.000000,0.000000,0.000000
2.0,2026082701.000000,41.000000,7.000000,28.000000,10.000000,225.000000,1.000000,1.000000,1.000000,1694.000000,1694.000000,650.000000,1695.000000,1695.000000,651.000000,1695.000000,1695.000000,651.000000,1.000000,5.017731,1.000000,1.000000,1.000000,0.000000,0.000000,0.000000,0.000000,0.000000,0.000000,0.000000,0.000000,0.000000,0.000000,0.000000
2.0,2026082701.000000,41.000000,7.000000,28.000000,10.000000,225.000000,1.000000,1.000000,2.000000,1695.000000,1695.000000,651.000000,1696.000000,1696.000000,652.000000,1696.000000,1696.000000,652.000000,1.000000,4.027093,1.000000,1.000000,1.000000,0.000000,0.000000,0.000000,0.000000,0.000000,0.000000,0.000000,0.000000,0.000000,0.000000,0.000000
2.0,2026082701.000000,41.000000,7.000000,28.000000,10.000000,225.000000,1.000000,1.000000,3.000000,1696.000000,1696.000000,652.000000,1697.000000,1697.000000,653.000000,1697.000000,1697.000000,653.000000,1.000000,3.849218,1.000000,1.000000,1.000000,0.000000,0.000000,0.000000,0.000000,0.000000,0.000000,0.000000,0.000000,0.000000,0.000000,0.000000
2.0,2026082701.000000,41.000000,7.000000,28.000000,10.000000,225.000000,1.000000,1.000000,4.000000,1697.000000,1697.000000,653.000000,1698.000000,1698.000000,654.000000,1698.000000,1698.000000,654.000000,1.000000,4.053302,1.000000,1.000000,1.000000,0.000000,0.000000,0.000000,0.000000,0.000000,0.000000,0.000000,0.000000,0.000000,0.000000,0.000000
2.0,2026082701.000000,41.000000,7.000000,28.000000,10.000000,225.000000,1.000000,2.000000,1.000000,1698.000000,1698.000000,654.000000,1699.000000,1699.000000,655.000000,1699.000000,1699.000000,655.000000,1.000000,5.001093,1.000000,1.000000,1.000000,0.000000,0.000000,0.000000,0.000000,0.000000,0.000000,0.000000,0.000000,0.000000,0.000000,0.000000
2.0,2026082701.000000,41.000000,7.000000,28.000000,10.000000,225.000000,1.000000,2.000000,2.000000,1699.000000,1699.000000,655.000000,1700.000000,1700.000000,656.000000,1700.000000,1700.000000,656.000000,1.000000,4.000896,1.000000,1.000000,1.000000,0.000000,0.000000,0.000000,0.000000,0.000000,0.000000,0.000000,0.000000,0.000000,0.000000,0.000000
2.0,2026082701.000000,41.000000,7.000000,28.000000,10.000000,225.000000,1.000000,2.000000,3.000000,1700.000000,1700.000000,656.000000,1701.000000,1701.000000,657.000000,1701.000000,1701.000000,657.000000,1.000000,3.945026,1.000000,1.000000,1.000000,0.000000,0.000000,0.000000,0.000000,0.000000,0.000000,0.000000,0.000000,0.000000,0.000000,0.000000
2.0,2026082701.000000,41.000000,7.000000,28.000000,10.000000,225.000000,1.000000,2.000000,4.000000,1701.000000,1701.000000,657.000000,1702.000000,1702.000000,658.000000,1702.000000,1702.000000,658.000000,1.000000,3.962494,1.000000,1.000000,1.000000,0.000000,0.000000,0.000000,0.000000,0.000000,0.000000,0.000000,0.000000,0.000000,0.000000,0.000000
2.0,2026082701.000000,41.000000,7.000000,29.000000,10.000000,270.000000,1.000000,1.000000,1.000000,1702.000000,1702.000000,658.000000,1703.000000,1703.000000,659.000000,1703.000000,1703.000000,659.000000,1.000000,4.997676,1.000000,1.000000,1.000000,0.000000,0.000000,0.000000,0.000000,0.000000,0.000000,0.000000,0.000000,0.000000,0.000000,0.000000
2.0,2026082701.000000,41.000000,7.000000,29.000000,10.000000,270.000000,1.000000,1.000000,2.000000,1703.000000,1703.000000,659.000000,1704.000000,1704.000000,660.000000,1704.000000,1704.000000,660.000000,1.000000,3.993603,1.000000,1.000000,1.000000,0.000000,0.000000,0.000000,0.000000,0.000000,0.000000,0.000000,0.000000,0.000000,0.000000,0.000000
2.0,2026082701.000000,41.000000,7.000000,29.000000,10.000000,270.000000,1.000000,1.000000,3.000000,1704.000000,1704.000000,660.000000,1705.000000,1705.000000,661.000000,1705.000000,1705.000000,661.000000,1.000000,3.794009,1.000000,1.000000,1.000000,0.000000,0.000000,0.000000,0.000000,0.000000,0.000000,0.000000,0.000000,0.000000,0.000000,0.000000
2.0,2026082701.000000,41.000000,7.000000,29.000000,10.000000,270.000000,1.000000,1.000000,4.000000,1705.000000,1705.000000,661.000000,1706.000000,1706.000000,662.000000,1706.000000,1706.000000,662.000000,1.000000,4.037311,1.000000,1.000000,1.000000,0.000000,0.000000,0.000000,0.000000,0.000000,0.000000,0.000000,0.000000,0.000000,0.000000,0.000000
2.0,2026082701.000000,41.000000,7.000000,29.000000,10.000000,270.000000,1.000000,2.000000,1.000000,1706.000000,1706.000000,662.000000,1707.000000,1707.000000,663.000000,1707.000000,1707.000000,663.000000,1.000000,4.999231,1.000000,1.000000,1.000000,0.000000,0.000000,0.000000,0.000000,0.000000,0.000000,0.000000,0.000000,0.000000,0.000000,0.000000
2.0,2026082701.000000,41.000000,7.000000,29.000000,10.000000,270.000000,1.000000,2.000000,2.000000,1707.000000,1707.000000,663.000000,1708.000000,1708.000000,664.000000,1708.000000,1708.000000,664.000000,1.000000,4.001432,1.000000,1.000000,1.000000,0.000000,0.000000,0.000000,0.000000,0.000000,0.000000,0.000000,0.000000,0.000000,0.000000,0.000000
2.0,2026082701.000000,41.000000,7.000000,29.000000,10.000000,270.000000,1.000000,2.000000,3.000000,1708.000000,1708.000000,664.000000,1709.000000,1709.000000,665.000000,1709.000000,1709.000000,665.000000,1.000000,3.917138,1.000000,1.000000,1.000000,0.000000,0.000000,0.000000,0.000000,0.000000,0.000000,0.000000,0.000000,0.000000,0.000000,0.000000
2.0,2026082701.000000,41.000000,7.000000,29.000000,10.000000,270.000000,1.000000,2.000000,4.000000,1709.000000,1709.000000,665.000000,1710.000000,1710.000000,666.000000,1710.000000,1710.000000,666.000000,1.000000,3.914862,1.000000,1.000000,1.000000,0.000000,0.000000,0.000000,0.000000,0.000000,0.000000,0.000000,0.000000,0.000000,0.000000,0.000000
2.0,2026082701.000000,41.000000,7.000000,30.000000,10.000000,0.000000,1.000000,1.000000,1.000000,1710.000000,1710.000000,666.000000,1711.000000,1711.000000,667.000000,1711.000000,1711.000000,667.000000,1.000000,4.996037,1.000000,1.000000,1.000000,0.000000,0.000000,0.000000,0.000000,0.000000,0.000000,0.000000,0.000000,0.000000,0.000000,0.000000
2.0,2026082701.000000,41.000000,7.000000,30.000000,10.000000,0.000000,1.000000,1.000000,2.000000,1711.000000,1711.000000,667.000000,1712.000000,1712.000000,668.000000,1712.000000,1712.000000,668.000000,1.000000,4.101370,1.000000,1.000000,1.000000,0.000000,0.000000,0.000000,0.000000,0.000000,0.000000,0.000000,0.000000,0.000000,0.000000,0.000000
2.0,2026082701.000000,41.000000,7.000000,30.000000,10.000000,0.000000,1.000000,1.000000,3.000000,1712.000000,1712.000000,668.000000,1713.000000,1713.000000,669.000000,1713.000000,1713.000000,669.000000,1.000000,3.837269,1.000000,1.000000,1.000000,0.000000,0.000000,0.000000,0.000000,0.000000,0.000000,0.000000,0.000000,0.000000,0.000000,0.000000
2.0,2026082701.000000,41.000000,7.000000,30.000000,10.000000,0.000000,1.000000,1.000000,4.000000,1713.000000,1713.000000,669.000000,1714.000000,1714.000000,670.000000,1714.000000,1714.000000,670.000000,1.000000,4.017638,1.000000,1.000000,1.000000,0.000000,0.000000,0.000000,0.000000,0.000000,0.000000,0.000000,0.000000,0.000000,0.000000,0.000000
2.0,2026082701.000000,41.000000,7.000000,30.000000,10.000000,0.000000,1.000000,2.000000,1.000000,1714.000000,1714.000000,670.000000,1715.000000,1715.000000,671.000000,1715.000000,1715.000000,671.000000,1.000000,4.998537,1.000000,1.000000,1.000000,0.000000,0.000000,0.000000,0.000000,0.000000,0.000000,0.000000,0.000000,0.000000,0.000000,0.000000
2.0,2026082701.000000,41.000000,7.000000,30.000000,10.000000,0.000000,1.000000,2.000000,2.000000,1715.000000,1715.000000,671.000000,1716.000000,1716.000000,672.000000,1716.000000,1716.000000,672.000000,1.000000,3.991370,1.000000,1.000000,1.000000,0.000000,0.000000,0.000000,0.000000,0.000000,0.000000,0.000000,0.000000,0.000000,0.000000,0.000000
2.0,2026082701.000000,41.000000,7.000000,30.000000,10.000000,0.000000,1.000000,2.000000,3.000000,1716.000000,1716.000000,672.000000,1717.000000,1717.000000,673.000000,1717.000000,1717.000000,673.000000,1.000000,3.925195,1.000000,1.000000,1.000000,0.000000,0.000000,0.000000,0.000000,0.000000,0.000000,0.000000,0.000000,0.000000,0.000000,0.000000
2.0,2026082701.000000,41.000000,7.000000,30.000000,10.000000,0.000000,1.000000,2.000000,4.000000,1717.000000,1717.000000,673.000000,1718.000000,1718.000000,674.000000,1718.000000,1718.000000,674.000000,1.000000,3.925138,1.000000,1.000000,1.000000,0.000000,0.000000,0.000000,0.000000,0.000000,0.000000,0.000000,0.000000,0.000000,0.000000,0.000000
2.0,2026082701.000000,41.000000,7.000000,31.000000,-10.000000,0.000000,1.000000,1.000000,1.000000,1718.000000,1718.000000,674.000000,1719.000000,1719.000000,675.000000,1719.000000,1719.000000,675.000000,1.000000,5.021866,1.000000,1.000000,1.000000,0.000000,0.000000,0.000000,0.000000,0.000000,0.000000,0.000000,0.000000,0.000000,0.000000,0.000000
2.0,2026082701.000000,41.000000,7.000000,31.000000,-10.000000,0.000000,1.000000,1.000000,2.000000,1719.000000,1719.000000,675.000000,1720.000000,1720.000000,676.000000,1720.000000,1720.000000,676.000000,1.000000,3.877127,1.000000,1.000000,1.000000,0.000000,0.000000,0.000000,0.000000,0.000000,0.000000,0.000000,0.000000,0.000000,0.000000,0.000000
2.0,2026082701.000000,41.000000,7.000000,31.000000,-10.000000,0.000000,1.000000,1.000000,3.000000,1720.000000,1720.000000,676.000000,1721.000000,1721.000000,677.000000,1721.000000,1721.000000,677.000000,1.000000,3.910138,1.000000,1.000000,1.000000,0.000000,0.000000,0.000000,0.000000,0.000000,0.000000,0.000000,0.000000,0.000000,0.000000,0.000000
2.0,2026082701.000000,41.000000,7.000000,31.000000,-10.000000,0.000000,1.000000,1.000000,4.000000,1721.000000,1721.000000,677.000000,1722.000000,1722.000000,678.000000,1722.000000,1722.000000,678.000000,1.000000,3.956028,1.000000,1.000000,1.000000,0.000000,0.000000,0.000000,0.000000,0.000000,0.000000,0.000000,0.000000,0.000000,0.000000,0.000000
2.0,2026082701.000000,41.000000,7.000000,31.000000,-10.000000,0.000000,1.000000,2.000000,1.000000,1722.000000,1722.000000,678.000000,1723.000000,1723.000000,679.000000,1723.000000,1723.000000,679.000000,1.000000,5.000199,1.000000,1.000000,1.000000,0.000000,0.000000,0.000000,0.000000,0.000000,0.000000,0.000000,0.000000,0.000000,0.000000,0.000000
2.0,2026082701.000000,41.000000,7.000000,31.000000,-10.000000,0.000000,1.000000,2.000000,2.000000,1723.000000,1723.000000,679.000000,1724.000000,1724.000000,680.000000,1724.000000,1724.000000,680.000000,1.000000,4.001244,1.000000,1.000000,1.000000,0.000000,0.000000,0.000000,0.000000,0.000000,0.000000,0.000000,0.000000,0.000000,0.000000,0.000000
2.0,2026082701.000000,41.000000,7.000000,31.000000,-10.000000,0.000000,1.000000,2.000000,3.000000,1724.000000,1724.000000,680.000000,1725.000000,1725.000000,681.000000,1725.000000,1725.000000,681.000000,1.000000,3.931805,1.000000,1.000000,1.000000,0.000000,0.000000,0.000000,0.000000,0.000000,0.000000,0.000000,0.000000,0.000000,0.000000,0.000000
2.0,2026082701.000000,41.000000,7.000000,31.000000,-10.000000,0.000000,1.000000,2.000000,4.000000,1725.000000,1725.000000,681.000000,1726.000000,1726.000000,682.000000,1726.000000,1726.000000,682.000000,1.000000,3.940607,1.000000,1.000000,1.000000,0.000000,0.000000,0.000000,0.000000,0.000000,0.000000,0.000000,0.000000,0.000000,0.000000,0.000000
2.0,2026082701.000000,41.000000,7.000000,32.000000,-10.000000,45.000000,1.000000,1.000000,1.000000,1726.000000,1726.000000,682.000000,1727.000000,1727.000000,683.000000,1727.000000,1727.000000,683.000000,1.000000,5.009505,1.000000,1.000000,1.000000,0.000000,0.000000,0.000000,0.000000,0.000000,0.000000,0.000000,0.000000,0.000000,0.000000,0.000000
2.0,2026082701.000000,41.000000,7.000000,32.000000,-10.000000,45.000000,1.000000,1.000000,2.000000,1727.000000,1727.000000,683.000000,1728.000000,1728.000000,684.000000,1728.000000,1728.000000,684.000000,1.000000,3.967279,1.000000,1.000000,1.000000,0.000000,0.000000,0.000000,0.000000,0.000000,0.000000,0.000000,0.000000,0.000000,0.000000,0.000000
2.0,2026082701.000000,41.000000,7.000000,32.000000,-10.000000,45.000000,1.000000,1.000000,3.000000,1728.000000,1728.000000,684.000000,1729.000000,1729.000000,685.000000,1729.000000,1729.000000,685.000000,1.000000,4.021661,1.000000,1.000000,1.000000,0.000000,0.000000,0.000000,0.000000,0.000000,0.000000,0.000000,0.000000,0.000000,0.000000,0.000000
2.0,2026082701.000000,41.000000,7.000000,32.000000,-10.000000,45.000000,1.000000,1.000000,4.000000,1729.000000,1729.000000,685.000000,1730.000000,1730.000000,686.000000,1730.000000,1730.000000,686.000000,1.000000,3.823384,1.000000,1.000000,1.000000,0.000000,0.000000,0.000000,0.000000,0.000000,0.000000,0.000000,0.000000,0.000000,0.000000,0.000000
2.0,2026082701.000000,41.000000,7.000000,32.000000,-10.000000,45.000000,1.000000,2.000000,1.000000,1730.000000,1730.000000,686.000000,1731.000000,1731.000000,687.000000,1731.000000,1731.000000,687.000000,1.000000,4.999371,1.000000,1.000000,1.000000,0.000000,0.000000,0.000000,0.000000,0.000000,0.000000,0.000000,0.000000,0.000000,0.000000,0.000000
2.0,2026082701.000000,41.000000,7.000000,32.000000,-10.000000,45.000000,1.000000,2.000000,2.000000,1731.000000,1731.000000,687.000000,1732.000000,1732.000000,688.000000,1732.000000,1732.000000,688.000000,1.000000,4.008946,1.000000,1.000000,1.000000,0.000000,0.000000,0.000000,0.000000,0.000000,0.000000,0.000000,0.000000,0.000000,0.000000,0.000000
2.0,2026082701.000000,41.000000,7.000000,32.000000,-10.000000,45.000000,1.000000,2.000000,3.000000,1732.000000,1732.000000,688.000000,1733.000000,1733.000000,689.000000,1733.000000,1733.000000,689.000000,1.000000,3.922073,1.000000,1.000000,1.000000,0.000000,0.000000,0.000000,0.000000,0.000000,0.000000,0.000000,0.000000,0.000000,0.000000,0.000000
2.0,2026082701.000000,41.000000,7.000000,32.000000,-10.000000,45.000000,1.000000,2.000000,4.000000,1733.000000,1733.000000,689.000000,1734.000000,1734.000000,690.000000,1734.000000,1734.000000,690.000000,1.000000,3.910051,1.000000,1.000000,1.000000,0.000000,0.000000,0.000000,0.000000,0.000000,0.000000,0.000000,0.000000,0.000000,0.000000,0.000000
2.0,2026082701.000000,41.000000,7.000000,33.000000,-10.000000,90.000000,1.000000,1.000000,1.000000,1734.000000,1734.000000,690.000000,1735.000000,1735.000000,691.000000,1735.000000,1735.000000,691.000000,1.000000,5.006838,1.000000,1.000000,1.000000,0.000000,0.000000,0.000000,0.000000,0.000000,0.000000,0.000000,0.000000,0.000000,0.000000,0.000000
2.0,2026082701.000000,41.000000,7.000000,33.000000,-10.000000,90.000000,1.000000,1.000000,2.000000,1735.000000,1735.000000,691.000000,1736.000000,1736.000000,692.000000,1736.000000,1736.000000,692.000000,1.000000,3.993901,1.000000,1.000000,1.000000,0.000000,0.000000,0.000000,0.000000,0.000000,0.000000,0.000000,0.000000,0.000000,0.000000,0.000000
2.0,2026082701.000000,41.000000,7.000000,33.000000,-10.000000,90.000000,1.000000,1.000000,3.000000,1736.000000,1736.000000,692.000000,1737.000000,1737.000000,693.000000,1737.000000,1737.000000,693.000000,1.000000,4.005548,1.000000,1.000000,1.000000,0.000000,0.000000,0.000000,0.000000,0.000000,0.000000,0.000000,0.000000,0.000000,0.000000,0.000000
2.0,2026082701.000000,41.000000,7.000000,33.000000,-10.000000,90.000000,1.000000,1.000000,4.000000,1737.000000,1737.000000,693.000000,1738.000000,1738.000000,694.000000,1738.000000,1738.000000,694.000000,1.000000,3.933940,1.000000,1.000000,1.000000,0.000000,0.000000,0.000000,0.000000,0.000000,0.000000,0.000000,0.000000,0.000000,0.000000,0.000000
2.0,2026082701.000000,41.000000,7.000000,33.000000,-10.000000,90.000000,1.000000,2.000000,1.000000,1738.000000,1738.000000,694.000000,1739.000000,1739.000000,695.000000,1739.000000,1739.000000,695.000000,1.000000,4.998560,1.000000,1.000000,1.000000,0.000000,0.000000,0.000000,0.000000,0.000000,0.000000,0.000000,0.000000,0.000000,0.000000,0.000000
2.0,2026082701.000000,41.000000,7.000000,33.000000,-10.000000,90.000000,1.000000,2.000000,2.000000,1739.000000,1739.000000,695.000000,1740.000000,1740.000000,696.000000,1740.000000,1740.000000,696.000000,1.000000,3.988901,1.000000,1.000000,1.000000,0.000000,0.000000,0.000000,0.000000,0.000000,0.000000,0.000000,0.000000,0.000000,0.000000,0.000000
2.0,2026082701.000000,41.000000,7.000000,33.000000,-10.000000,90.000000,1.000000,2.000000,3.000000,1740.000000,1740.000000,696.000000,1741.000000,1741.000000,697.000000,1741.000000,1741.000000,697.000000,1.000000,3.957216,1.000000,1.000000,1.000000,0.000000,0.000000,0.000000,0.000000,0.000000,0.000000,0.000000,0.000000,0.000000,0.000000,0.000000
2.0,2026082701.000000,41.000000,7.000000,33.000000,-10.000000,90.000000,1.000000,2.000000,4.000000,1741.000000,1741.000000,697.000000,1742.000000,1742.000000,698.000000,1742.000000,1742.000000,698.000000,1.000000,3.980195,1.000000,1.000000,1.000000,0.000000,0.000000,0.000000,0.000000,0.000000,0.000000,0.000000,0.000000,0.000000,0.000000,0.000000
2.0,2026082701.000000,41.000000,7.000000,34.000000,-10.000000,180.000000,1.000000,1.000000,1.000000,1742.000000,1742.000000,698.000000,1743.000000,1743.000000,699.000000,1743.000000,1743.000000,699.000000,1.000000,4.996898,1.000000,1.000000,1.000000,0.000000,0.000000,0.000000,0.000000,0.000000,0.000000,0.000000,0.000000,0.000000,0.000000,0.000000
2.0,2026082701.000000,41.000000,7.000000,34.000000,-10.000000,180.000000,1.000000,1.000000,2.000000,1743.000000,1743.000000,699.000000,1744.000000,1744.000000,700.000000,1744.000000,1744.000000,700.000000,1.000000,3.967235,1.000000,1.000000,1.000000,0.000000,0.000000,0.000000,0.000000,0.000000,0.000000,0.000000,0.000000,0.000000,0.000000,0.000000
2.0,2026082701.000000,41.000000,7.000000,34.000000,-10.000000,180.000000,1.000000,1.000000,3.000000,1744.000000,1744.000000,700.000000,1745.000000,1745.000000,701.000000,1745.000000,1745.000000,701.000000,1.000000,3.985962,1.000000,1.000000,1.000000,0.000000,0.000000,0.000000,0.000000,0.000000,0.000000,0.000000,0.000000,0.000000,0.000000,0.000000
2.0,2026082701.000000,41.000000,7.000000,34.000000,-10.000000,180.000000,1.000000,1.000000,4.000000,1745.000000,1745.000000,701.000000,1746.000000,1746.000000,702.000000,1746.000000,1746.000000,702.000000,1.000000,3.895204,1.000000,1.000000,1.000000,0.000000,0.000000,0.000000,0.000000,0.000000,0.000000,0.000000,0.000000,0.000000,0.000000,0.000000
2.0,2026082701.000000,41.000000,7.000000,34.000000,-10.000000,180.000000,1.000000,2.000000,1.000000,1746.000000,1746.000000,702.000000,1747.000000,1747.000000,703.000000,1747.000000,1747.000000,703.000000,1.000000,4.998615,1.000000,1.000000,1.000000,0.000000,0.000000,0.000000,0.000000,0.000000,0.000000,0.000000,0.000000,0.000000,0.000000,0.000000
2.0,2026082701.000000,41.000000,7.000000,34.000000,-10.000000,180.000000,1.000000,2.000000,2.000000,1747.000000,1747.000000,703.000000,1748.000000,1748.000000,704.000000,1748.000000,1748.000000,704.000000,1.000000,3.990821,1.000000,1.000000,1.000000,0.000000,0.000000,0.000000,0.000000,0.000000,0.000000,0.000000,0.000000,0.000000,0.000000,0.000000
2.0,2026082701.000000,41.000000,7.000000,34.000000,-10.000000,180.000000,1.000000,2.000000,3.000000,1748.000000,1748.000000,704.000000,1749.000000,1749.000000,705.000000,1749.000000,1749.000000,705.000000,1.000000,3.940981,1.000000,1.000000,1.000000,0.000000,0.000000,0.000000,0.000000,0.000000,0.000000,0.000000,0.000000,0.000000,0.000000,0.000000
2.0,2026082701.000000,41.000000,7.000000,34.000000,-10.000000,180.000000,1.000000,2.000000,4.000000,1749.000000,1749.000000,705.000000,1750.000000,1750.000000,706.000000,1750.000000,1750.000000,706.000000,1.000000,3.933538,1.000000,1.000000,1.000000,0.000000,0.000000,0.000000,0.000000,0.000000,0.000000,0.000000,0.000000,0.000000,0.000000,0.000000
2.0,2026082701.000000,41.000000,7.000000,35.000000,-10.000000,225.000000,1.000000,1.000000,1.000000,1750.000000,1750.000000,706.000000,1751.000000,1751.000000,707.000000,1751.000000,1751.000000,707.000000,1.000000,5.021921,1.000000,1.000000,1.000000,0.000000,0.000000,0.000000,0.000000,0.000000,0.000000,0.000000,0.000000,0.000000,0.000000,0.000000
2.0,2026082701.000000,41.000000,7.000000,35.000000,-10.000000,225.000000,1.000000,1.000000,2.000000,1751.000000,1751.000000,707.000000,1752.000000,1752.000000,708.000000,1752.000000,1752.000000,708.000000,1.000000,3.959057,1.000000,1.000000,1.000000,0.000000,0.000000,0.000000,0.000000,0.000000,0.000000,0.000000,0.000000,0.000000,0.000000,0.000000
2.0,2026082701.000000,41.000000,7.000000,35.000000,-10.000000,225.000000,1.000000,1.000000,3.000000,1752.000000,1752.000000,708.000000,1753.000000,1753.000000,709.000000,1753.000000,1753.000000,709.000000,1.000000,3.972494,1.000000,1.000000,1.000000,0.000000,0.000000,0.000000,0.000000,0.000000,0.000000,0.000000,0.000000,0.000000,0.000000,0.000000
2.0,2026082701.000000,41.000000,7.000000,35.000000,-10.000000,225.000000,1.000000,1.000000,4.000000,1753.000000,1753.000000,709.000000,1754.000000,1754.000000,710.000000,1754.000000,1754.000000,710.000000,1.000000,3.900060,1.000000,1.000000,1.000000,0.000000,0.000000,0.000000,0.000000,0.000000,0.000000,0.000000,0.000000,0.000000,0.000000,0.000000
2.0,2026082701.000000,41.000000,7.000000,35.000000,-10.000000,225.000000,1.000000,2.000000,1.000000,1754.000000,1754.000000,710.000000,1755.000000,1755.000000,711.000000,1755.000000,1755.000000,711.000000,1.000000,4.998477,1.000000,1.000000,1.000000,0.000000,0.000000,0.000000,0.000000,0.000000,0.000000,0.000000,0.000000,0.000000,0.000000,0.000000
2.0,2026082701.000000,41.000000,7.000000,35.000000,-10.000000,225.000000,1.000000,2.000000,2.000000,1755.000000,1755.000000,711.000000,1756.000000,1756.000000,712.000000,1757.000000,1757.000000,712.000000,1.000000,3.994261,1.000000,1.000000,1.000000,1.000000,1.000000,0.000000,1.000000,1.000000,1.000000,15.000000,0.000000,0.000000,0.000000,0.000000
2.0,2026082701.000000,41.000000,7.000000,35.000000,-10.000000,225.000000,1.000000,2.000000,3.000000,1757.000000,1757.000000,712.000000,1758.000000,1758.000000,713.000000,1758.000000,1758.000000,713.000000,1.000000,3.938328,1.000000,1.000000,1.000000,0.000000,0.000000,0.000000,0.000000,0.000000,0.000000,0.000000,0.000000,0.000000,0.000000,0.000000
2.0,2026082701.000000,41.000000,7.000000,35.000000,-10.000000,225.000000,1.000000,2.000000,4.000000,1758.000000,1758.000000,713.000000,1759.000000,1759.000000,714.000000,1759.000000,1759.000000,714.000000,1.000000,3.935042,1.000000,1.000000,1.000000,0.000000,0.000000,0.000000,0.000000,0.000000,0.000000,0.000000,0.000000,0.000000,0.000000,0.000000
2.0,2026082701.000000,41.000000,7.000000,36.000000,-10.000000,270.000000,1.000000,1.000000,1.000000,1759.000000,1759.000000,714.000000,1760.000000,1760.000000,715.000000,1760.000000,1760.000000,715.000000,1.000000,5.007948,1.000000,1.000000,1.000000,0.000000,0.000000,0.000000,0.000000,0.000000,0.000000,0.000000,0.000000,0.000000,0.000000,0.000000
2.0,2026082701.000000,41.000000,7.000000,36.000000,-10.000000,270.000000,1.000000,1.000000,2.000000,1760.000000,1760.000000,715.000000,1761.000000,1761.000000,716.000000,1762.000000,1762.000000,716.000000,1.000000,3.959984,1.000000,1.000000,1.000000,1.000000,1.000000,0.000000,1.000000,1.000000,1.000000,15.000000,0.000000,0.000000,0.000000,0.000000
2.0,2026082701.000000,41.000000,7.000000,36.000000,-10.000000,270.000000,1.000000,1.000000,3.000000,1762.000000,1762.000000,716.000000,1763.000000,1763.000000,717.000000,1763.000000,1763.000000,717.000000,1.000000,3.820971,1.000000,1.000000,1.000000,0.000000,0.000000,0.000000,0.000000,0.000000,0.000000,0.000000,0.000000,0.000000,0.000000,0.000000
2.0,2026082701.000000,41.000000,7.000000,36.000000,-10.000000,270.000000,1.000000,1.000000,4.000000,1763.000000,1763.000000,717.000000,1764.000000,1764.000000,718.000000,1764.000000,1764.000000,718.000000,1.000000,4.016912,1.000000,1.000000,1.000000,0.000000,0.000000,0.000000,0.000000,0.000000,0.000000,0.000000,0.000000,0.000000,0.000000,0.000000
2.0,2026082701.000000,41.000000,7.000000,36.000000,-10.000000,270.000000,1.000000,2.000000,1.000000,1764.000000,1764.000000,718.000000,1765.000000,1765.000000,719.000000,1765.000000,1765.000000,719.000000,1.000000,4.996672,1.000000,1.000000,1.000000,0.000000,0.000000,0.000000,0.000000,0.000000,0.000000,0.000000,0.000000,0.000000,0.000000,0.000000
2.0,2026082701.000000,41.000000,7.000000,36.000000,-10.000000,270.000000,1.000000,2.000000,2.000000,1765.000000,1765.000000,719.000000,1766.000000,1766.000000,720.000000,1766.000000,1766.000000,720.000000,1.000000,3.997123,1.000000,1.000000,1.000000,0.000000,0.000000,0.000000,0.000000,0.000000,0.000000,0.000000,0.000000,0.000000,0.000000,0.000000
2.0,2026082701.000000,41.000000,7.000000,36.000000,-10.000000,270.000000,1.000000,2.000000,3.000000,1766.000000,1766.000000,720.000000,1767.000000,1767.000000,721.000000,1767.000000,1767.000000,721.000000,1.000000,3.924676,1.000000,1.000000,1.000000,0.000000,0.000000,0.000000,0.000000,0.000000,0.000000,0.000000,0.000000,0.000000,0.000000,0.000000
2.0,2026082701.000000,41.000000,7.000000,36.000000,-10.000000,270.000000,1.000000,2.000000,4.000000,1767.000000,1767.000000,721.000000,1768.000000,1768.000000,722.000000,1768.000000,1768.000000,722.000000,1.000000,3.916812,1.000000,1.000000,1.000000,0.000000,0.000000,0.000000,0.000000,0.000000,0.000000,0.000000,0.000000,0.000000,0.000000,0.000000
2.0,2026082701.000000,41.000000,7.000000,37.000000,-10.000000,0.000000,1.000000,1.000000,1.000000,1768.000000,1768.000000,722.000000,1769.000000,1769.000000,723.000000,1769.000000,1769.000000,723.000000,1.000000,5.032727,1.000000,1.000000,1.000000,0.000000,0.000000,0.000000,0.000000,0.000000,0.000000,0.000000,0.000000,0.000000,0.000000,0.000000
2.0,2026082701.000000,41.000000,7.000000,37.000000,-10.000000,0.000000,1.000000,1.000000,2.000000,1769.000000,1769.000000,723.000000,1770.000000,1770.000000,724.000000,1770.000000,1770.000000,724.000000,1.000000,3.788744,1.000000,1.000000,1.000000,0.000000,0.000000,0.000000,0.000000,0.000000,0.000000,0.000000,0.000000,0.000000,0.000000,0.000000
2.0,2026082701.000000,41.000000,7.000000,37.000000,-10.000000,0.000000,1.000000,1.000000,3.000000,1770.000000,1770.000000,724.000000,1771.000000,1771.000000,725.000000,1771.000000,1771.000000,725.000000,1.000000,3.970138,1.000000,1.000000,1.000000,0.000000,0.000000,0.000000,0.000000,0.000000,0.000000,0.000000,0.000000,0.000000,0.000000,0.000000
2.0,2026082701.000000,41.000000,7.000000,37.000000,-10.000000,0.000000,1.000000,1.000000,4.000000,1771.000000,1771.000000,725.000000,1772.000000,1772.000000,726.000000,1772.000000,1772.000000,726.000000,1.000000,3.896028,1.000000,1.000000,1.000000,0.000000,0.000000,0.000000,0.000000,0.000000,0.000000,0.000000,0.000000,0.000000,0.000000,0.000000
2.0,2026082701.000000,41.000000,7.000000,37.000000,-10.000000,0.000000,1.000000,2.000000,1.000000,1772.000000,1772.000000,726.000000,1773.000000,1773.000000,727.000000,1773.000000,1773.000000,727.000000,1.000000,5.003532,1.000000,1.000000,1.000000,0.000000,0.000000,0.000000,0.000000,0.000000,0.000000,0.000000,0.000000,0.000000,0.000000,0.000000
2.0,2026082701.000000,41.000000,7.000000,37.000000,-10.000000,0.000000,1.000000,2.000000,2.000000,1773.000000,1773.000000,727.000000,1774.000000,1774.000000,728.000000,1774.000000,1774.000000,728.000000,1.000000,4.018744,1.000000,1.000000,1.000000,0.000000,0.000000,0.000000,0.000000,0.000000,0.000000,0.000000,0.000000,0.000000,0.000000,0.000000
2.0,2026082701.000000,41.000000,7.000000,37.000000,-10.000000,0.000000,1.000000,2.000000,3.000000,1774.000000,1774.000000,728.000000,1775.000000,1775.000000,729.000000,1775.000000,1775.000000,729.000000,1.000000,3.937226,1.000000,1.000000,1.000000,0.000000,0.000000,0.000000,0.000000,0.000000,0.000000,0.000000,0.000000,0.000000,0.000000,0.000000
2.0,2026082701.000000,41.000000,7.000000,37.000000,-10.000000,0.000000,1.000000,2.000000,4.000000,1775.000000,1775.000000,729.000000,1776.000000,1776.000000,730.000000,1776.000000,1776.000000,730.000000,1.000000,3.926862,1.000000,1.000000,1.000000,0.000000,0.000000,0.000000,0.000000,0.000000,0.000000,0.000000,0.000000,0.000000,0.000000,0.000000
2.0,2026082701.000000,41.000000,7.000000,38.000000,15.000000,0.000000,1.000000,1.000000,1.000000,1776.000000,1776.000000,730.000000,1777.000000,1777.000000,731.000000,1777.000000,1777.000000,731.000000,1.000000,4.996081,1.000000,1.000000,1.000000,0.000000,0.000000,0.000000,0.000000,0.000000,0.000000,0.000000,0.000000,0.000000,0.000000,0.000000
2.0,2026082701.000000,41.000000,7.000000,38.000000,15.000000,0.000000,1.000000,1.000000,2.000000,1777.000000,1777.000000,731.000000,1778.000000,1778.000000,732.000000,1778.000000,1778.000000,732.000000,1.000000,3.928610,1.000000,1.000000,1.000000,0.000000,0.000000,0.000000,0.000000,0.000000,0.000000,0.000000,0.000000,0.000000,0.000000,0.000000
2.0,2026082701.000000,41.000000,7.000000,38.000000,15.000000,0.000000,1.000000,1.000000,3.000000,1778.000000,1778.000000,732.000000,1779.000000,1779.000000,733.000000,1779.000000,1779.000000,733.000000,1.000000,3.934573,1.000000,1.000000,1.000000,0.000000,0.000000,0.000000,0.000000,0.000000,0.000000,0.000000,0.000000,0.000000,0.000000,0.000000
2.0,2026082701.000000,41.000000,7.000000,38.000000,15.000000,0.000000,1.000000,1.000000,4.000000,1779.000000,1779.000000,733.000000,1780.000000,1780.000000,734.000000,1780.000000,1780.000000,734.000000,1.000000,3.915123,1.000000,1.000000,1.000000,0.000000,0.000000,0.000000,0.000000,0.000000,0.000000,0.000000,0.000000,0.000000,0.000000,0.000000
2.0,2026082701.000000,41.000000,7.000000,38.000000,15.000000,0.000000,1.000000,2.000000,1.000000,1780.000000,1780.000000,734.000000,1781.000000,1781.000000,735.000000,1781.000000,1781.000000,735.000000,1.000000,4.995251,1.000000,1.000000,1.000000,0.000000,0.000000,0.000000,0.000000,0.000000,0.000000,0.000000,0.000000,0.000000,0.000000,0.000000
2.0,2026082701.000000,41.000000,7.000000,38.000000,15.000000,0.000000,1.000000,2.000000,2.000000,1781.000000,1781.000000,735.000000,1782.000000,1782.000000,736.000000,1782.000000,1782.000000,736.000000,1.000000,4.006992,1.000000,1.000000,1.000000,0.000000,0.000000,0.000000,0.000000,0.000000,0.000000,0.000000,0.000000,0.000000,0.000000,0.000000
2.0,2026082701.000000,41.000000,7.000000,38.000000,15.000000,0.000000,1.000000,2.000000,3.000000,1782.000000,1782.000000,736.000000,1783.000000,1783.000000,737.000000,1783.000000,1783.000000,737.000000,1.000000,3.921044,1.000000,1.000000,1.000000,0.000000,0.000000,0.000000,0.000000,0.000000,0.000000,0.000000,0.000000,0.000000,0.000000,0.000000
2.0,2026082701.000000,41.000000,7.000000,38.000000,15.000000,0.000000,1.000000,2.000000,4.000000,1783.000000,1783.000000,737.000000,1784.000000,1784.000000,738.000000,1784.000000,1784.000000,738.000000,1.000000,3.912623,1.000000,1.000000,1.000000,0.000000,0.000000,0.000000,0.000000,0.000000,0.000000,0.000000,0.000000,0.000000,0.000000,0.000000
2.0,2026082701.000000,41.000000,7.000000,39.000000,15.000000,45.000000,1.000000,1.000000,1.000000,1784.000000,1784.000000,738.000000,1785.000000,1785.000000,739.000000,1785.000000,1785.000000,739.000000,1.000000,5.011997,1.000000,1.000000,1.000000,0.000000,0.000000,0.000000,0.000000,0.000000,0.000000,0.000000,0.000000,0.000000,0.000000,0.000000
2.0,2026082701.000000,41.000000,7.000000,39.000000,15.000000,45.000000,1.000000,1.000000,2.000000,1785.000000,1785.000000,739.000000,1786.000000,1786.000000,740.000000,1786.000000,1786.000000,740.000000,1.000000,3.983172,1.000000,1.000000,1.000000,0.000000,0.000000,0.000000,0.000000,0.000000,0.000000,0.000000,0.000000,0.000000,0.000000,0.000000
2.0,2026082701.000000,41.000000,7.000000,39.000000,15.000000,45.000000,1.000000,1.000000,3.000000,1786.000000,1786.000000,740.000000,1787.000000,1787.000000,741.000000,1787.000000,1787.000000,741.000000,1.000000,3.919233,1.000000,1.000000,1.000000,0.000000,0.000000,0.000000,0.000000,0.000000,0.000000,0.000000,0.000000,0.000000,0.000000,0.000000
2.0,2026082701.000000,41.000000,7.000000,39.000000,15.000000,45.000000,1.000000,1.000000,4.000000,1787.000000,1787.000000,741.000000,1788.000000,1788.000000,742.000000,1788.000000,1788.000000,742.000000,1.000000,3.913950,1.000000,1.000000,1.000000,0.000000,0.000000,0.000000,0.000000,0.000000,0.000000,0.000000,0.000000,0.000000,0.000000,0.000000
2.0,2026082701.000000,41.000000,7.000000,39.000000,15.000000,45.000000,1.000000,2.000000,1.000000,1788.000000,1788.000000,742.000000,1789.000000,1789.000000,743.000000,1789.000000,1789.000000,743.000000,1.000000,4.996122,1.000000,1.000000,1.000000,0.000000,0.000000,0.000000,0.000000,0.000000,0.000000,0.000000,0.000000,0.000000,0.000000,0.000000
2.0,2026082701.000000,41.000000,7.000000,39.000000,15.000000,45.000000,1.000000,2.000000,2.000000,1789.000000,1789.000000,743.000000,1790.000000,1790.000000,744.000000,1790.000000,1790.000000,744.000000,1.000000,4.002802,1.000000,1.000000,1.000000,0.000000,0.000000,0.000000,0.000000,0.000000,0.000000,0.000000,0.000000,0.000000,0.000000,0.000000
2.0,2026082701.000000,41.000000,7.000000,39.000000,15.000000,45.000000,1.000000,2.000000,3.000000,1790.000000,1790.000000,744.000000,1791.000000,1791.000000,745.000000,1791.000000,1791.000000,745.000000,1.000000,3.916538,1.000000,1.000000,1.000000,0.000000,0.000000,0.000000,0.000000,0.000000,0.000000,0.000000,0.000000,0.000000,0.000000,0.000000
2.0,2026082701.000000,41.000000,7.000000,39.000000,15.000000,45.000000,1.000000,2.000000,4.000000,1791.000000,1791.000000,745.000000,1792.000000,1792.000000,746.000000,1792.000000,1792.000000,746.000000,1.000000,3.915174,1.000000,1.000000,1.000000,0.000000,0.000000,0.000000,0.000000,0.000000,0.000000,0.000000,0.000000,0.000000,0.000000,0.000000
2.0,2026082701.000000,41.000000,7.000000,40.000000,15.000000,90.000000,1.000000,1.000000,1.000000,1792.000000,1792.000000,746.000000,1793.000000,1793.000000,747.000000,1793.000000,1793.000000,747.000000,1.000000,4.988668,1.000000,1.000000,1.000000,0.000000,0.000000,0.000000,0.000000,0.000000,0.000000,0.000000,0.000000,0.000000,0.000000,0.000000
2.0,2026082701.000000,41.000000,7.000000,40.000000,15.000000,90.000000,1.000000,1.000000,2.000000,1793.000000,1793.000000,747.000000,1794.000000,1794.000000,748.000000,1794.000000,1794.000000,748.000000,1.000000,3.976160,1.000000,1.000000,1.000000,0.000000,0.000000,0.000000,0.000000,0.000000,0.000000,0.000000,0.000000,0.000000,0.000000,0.000000
2.0,2026082701.000000,41.000000,7.000000,40.000000,15.000000,90.000000,1.000000,1.000000,3.000000,1794.000000,1794.000000,748.000000,1795.000000,1795.000000,749.000000,1795.000000,1795.000000,749.000000,1.000000,3.975015,1.000000,1.000000,1.000000,0.000000,0.000000,0.000000,0.000000,0.000000,0.000000,0.000000,0.000000,0.000000,0.000000,0.000000
2.0,2026082701.000000,41.000000,7.000000,40.000000,15.000000,90.000000,1.000000,1.000000,4.000000,1795.000000,1795.000000,749.000000,1796.000000,1796.000000,750.000000,1796.000000,1796.000000,750.000000,1.000000,3.938652,1.000000,1.000000,1.000000,0.000000,0.000000,0.000000,0.000000,0.000000,0.000000,0.000000,0.000000,0.000000,0.000000,0.000000
2.0,2026082701.000000,41.000000,7.000000,40.000000,15.000000,90.000000,1.000000,2.000000,1.000000,1796.000000,1796.000000,750.000000,1797.000000,1797.000000,751.000000,1797.000000,1797.000000,751.000000,1.000000,5.001039,1.000000,1.000000,1.000000,0.000000,0.000000,0.000000,0.000000,0.000000,0.000000,0.000000,0.000000,0.000000,0.000000,0.000000
2.0,2026082701.000000,41.000000,7.000000,40.000000,15.000000,90.000000,1.000000,2.000000,2.000000,1797.000000,1797.000000,751.000000,1798.000000,1798.000000,752.000000,1798.000000,1798.000000,752.000000,1.000000,3.999339,1.000000,1.000000,1.000000,0.000000,0.000000,0.000000,0.000000,0.000000,0.000000,0.000000,0.000000,0.000000,0.000000,0.000000
2.0,2026082701.000000,41.000000,7.000000,40.000000,15.000000,90.000000,1.000000,2.000000,3.000000,1798.000000,1798.000000,752.000000,1799.000000,1799.000000,753.000000,1799.000000,1799.000000,753.000000,1.000000,3.958543,1.000000,1.000000,1.000000,0.000000,0.000000,0.000000,0.000000,0.000000,0.000000,0.000000,0.000000,0.000000,0.000000,0.000000
2.0,2026082701.000000,41.000000,7.000000,40.000000,15.000000,90.000000,1.000000,2.000000,4.000000,1799.000000,1799.000000,753.000000,1800.000000,1800.000000,754.000000,1800.000000,1800.000000,754.000000,1.000000,3.952818,1.000000,1.000000,1.000000,0.000000,0.000000,0.000000,0.000000,0.000000,0.000000,0.000000,0.000000,0.000000,0.000000,0.000000
2.0,2026082701.000000,41.000000,7.000000,41.000000,15.000000,180.000000,1.000000,1.000000,1.000000,1800.000000,1800.000000,754.000000,1801.000000,1801.000000,755.000000,1801.000000,1801.000000,755.000000,1.000000,4.986163,1.000000,1.000000,1.000000,0.000000,0.000000,0.000000,0.000000,0.000000,0.000000,0.000000,0.000000,0.000000,0.000000,0.000000
2.0,2026082701.000000,41.000000,7.000000,41.000000,15.000000,180.000000,1.000000,1.000000,2.000000,1801.000000,1801.000000,755.000000,1802.000000,1802.000000,756.000000,1802.000000,1802.000000,756.000000,1.000000,3.992517,1.000000,1.000000,1.000000,0.000000,0.000000,0.000000,0.000000,0.000000,0.000000,0.000000,0.000000,0.000000,0.000000,0.000000
2.0,2026082701.000000,41.000000,7.000000,41.000000,15.000000,180.000000,1.000000,1.000000,3.000000,1802.000000,1802.000000,756.000000,1803.000000,1803.000000,757.000000,1803.000000,1803.000000,757.000000,1.000000,3.878984,1.000000,1.000000,1.000000,0.000000,0.000000,0.000000,0.000000,0.000000,0.000000,0.000000,0.000000,0.000000,0.000000,0.000000
2.0,2026082701.000000,41.000000,7.000000,41.000000,15.000000,180.000000,1.000000,1.000000,4.000000,1803.000000,1803.000000,757.000000,1804.000000,1804.000000,758.000000,1804.000000,1804.000000,758.000000,1.000000,3.980565,1.000000,1.000000,1.000000,0.000000,0.000000,0.000000,0.000000,0.000000,0.000000,0.000000,0.000000,0.000000,0.000000,0.000000
2.0,2026082701.000000,41.000000,7.000000,41.000000,15.000000,180.000000,1.000000,2.000000,1.000000,1804.000000,1804.000000,758.000000,1805.000000,1805.000000,759.000000,1805.000000,1805.000000,759.000000,1.000000,5.001126,1.000000,1.000000,1.000000,0.000000,0.000000,0.000000,0.000000,0.000000,0.000000,0.000000,0.000000,0.000000,0.000000,0.000000
2.0,2026082701.000000,41.000000,7.000000,41.000000,15.000000,180.000000,1.000000,2.000000,2.000000,1805.000000,1805.000000,759.000000,1806.000000,1806.000000,760.000000,1806.000000,1806.000000,760.000000,1.000000,3.992455,1.000000,1.000000,1.000000,0.000000,0.000000,0.000000,0.000000,0.000000,0.000000,0.000000,0.000000,0.000000,0.000000,0.000000
2.0,2026082701.000000,41.000000,7.000000,41.000000,15.000000,180.000000,1.000000,2.000000,3.000000,1806.000000,1806.000000,760.000000,1807.000000,1807.000000,761.000000,1807.000000,1807.000000,761.000000,1.000000,3.928935,1.000000,1.000000,1.000000,0.000000,0.000000,0.000000,0.000000,0.000000,0.000000,0.000000,0.000000,0.000000,0.000000,0.000000
2.0,2026082701.000000,41.000000,7.000000,41.000000,15.000000,180.000000,1.000000,2.000000,4.000000,1807.000000,1807.000000,761.000000,1808.000000,1808.000000,762.000000,1808.000000,1808.000000,762.000000,1.000000,3.939094,1.000000,1.000000,1.000000,0.000000,0.000000,0.000000,0.000000,0.000000,0.000000,0.000000,0.000000,0.000000,0.000000,0.000000
2.0,2026082701.000000,41.000000,7.000000,42.000000,15.000000,225.000000,1.000000,1.000000,1.000000,1808.000000,1808.000000,762.000000,1809.000000,1809.000000,763.000000,1809.000000,1809.000000,763.000000,1.000000,5.051791,1.000000,1.000000,1.000000,0.000000,0.000000,0.000000,0.000000,0.000000,0.000000,0.000000,0.000000,0.000000,0.000000,0.000000
2.0,2026082701.000000,41.000000,7.000000,42.000000,15.000000,225.000000,1.000000,1.000000,2.000000,1809.000000,1809.000000,763.000000,1810.000000,1810.000000,764.000000,1810.000000,1810.000000,764.000000,1.000000,3.898850,1.000000,1.000000,1.000000,0.000000,0.000000,0.000000,0.000000,0.000000,0.000000,0.000000,0.000000,0.000000,0.000000,0.000000
2.0,2026082701.000000,41.000000,7.000000,42.000000,15.000000,225.000000,1.000000,1.000000,3.000000,1810.000000,1810.000000,764.000000,1811.000000,1811.000000,765.000000,1811.000000,1811.000000,765.000000,1.000000,3.922515,1.000000,1.000000,1.000000,0.000000,0.000000,0.000000,0.000000,0.000000,0.000000,0.000000,0.000000,0.000000,0.000000,0.000000
2.0,2026082701.000000,41.000000,7.000000,42.000000,15.000000,225.000000,1.000000,1.000000,4.000000,1811.000000,1811.000000,765.000000,1812.000000,1812.000000,766.000000,1812.000000,1812.000000,766.000000,1.000000,3.883065,1.000000,1.000000,1.000000,0.000000,0.000000,0.000000,0.000000,0.000000,0.000000,0.000000,0.000000,0.000000,0.000000,0.000000
2.0,2026082701.000000,41.000000,7.000000,42.000000,15.000000,225.000000,1.000000,2.000000,1.000000,1812.000000,1812.000000,766.000000,1813.000000,1813.000000,767.000000,1813.000000,1813.000000,767.000000,1.000000,5.000207,1.000000,1.000000,1.000000,0.000000,0.000000,0.000000,0.000000,0.000000,0.000000,0.000000,0.000000,0.000000,0.000000,0.000000
2.0,2026082701.000000,41.000000,7.000000,42.000000,15.000000,225.000000,1.000000,2.000000,2.000000,1813.000000,1813.000000,767.000000,1814.000000,1814.000000,768.000000,1814.000000,1814.000000,768.000000,1.000000,3.989098,1.000000,1.000000,1.000000,0.000000,0.000000,0.000000,0.000000,0.000000,0.000000,0.000000,0.000000,0.000000,0.000000,0.000000
2.0,2026082701.000000,41.000000,7.000000,42.000000,15.000000,225.000000,1.000000,2.000000,3.000000,1814.000000,1814.000000,768.000000,1815.000000,1815.000000,769.000000,1815.000000,1815.000000,769.000000,1.000000,3.892124,1.000000,1.000000,1.000000,0.000000,0.000000,0.000000,0.000000,0.000000,0.000000,0.000000,0.000000,0.000000,0.000000,0.000000
2.0,2026082701.000000,41.000000,7.000000,42.000000,15.000000,225.000000,1.000000,2.000000,4.000000,1815.000000,1815.000000,769.000000,1816.000000,1816.000000,770.000000,1816.000000,1816.000000,770.000000,1.000000,3.905226,1.000000,1.000000,1.000000,0.000000,0.000000,0.000000,0.000000,0.000000,0.000000,0.000000,0.000000,0.000000,0.000000,0.000000
2.0,2026082701.000000,41.000000,7.000000,43.000000,15.000000,270.000000,1.000000,1.000000,1.000000,1816.000000,1816.000000,770.000000,1817.000000,1817.000000,771.000000,1817.000000,1817.000000,771.000000,1.000000,5.002163,1.000000,1.000000,1.000000,0.000000,0.000000,0.000000,0.000000,0.000000,0.000000,0.000000,0.000000,0.000000,0.000000,0.000000
2.0,2026082701.000000,41.000000,7.000000,43.000000,15.000000,270.000000,1.000000,1.000000,2.000000,1817.000000,1817.000000,771.000000,1818.000000,1818.000000,772.000000,1818.000000,1818.000000,772.000000,1.000000,3.994619,1.000000,1.000000,1.000000,0.000000,0.000000,0.000000,0.000000,0.000000,0.000000,0.000000,0.000000,0.000000,0.000000,0.000000
2.0,2026082701.000000,41.000000,7.000000,43.000000,15.000000,270.000000,1.000000,1.000000,3.000000,1818.000000,1818.000000,772.000000,1819.000000,1819.000000,773.000000,1819.000000,1819.000000,773.000000,1.000000,3.732354,1.000000,1.000000,1.000000,0.000000,0.000000,0.000000,0.000000,0.000000,0.000000,0.000000,0.000000,0.000000,0.000000,0.000000
2.0,2026082701.000000,41.000000,7.000000,43.000000,15.000000,270.000000,1.000000,1.000000,4.000000,1819.000000,1819.000000,773.000000,1820.000000,1820.000000,774.000000,1820.000000,1820.000000,774.000000,1.000000,4.079838,1.000000,1.000000,1.000000,0.000000,0.000000,0.000000,0.000000,0.000000,0.000000,0.000000,0.000000,0.000000,0.000000,0.000000
2.0,2026082701.000000,41.000000,7.000000,43.000000,15.000000,270.000000,1.000000,2.000000,1.000000,1820.000000,1820.000000,774.000000,1821.000000,1821.000000,775.000000,1821.000000,1821.000000,775.000000,1.000000,4.999876,1.000000,1.000000,1.000000,0.000000,0.000000,0.000000,0.000000,0.000000,0.000000,0.000000,0.000000,0.000000,0.000000,0.000000
2.0,2026082701.000000,41.000000,7.000000,43.000000,15.000000,270.000000,1.000000,2.000000,2.000000,1821.000000,1821.000000,775.000000,1822.000000,1822.000000,776.000000,1822.000000,1822.000000,776.000000,1.000000,3.995571,1.000000,1.000000,1.000000,0.000000,0.000000,0.000000,0.000000,0.000000,0.000000,0.000000,0.000000,0.000000,0.000000,0.000000
2.0,2026082701.000000,41.000000,7.000000,43.000000,15.000000,270.000000,1.000000,2.000000,3.000000,1822.000000,1822.000000,776.000000,1823.000000,1823.000000,777.000000,1823.000000,1823.000000,777.000000,1.000000,3.908188,1.000000,1.000000,1.000000,0.000000,0.000000,0.000000,0.000000,0.000000,0.000000,0.000000,0.000000,0.000000,0.000000,0.000000
2.0,2026082701.000000,41.000000,7.000000,43.000000,15.000000,270.000000,1.000000,2.000000,4.000000,1823.000000,1823.000000,777.000000,1824.000000,1824.000000,778.000000,1824.000000,1824.000000,778.000000,1.000000,3.884395,1.000000,1.000000,1.000000,0.000000,0.000000,0.000000,0.000000,0.000000,0.000000,0.000000,0.000000,0.000000,0.000000,0.000000
2.0,2026082701.000000,41.000000,7.000000,44.000000,15.000000,0.000000,1.000000,1.000000,1.000000,1824.000000,1824.000000,778.000000,1825.000000,1825.000000,779.000000,1825.000000,1825.000000,779.000000,1.000000,4.984418,1.000000,1.000000,1.000000,0.000000,0.000000,0.000000,0.000000,0.000000,0.000000,0.000000,0.000000,0.000000,0.000000,0.000000
2.0,2026082701.000000,41.000000,7.000000,44.000000,15.000000,0.000000,1.000000,1.000000,2.000000,1825.000000,1825.000000,779.000000,1826.000000,1826.000000,780.000000,1826.000000,1826.000000,780.000000,1.000000,4.094492,1.000000,1.000000,1.000000,0.000000,0.000000,0.000000,0.000000,0.000000,0.000000,0.000000,0.000000,0.000000,0.000000,0.000000
2.0,2026082701.000000,41.000000,7.000000,44.000000,15.000000,0.000000,1.000000,1.000000,3.000000,1826.000000,1826.000000,780.000000,1827.000000,1827.000000,781.000000,1827.000000,1827.000000,781.000000,1.000000,3.809573,1.000000,1.000000,1.000000,0.000000,0.000000,0.000000,0.000000,0.000000,0.000000,0.000000,0.000000,0.000000,0.000000,0.000000
2.0,2026082701.000000,41.000000,7.000000,44.000000,15.000000,0.000000,1.000000,1.000000,4.000000,1827.000000,1827.000000,781.000000,1828.000000,1828.000000,782.000000,1828.000000,1828.000000,782.000000,1.000000,4.036790,1.000000,1.000000,1.000000,0.000000,0.000000,0.000000,0.000000,0.000000,0.000000,0.000000,0.000000,0.000000,0.000000,0.000000
2.0,2026082701.000000,41.000000,7.000000,44.000000,15.000000,0.000000,1.000000,2.000000,1.000000,1828.000000,1828.000000,782.000000,1829.000000,1829.000000,783.000000,1829.000000,1829.000000,783.000000,1.000000,4.998581,1.000000,1.000000,1.000000,0.000000,0.000000,0.000000,0.000000,0.000000,0.000000,0.000000,0.000000,0.000000,0.000000,0.000000
2.0,2026082701.000000,41.000000,7.000000,44.000000,15.000000,0.000000,1.000000,2.000000,2.000000,1829.000000,1829.000000,783.000000,1830.000000,1830.000000,784.000000,1830.000000,1830.000000,784.000000,1.000000,3.996159,1.000000,1.000000,1.000000,0.000000,0.000000,0.000000,0.000000,0.000000,0.000000,0.000000,0.000000,0.000000,0.000000,0.000000
2.0,2026082701.000000,41.000000,7.000000,44.000000,15.000000,0.000000,1.000000,2.000000,3.000000,1830.000000,1830.000000,784.000000,1831.000000,1831.000000,785.000000,1831.000000,1831.000000,785.000000,1.000000,3.922071,1.000000,1.000000,1.000000,0.000000,0.000000,0.000000,0.000000,0.000000,0.000000,0.000000,0.000000,0.000000,0.000000,0.000000
2.0,2026082701.000000,41.000000,7.000000,44.000000,15.000000,0.000000,1.000000,2.000000,4.000000,1831.000000,1831.000000,785.000000,1832.000000,1832.000000,786.000000,1832.000000,1832.000000,786.000000,1.000000,3.919290,1.000000,1.000000,1.000000,0.000000,0.000000,0.000000,0.000000,0.000000,0.000000,0.000000,0.000000,0.000000,0.000000,0.000000
2.0,2026082701.000000,41.000000,7.000000,45.000000,-15.000000,0.000000,1.000000,1.000000,1.000000,1832.000000,1832.000000,786.000000,1833.000000,1833.000000,787.000000,1833.000000,1833.000000,787.000000,1.000000,5.006078,1.000000,1.000000,1.000000,0.000000,0.000000,0.000000,0.000000,0.000000,0.000000,0.000000,0.000000,0.000000,0.000000,0.000000
2.0,2026082701.000000,41.000000,7.000000,45.000000,-15.000000,0.000000,1.000000,1.000000,2.000000,1833.000000,1833.000000,787.000000,1834.000000,1834.000000,788.000000,1834.000000,1834.000000,788.000000,1.000000,4.046032,1.000000,1.000000,1.000000,0.000000,0.000000,0.000000,0.000000,0.000000,0.000000,0.000000,0.000000,0.000000,0.000000,0.000000
2.0,2026082701.000000,41.000000,7.000000,45.000000,-15.000000,0.000000,1.000000,1.000000,3.000000,1834.000000,1834.000000,788.000000,1835.000000,1835.000000,789.000000,1835.000000,1835.000000,789.000000,1.000000,3.905957,1.000000,1.000000,1.000000,0.000000,0.000000,0.000000,0.000000,0.000000,0.000000,0.000000,0.000000,0.000000,0.000000,0.000000
2.0,2026082701.000000,41.000000,7.000000,45.000000,-15.000000,0.000000,1.000000,1.000000,4.000000,1835.000000,1835.000000,789.000000,1836.000000,1836.000000,790.000000,1837.000000,1837.000000,790.000000,1.000000,3.966876,1.000000,1.000000,1.000000,1.000000,1.000000,0.000000,1.000000,1.000000,1.000000,15.000000,0.000000,0.000000,0.000000,0.000000
2.0,2026082701.000000,41.000000,7.000000,45.000000,-15.000000,0.000000,1.000000,2.000000,1.000000,1837.000000,1837.000000,790.000000,1838.000000,1838.000000,791.000000,1838.000000,1838.000000,791.000000,1.000000,4.996078,1.000000,1.000000,1.000000,0.000000,0.000000,0.000000,0.000000,0.000000,0.000000,0.000000,0.000000,0.000000,0.000000,0.000000
2.0,2026082701.000000,41.000000,7.000000,45.000000,-15.000000,0.000000,1.000000,2.000000,2.000000,1838.000000,1838.000000,791.000000,1839.000000,1839.000000,792.000000,1839.000000,1839.000000,792.000000,1.000000,4.015150,1.000000,1.000000,1.000000,0.000000,0.000000,0.000000,0.000000,0.000000,0.000000,0.000000,0.000000,0.000000,0.000000,0.000000
2.0,2026082701.000000,41.000000,7.000000,45.000000,-15.000000,0.000000,1.000000,2.000000,3.000000,1839.000000,1839.000000,792.000000,1840.000000,1840.000000,793.000000,1840.000000,1840.000000,793.000000,1.000000,3.928457,1.000000,1.000000,1.000000,0.000000,0.000000,0.000000,0.000000,0.000000,0.000000,0.000000,0.000000,0.000000,0.000000,0.000000
2.0,2026082701.000000,41.000000,7.000000,45.000000,-15.000000,0.000000,1.000000,2.000000,4.000000,1840.000000,1840.000000,793.000000,1841.000000,1841.000000,794.000000,1841.000000,1841.000000,794.000000,1.000000,3.931043,1.000000,1.000000,1.000000,0.000000,0.000000,0.000000,0.000000,0.000000,0.000000,0.000000,0.000000,0.000000,0.000000,0.000000
2.0,2026082701.000000,41.000000,7.000000,46.000000,-15.000000,45.000000,1.000000,1.000000,1.000000,1841.000000,1841.000000,794.000000,1842.000000,1842.000000,795.000000,1842.000000,1842.000000,795.000000,1.000000,5.017912,1.000000,1.000000,1.000000,0.000000,0.000000,0.000000,0.000000,0.000000,0.000000,0.000000,0.000000,0.000000,0.000000,0.000000
2.0,2026082701.000000,41.000000,7.000000,46.000000,-15.000000,45.000000,1.000000,1.000000,2.000000,1842.000000,1842.000000,795.000000,1843.000000,1843.000000,796.000000,1844.000000,1844.000000,796.000000,1.000000,3.923664,1.000000,1.000000,1.000000,1.000000,1.000000,0.000000,1.000000,1.000000,1.000000,15.000000,0.000000,0.000000,0.000000,0.000000
2.0,2026082701.000000,41.000000,7.000000,46.000000,-15.000000,45.000000,1.000000,1.000000,3.000000,1844.000000,1844.000000,796.000000,1845.000000,1845.000000,797.000000,1845.000000,1845.000000,797.000000,1.000000,3.962683,1.000000,1.000000,1.000000,0.000000,0.000000,0.000000,0.000000,0.000000,0.000000,0.000000,0.000000,0.000000,0.000000,0.000000
2.0,2026082701.000000,41.000000,7.000000,46.000000,-15.000000,45.000000,1.000000,1.000000,4.000000,1845.000000,1845.000000,797.000000,1846.000000,1846.000000,798.000000,1846.000000,1846.000000,798.000000,1.000000,3.855676,1.000000,1.000000,1.000000,0.000000,0.000000,0.000000,0.000000,0.000000,0.000000,0.000000,0.000000,0.000000,0.000000,0.000000
2.0,2026082701.000000,41.000000,7.000000,46.000000,-15.000000,45.000000,1.000000,2.000000,1.000000,1846.000000,1846.000000,798.000000,1847.000000,1847.000000,799.000000,1847.000000,1847.000000,799.000000,1.000000,5.000287,1.000000,1.000000,1.000000,0.000000,0.000000,0.000000,0.000000,0.000000,0.000000,0.000000,0.000000,0.000000,0.000000,0.000000
2.0,2026082701.000000,41.000000,7.000000,46.000000,-15.000000,45.000000,1.000000,2.000000,2.000000,1847.000000,1847.000000,799.000000,1848.000000,1848.000000,800.000000,1848.000000,1848.000000,800.000000,1.000000,4.014497,1.000000,1.000000,1.000000,0.000000,0.000000,0.000000,0.000000,0.000000,0.000000,0.000000,0.000000,0.000000,0.000000,0.000000
2.0,2026082701.000000,41.000000,7.000000,46.000000,-15.000000,45.000000,1.000000,2.000000,3.000000,1848.000000,1848.000000,800.000000,1849.000000,1849.000000,801.000000,1849.000000,1849.000000,801.000000,1.000000,3.911219,1.000000,1.000000,1.000000,0.000000,0.000000,0.000000,0.000000,0.000000,0.000000,0.000000,0.000000,0.000000,0.000000,0.000000
2.0,2026082701.000000,41.000000,7.000000,46.000000,-15.000000,45.000000,1.000000,2.000000,4.000000,1849.000000,1849.000000,801.000000,1850.000000,1850.000000,802.000000,1850.000000,1850.000000,802.000000,1.000000,3.913600,1.000000,1.000000,1.000000,0.000000,0.000000,0.000000,0.000000,0.000000,0.000000,0.000000,0.000000,0.000000,0.000000,0.000000
2.0,2026082701.000000,41.000000,7.000000,47.000000,-15.000000,90.000000,1.000000,1.000000,1.000000,1850.000000,1850.000000,802.000000,1851.000000,1851.000000,803.000000,1851.000000,1851.000000,803.000000,1.000000,5.011865,1.000000,1.000000,1.000000,0.000000,0.000000,0.000000,0.000000,0.000000,0.000000,0.000000,0.000000,0.000000,0.000000,0.000000
2.0,2026082701.000000,41.000000,7.000000,47.000000,-15.000000,90.000000,1.000000,1.000000,2.000000,1851.000000,1851.000000,803.000000,1852.000000,1852.000000,804.000000,1852.000000,1852.000000,804.000000,1.000000,4.007700,1.000000,1.000000,1.000000,0.000000,0.000000,0.000000,0.000000,0.000000,0.000000,0.000000,0.000000,0.000000,0.000000,0.000000
2.0,2026082701.000000,41.000000,7.000000,47.000000,-15.000000,90.000000,1.000000,1.000000,3.000000,1852.000000,1852.000000,804.000000,1853.000000,1853.000000,805.000000,1853.000000,1853.000000,805.000000,1.000000,3.903255,1.000000,1.000000,1.000000,0.000000,0.000000,0.000000,0.000000,0.000000,0.000000,0.000000,0.000000,0.000000,0.000000,0.000000
2.0,2026082701.000000,41.000000,7.000000,47.000000,-15.000000,90.000000,1.000000,1.000000,4.000000,1853.000000,1853.000000,805.000000,1854.000000,1854.000000,806.000000,1854.000000,1854.000000,806.000000,1.000000,4.030005,1.000000,1.000000,1.000000,0.000000,0.000000,0.000000,0.000000,0.000000,0.000000,0.000000,0.000000,0.000000,0.000000,0.000000
2.0,2026082701.000000,41.000000,7.000000,47.000000,-15.000000,90.000000,1.000000,2.000000,1.000000,1854.000000,1854.000000,806.000000,1855.000000,1855.000000,807.000000,1855.000000,1855.000000,807.000000,1.000000,5.000281,1.000000,1.000000,1.000000,0.000000,0.000000,0.000000,0.000000,0.000000,0.000000,0.000000,0.000000,0.000000,0.000000,0.000000
2.0,2026082701.000000,41.000000,7.000000,47.000000,-15.000000,90.000000,1.000000,2.000000,2.000000,1855.000000,1855.000000,807.000000,1856.000000,1856.000000,808.000000,1856.000000,1856.000000,808.000000,1.000000,3.978534,1.000000,1.000000,1.000000,0.000000,0.000000,0.000000,0.000000,0.000000,0.000000,0.000000,0.000000,0.000000,0.000000,0.000000
2.0,2026082701.000000,41.000000,7.000000,47.000000,-15.000000,90.000000,1.000000,2.000000,3.000000,1856.000000,1856.000000,808.000000,1857.000000,1857.000000,809.000000,1857.000000,1857.000000,809.000000,1.000000,3.967624,1.000000,1.000000,1.000000,0.000000,0.000000,0.000000,0.000000,0.000000,0.000000,0.000000,0.000000,0.000000,0.000000,0.000000
2.0,2026082701.000000,41.000000,7.000000,47.000000,-15.000000,90.000000,1.000000,2.000000,4.000000,1857.000000,1857.000000,809.000000,1858.000000,1858.000000,810.000000,1859.000000,1859.000000,810.000000,1.000000,3.976246,1.000000,1.000000,1.000000,1.000000,1.000000,0.000000,1.000000,1.000000,1.000000,15.000000,0.000000,0.000000,0.000000,0.000000
2.0,2026082701.000000,41.000000,7.000000,48.000000,-15.000000,180.000000,1.000000,1.000000,1.000000,1859.000000,1859.000000,810.000000,1860.000000,1860.000000,811.000000,1860.000000,1860.000000,811.000000,1.000000,4.978449,1.000000,1.000000,1.000000,0.000000,0.000000,0.000000,0.000000,0.000000,0.000000,0.000000,0.000000,0.000000,0.000000,0.000000
2.0,2026082701.000000,41.000000,7.000000,48.000000,-15.000000,180.000000,1.000000,1.000000,2.000000,1860.000000,1860.000000,811.000000,1861.000000,1861.000000,812.000000,1861.000000,1861.000000,812.000000,1.000000,4.005672,1.000000,1.000000,1.000000,0.000000,0.000000,0.000000,0.000000,0.000000,0.000000,0.000000,0.000000,0.000000,0.000000,0.000000
2.0,2026082701.000000,41.000000,7.000000,48.000000,-15.000000,180.000000,1.000000,1.000000,3.000000,1861.000000,1861.000000,812.000000,1862.000000,1862.000000,813.000000,1862.000000,1862.000000,813.000000,1.000000,3.964310,1.000000,1.000000,1.000000,0.000000,0.000000,0.000000,0.000000,0.000000,0.000000,0.000000,0.000000,0.000000,0.000000,0.000000
2.0,2026082701.000000,41.000000,7.000000,48.000000,-15.000000,180.000000,1.000000,1.000000,4.000000,1862.000000,1862.000000,813.000000,1863.000000,1863.000000,814.000000,1863.000000,1863.000000,814.000000,1.000000,3.907486,1.000000,1.000000,1.000000,0.000000,0.000000,0.000000,0.000000,0.000000,0.000000,0.000000,0.000000,0.000000,0.000000,0.000000
2.0,2026082701.000000,41.000000,7.000000,48.000000,-15.000000,180.000000,1.000000,2.000000,1.000000,1863.000000,1863.000000,814.000000,1864.000000,1864.000000,815.000000,1866.000000,1866.000000,815.000000,1.000000,5.001948,1.000000,1.000000,1.000000,2.000000,2.000000,0.000000,2.000000,1.000000,1.000000,21.000000,1.000000,0.000000,0.000000,0.000000
2.0,2026082701.000000,41.000000,7.000000,48.000000,-15.000000,180.000000,1.000000,2.000000,2.000000,1866.000000,1866.000000,815.000000,1867.000000,1867.000000,816.000000,1867.000000,1867.000000,816.000000,1.000000,3.996343,1.000000,1.000000,1.000000,0.000000,0.000000,0.000000,0.000000,0.000000,0.000000,0.000000,0.000000,0.000000,0.000000,0.000000
2.0,2026082701.000000,41.000000,7.000000,48.000000,-15.000000,180.000000,1.000000,2.000000,3.000000,1867.000000,1867.000000,816.000000,1868.000000,1868.000000,817.000000,1868.000000,1868.000000,817.000000,1.000000,3.935347,1.000000,1.000000,1.000000,0.000000,0.000000,0.000000,0.000000,0.000000,0.000000,0.000000,0.000000,0.000000,0.000000,0.000000
2.0,2026082701.000000,41.000000,7.000000,48.000000,-15.000000,180.000000,1.000000,2.000000,4.000000,1868.000000,1868.000000,817.000000,1869.000000,1869.000000,818.000000,1869.000000,1869.000000,818.000000,1.000000,3.936246,1.000000,1.000000,1.000000,0.000000,0.000000,0.000000,0.000000,0.000000,0.000000,0.000000,0.000000,0.000000,0.000000,0.000000
2.0,2026082701.000000,41.000000,7.000000,49.000000,-15.000000,225.000000,1.000000,1.000000,1.000000,1869.000000,1869.000000,818.000000,1870.000000,1870.000000,819.000000,1870.000000,1870.000000,819.000000,1.000000,5.028784,1.000000,1.000000,1.000000,0.000000,0.000000,0.000000,0.000000,0.000000,0.000000,0.000000,0.000000,0.000000,0.000000,0.000000
2.0,2026082701.000000,41.000000,7.000000,49.000000,-15.000000,225.000000,1.000000,1.000000,2.000000,1870.000000,1870.000000,819.000000,1871.000000,1871.000000,820.000000,1871.000000,1871.000000,820.000000,1.000000,3.940484,1.000000,1.000000,1.000000,0.000000,0.000000,0.000000,0.000000,0.000000,0.000000,0.000000,0.000000,0.000000,0.000000,0.000000
2.0,2026082701.000000,41.000000,7.000000,49.000000,-15.000000,225.000000,1.000000,1.000000,3.000000,1871.000000,1871.000000,820.000000,1872.000000,1872.000000,821.000000,1872.000000,1872.000000,821.000000,1.000000,3.934757,1.000000,1.000000,1.000000,0.000000,0.000000,0.000000,0.000000,0.000000,0.000000,0.000000,0.000000,0.000000,0.000000,0.000000
2.0,2026082701.000000,41.000000,7.000000,49.000000,-15.000000,225.000000,1.000000,1.000000,4.000000,1872.000000,1872.000000,821.000000,1873.000000,1873.000000,822.000000,1873.000000,1873.000000,822.000000,1.000000,3.948381,1.000000,1.000000,1.000000,0.000000,0.000000,0.000000,0.000000,0.000000,0.000000,0.000000,0.000000,0.000000,0.000000,0.000000
2.0,2026082701.000000,41.000000,7.000000,49.000000,-15.000000,225.000000,1.000000,2.000000,1.000000,1873.000000,1873.000000,822.000000,1874.000000,1874.000000,823.000000,1874.000000,1874.000000,823.000000,1.000000,5.000117,1.000000,1.000000,1.000000,0.000000,0.000000,0.000000,0.000000,0.000000,0.000000,0.000000,0.000000,0.000000,0.000000,0.000000
2.0,2026082701.000000,41.000000,7.000000,49.000000,-15.000000,225.000000,1.000000,2.000000,2.000000,1874.000000,1874.000000,823.000000,1875.000000,1875.000000,824.000000,1875.000000,1875.000000,824.000000,1.000000,4.029651,1.000000,1.000000,1.000000,0.000000,0.000000,0.000000,0.000000,0.000000,0.000000,0.000000,0.000000,0.000000,0.000000,0.000000
2.0,2026082701.000000,41.000000,7.000000,49.000000,-15.000000,225.000000,1.000000,2.000000,3.000000,1875.000000,1875.000000,824.000000,1876.000000,1876.000000,825.000000,1876.000000,1876.000000,825.000000,1.000000,3.944776,1.000000,1.000000,1.000000,0.000000,0.000000,0.000000,0.000000,0.000000,0.000000,0.000000,0.000000,0.000000,0.000000,0.000000
2.0,2026082701.000000,41.000000,7.000000,49.000000,-15.000000,225.000000,1.000000,2.000000,4.000000,1876.000000,1876.000000,825.000000,1877.000000,1877.000000,826.000000,1877.000000,1877.000000,826.000000,1.000000,3.961325,1.000000,1.000000,1.000000,0.000000,0.000000,0.000000,0.000000,0.000000,0.000000,0.000000,0.000000,0.000000,0.000000,0.000000
2.0,2026082701.000000,41.000000,7.000000,50.000000,-15.000000,270.000000,1.000000,1.000000,1.000000,1877.000000,1877.000000,826.000000,1878.000000,1878.000000,827.000000,1878.000000,1878.000000,827.000000,1.000000,5.014287,1.000000,1.000000,1.000000,0.000000,0.000000,0.000000,0.000000,0.000000,0.000000,0.000000,0.000000,0.000000,0.000000,0.000000
2.0,2026082701.000000,41.000000,7.000000,50.000000,-15.000000,270.000000,1.000000,1.000000,2.000000,1878.000000,1878.000000,827.000000,1879.000000,1879.000000,828.000000,1879.000000,1879.000000,828.000000,1.000000,3.933287,1.000000,1.000000,1.000000,0.000000,0.000000,0.000000,0.000000,0.000000,0.000000,0.000000,0.000000,0.000000,0.000000,0.000000
2.0,2026082701.000000,41.000000,7.000000,50.000000,-15.000000,270.000000,1.000000,1.000000,3.000000,1879.000000,1879.000000,828.000000,1880.000000,1880.000000,829.000000,1880.000000,1880.000000,829.000000,1.000000,3.777603,1.000000,1.000000,1.000000,0.000000,0.000000,0.000000,0.000000,0.000000,0.000000,0.000000,0.000000,0.000000,0.000000,0.000000
2.0,2026082701.000000,41.000000,7.000000,50.000000,-15.000000,270.000000,1.000000,1.000000,4.000000,1880.000000,1880.000000,829.000000,1881.000000,1881.000000,830.000000,1881.000000,1881.000000,830.000000,1.000000,4.053318,1.000000,1.000000,1.000000,0.000000,0.000000,0.000000,0.000000,0.000000,0.000000,0.000000,0.000000,0.000000,0.000000,0.000000
2.0,2026082701.000000,41.000000,7.000000,50.000000,-15.000000,270.000000,1.000000,2.000000,1.000000,1881.000000,1881.000000,830.000000,1882.000000,1882.000000,831.000000,1882.000000,1882.000000,831.000000,1.000000,4.999783,1.000000,1.000000,1.000000,0.000000,0.000000,0.000000,0.000000,0.000000,0.000000,0.000000,0.000000,0.000000,0.000000,0.000000
2.0,2026082701.000000,41.000000,7.000000,50.000000,-15.000000,270.000000,1.000000,2.000000,2.000000,1882.000000,1882.000000,831.000000,1883.000000,1883.000000,832.000000,1883.000000,1883.000000,832.000000,1.000000,4.021620,1.000000,1.000000,1.000000,0.000000,0.000000,0.000000,0.000000,0.000000,0.000000,0.000000,0.000000,0.000000,0.000000,0.000000
2.0,2026082701.000000,41.000000,7.000000,50.000000,-15.000000,270.000000,1.000000,2.000000,3.000000,1883.000000,1883.000000,832.000000,1884.000000,1884.000000,833.000000,1884.000000,1884.000000,833.000000,1.000000,3.916001,1.000000,1.000000,1.000000,0.000000,0.000000,0.000000,0.000000,0.000000,0.000000,0.000000,0.000000,0.000000,0.000000,0.000000
2.0,2026082701.000000,41.000000,7.000000,50.000000,-15.000000,270.000000,1.000000,2.000000,4.000000,1884.000000,1884.000000,833.000000,1885.000000,1885.000000,834.000000,1885.000000,1885.000000,834.000000,1.000000,3.925571,1.000000,1.000000,1.000000,0.000000,0.000000,0.000000,0.000000,0.000000,0.000000,0.000000,0.000000,0.000000,0.000000,0.000000
2.0,2026082701.000000,41.000000,7.000000,51.000000,-15.000000,0.000000,1.000000,1.000000,1.000000,1885.000000,1885.000000,834.000000,1886.000000,1886.000000,835.000000,1886.000000,1886.000000,835.000000,1.000000,5.011078,1.000000,1.000000,1.000000,0.000000,0.000000,0.000000,0.000000,0.000000,0.000000,0.000000,0.000000,0.000000,0.000000,0.000000
2.0,2026082701.000000,41.000000,7.000000,51.000000,-15.000000,0.000000,1.000000,1.000000,2.000000,1886.000000,1886.000000,835.000000,1887.000000,1887.000000,836.000000,1887.000000,1887.000000,836.000000,1.000000,3.930199,1.000000,1.000000,1.000000,0.000000,0.000000,0.000000,0.000000,0.000000,0.000000,0.000000,0.000000,0.000000,0.000000,0.000000
2.0,2026082701.000000,41.000000,7.000000,51.000000,-15.000000,0.000000,1.000000,1.000000,3.000000,1887.000000,1887.000000,836.000000,1888.000000,1888.000000,837.000000,1888.000000,1888.000000,837.000000,1.000000,3.929291,1.000000,1.000000,1.000000,0.000000,0.000000,0.000000,0.000000,0.000000,0.000000,0.000000,0.000000,0.000000,0.000000,0.000000
2.0,2026082701.000000,41.000000,7.000000,51.000000,-15.000000,0.000000,1.000000,1.000000,4.000000,1888.000000,1888.000000,837.000000,1889.000000,1889.000000,838.000000,1889.000000,1889.000000,838.000000,1.000000,3.936246,1.000000,1.000000,1.000000,0.000000,0.000000,0.000000,0.000000,0.000000,0.000000,0.000000,0.000000,0.000000,0.000000,0.000000
2.0,2026082701.000000,41.000000,7.000000,51.000000,-15.000000,0.000000,1.000000,2.000000,1.000000,1889.000000,1889.000000,838.000000,1890.000000,1890.000000,839.000000,1890.000000,1890.000000,839.000000,1.000000,4.998578,1.000000,1.000000,1.000000,0.000000,0.000000,0.000000,0.000000,0.000000,0.000000,0.000000,0.000000,0.000000,0.000000,0.000000
2.0,2026082701.000000,41.000000,7.000000,51.000000,-15.000000,0.000000,1.000000,2.000000,2.000000,1890.000000,1890.000000,839.000000,1891.000000,1891.000000,840.000000,1891.000000,1891.000000,840.000000,1.000000,3.984316,1.000000,1.000000,1.000000,0.000000,0.000000,0.000000,0.000000,0.000000,0.000000,0.000000,0.000000,0.000000,0.000000,0.000000
2.0,2026082701.000000,41.000000,7.000000,51.000000,-15.000000,0.000000,1.000000,2.000000,3.000000,1891.000000,1891.000000,840.000000,1892.000000,1892.000000,841.000000,1892.000000,1892.000000,841.000000,1.000000,3.939921,1.000000,1.000000,1.000000,0.000000,0.000000,0.000000,0.000000,0.000000,0.000000,0.000000,0.000000,0.000000,0.000000,0.000000
2.0,2026082701.000000,41.000000,7.000000,51.000000,-15.000000,0.000000,1.000000,2.000000,4.000000,1892.000000,1892.000000,841.000000,1893.000000,1893.000000,842.000000,1893.000000,1893.000000,842.000000,1.000000,3.933542,1.000000,1.000000,1.000000,0.000000,0.000000,0.000000,0.000000,0.000000,0.000000,0.000000,0.000000,0.000000,0.000000,0.000000
2.0,2026082701.000000,41.000000,7.000000,52.000000,30.000000,0.000000,1.000000,1.000000,1.000000,1893.000000,1893.000000,842.000000,1894.000000,1894.000000,843.000000,1894.000000,1894.000000,843.000000,1.000000,4.876242,1.000000,1.000000,1.000000,0.000000,0.000000,0.000000,0.000000,0.000000,0.000000,0.000000,0.000000,0.000000,0.000000,0.000000
2.0,2026082701.000000,41.000000,7.000000,52.000000,30.000000,0.000000,1.000000,1.000000,2.000000,1894.000000,1894.000000,843.000000,1895.000000,1895.000000,844.000000,1895.000000,1895.000000,844.000000,1.000000,4.130579,1.000000,1.000000,1.000000,0.000000,0.000000,0.000000,0.000000,0.000000,0.000000,0.000000,0.000000,0.000000,0.000000,0.000000
2.0,2026082701.000000,41.000000,7.000000,52.000000,30.000000,0.000000,1.000000,1.000000,3.000000,1895.000000,1895.000000,844.000000,1896.000000,1896.000000,845.000000,1896.000000,1896.000000,845.000000,1.000000,3.950249,1.000000,1.000000,1.000000,0.000000,0.000000,0.000000,0.000000,0.000000,0.000000,0.000000,0.000000,0.000000,0.000000,0.000000
2.0,2026082701.000000,41.000000,7.000000,52.000000,30.000000,0.000000,1.000000,1.000000,4.000000,1896.000000,1896.000000,845.000000,1897.000000,1897.000000,846.000000,1897.000000,1897.000000,846.000000,1.000000,3.906751,1.000000,1.000000,1.000000,0.000000,0.000000,0.000000,0.000000,0.000000,0.000000,0.000000,0.000000,0.000000,0.000000,0.000000
2.0,2026082701.000000,41.000000,7.000000,52.000000,30.000000,0.000000,1.000000,2.000000,1.000000,1897.000000,1897.000000,846.000000,1898.000000,1898.000000,847.000000,1898.000000,1898.000000,847.000000,1.000000,4.994655,1.000000,1.000000,1.000000,0.000000,0.000000,0.000000,0.000000,0.000000,0.000000,0.000000,0.000000,0.000000,0.000000,0.000000
2.0,2026082701.000000,41.000000,7.000000,52.000000,30.000000,0.000000,1.000000,2.000000,2.000000,1898.000000,1898.000000,847.000000,1899.000000,1899.000000,848.000000,1899.000000,1899.000000,848.000000,1.000000,4.003863,1.000000,1.000000,1.000000,0.000000,0.000000,0.000000,0.000000,0.000000,0.000000,0.000000,0.000000,0.000000,0.000000,0.000000
2.0,2026082701.000000,41.000000,7.000000,52.000000,30.000000,0.000000,1.000000,2.000000,3.000000,1899.000000,1899.000000,848.000000,1900.000000,1900.000000,849.000000,1900.000000,1900.000000,849.000000,1.000000,3.931915,1.000000,1.000000,1.000000,0.000000,0.000000,0.000000,0.000000,0.000000,0.000000,0.000000,0.000000,0.000000,0.000000,0.000000
2.0,2026082701.000000,41.000000,7.000000,52.000000,30.000000,0.000000,1.000000,2.000000,4.000000,1900.000000,1900.000000,849.000000,1901.000000,1901.000000,850.000000,1901.000000,1901.000000,850.000000,1.000000,3.927582,1.000000,1.000000,1.000000,0.000000,0.000000,0.000000,0.000000,0.000000,0.000000,0.000000,0.000000,0.000000,0.000000,0.000000
2.0,2026082701.000000,41.000000,7.000000,53.000000,30.000000,90.000000,1.000000,1.000000,1.000000,1901.000000,1901.000000,850.000000,1902.000000,1902.000000,851.000000,1902.000000,1902.000000,851.000000,1.000000,4.946397,1.000000,1.000000,1.000000,0.000000,0.000000,0.000000,0.000000,0.000000,0.000000,0.000000,0.000000,0.000000,0.000000,0.000000
2.0,2026082701.000000,41.000000,7.000000,53.000000,30.000000,90.000000,1.000000,1.000000,2.000000,1902.000000,1902.000000,851.000000,1903.000000,1903.000000,852.000000,1903.000000,1903.000000,852.000000,1.000000,4.110253,1.000000,1.000000,1.000000,0.000000,0.000000,0.000000,0.000000,0.000000,0.000000,0.000000,0.000000,0.000000,0.000000,0.000000
2.0,2026082701.000000,41.000000,7.000000,53.000000,30.000000,90.000000,1.000000,1.000000,3.000000,1903.000000,1903.000000,852.000000,1904.000000,1904.000000,853.000000,1904.000000,1904.000000,853.000000,1.000000,4.148583,1.000000,1.000000,1.000000,0.000000,0.000000,0.000000,0.000000,0.000000,0.000000,0.000000,0.000000,0.000000,0.000000,0.000000
2.0,2026082701.000000,41.000000,7.000000,53.000000,30.000000,90.000000,1.000000,1.000000,4.000000,1904.000000,1904.000000,853.000000,1905.000000,1905.000000,854.000000,1905.000000,1905.000000,854.000000,1.000000,3.789208,1.000000,1.000000,1.000000,0.000000,0.000000,0.000000,0.000000,0.000000,0.000000,0.000000,0.000000,0.000000,0.000000,0.000000
2.0,2026082701.000000,41.000000,7.000000,53.000000,30.000000,90.000000,1.000000,2.000000,1.000000,1905.000000,1905.000000,854.000000,1906.000000,1906.000000,855.000000,1906.000000,1906.000000,855.000000,1.000000,4.995490,1.000000,1.000000,1.000000,0.000000,0.000000,0.000000,0.000000,0.000000,0.000000,0.000000,0.000000,0.000000,0.000000,0.000000
2.0,2026082701.000000,41.000000,7.000000,53.000000,30.000000,90.000000,1.000000,2.000000,2.000000,1907.000000,1907.000000,855.000000,1908.000000,1908.000000,856.000000,1908.000000,1908.000000,856.000000,1.000000,3.990443,1.000000,1.000000,1.000000,0.000000,0.000000,0.000000,0.000000,0.000000,0.000000,0.000000,0.000000,0.000000,0.000000,0.000000
2.0,2026082701.000000,41.000000,7.000000,53.000000,30.000000,90.000000,1.000000,2.000000,3.000000,1908.000000,1908.000000,856.000000,1909.000000,1909.000000,857.000000,1909.000000,1909.000000,857.000000,1.000000,3.968979,1.000000,1.000000,1.000000,0.000000,0.000000,0.000000,0.000000,0.000000,0.000000,0.000000,0.000000,0.000000,0.000000,0.000000
2.0,2026082701.000000,41.000000,7.000000,53.000000,30.000000,90.000000,1.000000,2.000000,4.000000,1909.000000,1909.000000,857.000000,1910.000000,1910.000000,858.000000,1910.000000,1910.000000,858.000000,1.000000,3.932979,1.000000,1.000000,1.000000,0.000000,0.000000,0.000000,0.000000,0.000000,0.000000,0.000000,0.000000,0.000000,0.000000,0.000000
2.0,2026082701.000000,41.000000,7.000000,54.000000,30.000000,180.000000,1.000000,1.000000,1.000000,1910.000000,1910.000000,858.000000,1911.000000,1911.000000,859.000000,1911.000000,1911.000000,859.000000,1.000000,4.982988,1.000000,1.000000,1.000000,0.000000,0.000000,0.000000,0.000000,0.000000,0.000000,0.000000,0.000000,0.000000,0.000000,0.000000
2.0,2026082701.000000,41.000000,7.000000,54.000000,30.000000,180.000000,1.000000,1.000000,2.000000,1911.000000,1911.000000,859.000000,1912.000000,1912.000000,860.000000,1912.000000,1912.000000,860.000000,1.000000,3.919697,1.000000,1.000000,1.000000,0.000000,0.000000,0.000000,0.000000,0.000000,0.000000,0.000000,0.000000,0.000000,0.000000,0.000000
2.0,2026082701.000000,41.000000,7.000000,54.000000,30.000000,180.000000,1.000000,1.000000,3.000000,1912.000000,1912.000000,860.000000,1913.000000,1913.000000,861.000000,1913.000000,1913.000000,861.000000,1.000000,4.058144,1.000000,1.000000,1.000000,0.000000,0.000000,0.000000,0.000000,0.000000,0.000000,0.000000,0.000000,0.000000,0.000000,0.000000
2.0,2026082701.000000,41.000000,7.000000,54.000000,30.000000,180.000000,1.000000,1.000000,4.000000,1913.000000,1913.000000,861.000000,1914.000000,1914.000000,862.000000,1914.000000,1914.000000,862.000000,1.000000,3.825478,1.000000,1.000000,1.000000,0.000000,0.000000,0.000000,0.000000,0.000000,0.000000,0.000000,0.000000,0.000000,0.000000,0.000000
2.0,2026082701.000000,41.000000,7.000000,54.000000,30.000000,180.000000,1.000000,2.000000,1.000000,1914.000000,1914.000000,862.000000,1915.000000,1915.000000,863.000000,1915.000000,1915.000000,863.000000,1.000000,5.001398,1.000000,1.000000,1.000000,0.000000,0.000000,0.000000,0.000000,0.000000,0.000000,0.000000,0.000000,0.000000,0.000000,0.000000
2.0,2026082701.000000,41.000000,7.000000,54.000000,30.000000,180.000000,1.000000,2.000000,2.000000,1915.000000,1915.000000,863.000000,1916.000000,1916.000000,864.000000,1916.000000,1916.000000,864.000000,1.000000,3.992940,1.000000,1.000000,1.000000,0.000000,0.000000,0.000000,0.000000,0.000000,0.000000,0.000000,0.000000,0.000000,0.000000,0.000000
2.0,2026082701.000000,41.000000,7.000000,54.000000,30.000000,180.000000,1.000000,2.000000,3.000000,1916.000000,1916.000000,864.000000,1917.000000,1917.000000,865.000000,1917.000000,1917.000000,865.000000,1.000000,3.932705,1.000000,1.000000,1.000000,0.000000,0.000000,0.000000,0.000000,0.000000,0.000000,0.000000,0.000000,0.000000,0.000000,0.000000
2.0,2026082701.000000,41.000000,7.000000,54.000000,30.000000,180.000000,1.000000,2.000000,4.000000,1917.000000,1917.000000,865.000000,1918.000000,1918.000000,866.000000,1918.000000,1918.000000,866.000000,1.000000,3.928372,1.000000,1.000000,1.000000,0.000000,0.000000,0.000000,0.000000,0.000000,0.000000,0.000000,0.000000,0.000000,0.000000,0.000000
2.0,2026082701.000000,41.000000,7.000000,55.000000,30.000000,270.000000,1.000000,1.000000,1.000000,1918.000000,1918.000000,866.000000,1919.000000,1919.000000,867.000000,1919.000000,1919.000000,867.000000,1.000000,5.170602,1.000000,1.000000,1.000000,0.000000,0.000000,0.000000,0.000000,0.000000,0.000000,0.000000,0.000000,0.000000,0.000000,0.000000
2.0,2026082701.000000,41.000000,7.000000,55.000000,30.000000,270.000000,1.000000,1.000000,2.000000,1919.000000,1919.000000,867.000000,1920.000000,1920.000000,868.000000,1920.000000,1920.000000,868.000000,1.000000,3.849427,1.000000,1.000000,1.000000,0.000000,0.000000,0.000000,0.000000,0.000000,0.000000,0.000000,0.000000,0.000000,0.000000,0.000000
2.0,2026082701.000000,41.000000,7.000000,55.000000,30.000000,270.000000,1.000000,1.000000,3.000000,1920.000000,1920.000000,868.000000,1921.000000,1921.000000,869.000000,1921.000000,1921.000000,869.000000,1.000000,3.836207,1.000000,1.000000,1.000000,0.000000,0.000000,0.000000,0.000000,0.000000,0.000000,0.000000,0.000000,0.000000,0.000000,0.000000
2.0,2026082701.000000,41.000000,7.000000,55.000000,30.000000,270.000000,1.000000,1.000000,4.000000,1921.000000,1921.000000,869.000000,1922.000000,1922.000000,870.000000,1922.000000,1922.000000,870.000000,1.000000,3.977897,1.000000,1.000000,1.000000,0.000000,0.000000,0.000000,0.000000,0.000000,0.000000,0.000000,0.000000,0.000000,0.000000,0.000000
2.0,2026082701.000000,41.000000,7.000000,55.000000,30.000000,270.000000,1.000000,2.000000,1.000000,1922.000000,1922.000000,870.000000,1923.000000,1923.000000,871.000000,1923.000000,1923.000000,871.000000,1.000000,5.003182,1.000000,1.000000,1.000000,0.000000,0.000000,0.000000,0.000000,0.000000,0.000000,0.000000,0.000000,0.000000,0.000000,0.000000
2.0,2026082701.000000,41.000000,7.000000,55.000000,30.000000,270.000000,1.000000,2.000000,2.000000,1923.000000,1923.000000,871.000000,1924.000000,1924.000000,872.000000,1924.000000,1924.000000,872.000000,1.000000,4.001075,1.000000,1.000000,1.000000,0.000000,0.000000,0.000000,0.000000,0.000000,0.000000,0.000000,0.000000,0.000000,0.000000,0.000000
2.0,2026082701.000000,41.000000,7.000000,55.000000,30.000000,270.000000,1.000000,2.000000,3.000000,1924.000000,1924.000000,872.000000,1925.000000,1925.000000,873.000000,1925.000000,1925.000000,873.000000,1.000000,3.912126,1.000000,1.000000,1.000000,0.000000,0.000000,0.000000,0.000000,0.000000,0.000000,0.000000,0.000000,0.000000,0.000000,0.000000
2.0,2026082701.000000,41.000000,7.000000,55.000000,30.000000,270.000000,1.000000,2.000000,4.000000,1925.000000,1925.000000,873.000000,1926.000000,1926.000000,874.000000,1926.000000,1926.000000,874.000000,1.000000,3.886085,1.000000,1.000000,1.000000,0.000000,0.000000,0.000000,0.000000,0.000000,0.000000,0.000000,0.000000,0.000000,0.000000,0.000000
2.0,2026082701.000000,41.000000,7.000000,56.000000,30.000000,0.000000,1.000000,1.000000,1.000000,1926.000000,1926.000000,874.000000,1927.000000,1927.000000,875.000000,1927.000000,1927.000000,875.000000,1.000000,4.883822,1.000000,1.000000,1.000000,0.000000,0.000000,0.000000,0.000000,0.000000,0.000000,0.000000,0.000000,0.000000,0.000000,0.000000
2.0,2026082701.000000,41.000000,7.000000,56.000000,30.000000,0.000000,1.000000,1.000000,2.000000,1927.000000,1927.000000,875.000000,1928.000000,1928.000000,876.000000,1928.000000,1928.000000,876.000000,1.000000,4.164746,1.000000,1.000000,1.000000,0.000000,0.000000,0.000000,0.000000,0.000000,0.000000,0.000000,0.000000,0.000000,0.000000,0.000000
2.0,2026082701.000000,41.000000,7.000000,56.000000,30.000000,0.000000,1.000000,1.000000,3.000000,1928.000000,1928.000000,876.000000,1929.000000,1929.000000,877.000000,1929.000000,1929.000000,877.000000,1.000000,3.726915,1.000000,1.000000,1.000000,0.000000,0.000000,0.000000,0.000000,0.000000,0.000000,0.000000,0.000000,0.000000,0.000000,0.000000
2.0,2026082701.000000,41.000000,7.000000,56.000000,30.000000,0.000000,1.000000,1.000000,4.000000,1929.000000,1929.000000,877.000000,1930.000000,1930.000000,878.000000,1930.000000,1930.000000,878.000000,1.000000,4.132585,1.000000,1.000000,1.000000,0.000000,0.000000,0.000000,0.000000,0.000000,0.000000,0.000000,0.000000,0.000000,0.000000,0.000000
2.0,2026082701.000000,41.000000,7.000000,56.000000,30.000000,0.000000,1.000000,2.000000,1.000000,1930.000000,1930.000000,878.000000,1931.000000,1931.000000,879.000000,1931.000000,1931.000000,879.000000,1.000000,4.995489,1.000000,1.000000,1.000000,0.000000,0.000000,0.000000,0.000000,0.000000,0.000000,0.000000,0.000000,0.000000,0.000000,0.000000
2.0,2026082701.000000,41.000000,7.000000,56.000000,30.000000,0.000000,1.000000,2.000000,2.000000,1931.000000,1931.000000,879.000000,1932.000000,1932.000000,880.000000,1932.000000,1932.000000,880.000000,1.000000,3.994696,1.000000,1.000000,1.000000,0.000000,0.000000,0.000000,0.000000,0.000000,0.000000,0.000000,0.000000,0.000000,0.000000,0.000000
2.0,2026082701.000000,41.000000,7.000000,56.000000,30.000000,0.000000,1.000000,2.000000,3.000000,1932.000000,1932.000000,880.000000,1933.000000,1933.000000,881.000000,1933.000000,1933.000000,881.000000,1.000000,3.927749,1.000000,1.000000,1.000000,0.000000,0.000000,0.000000,0.000000,0.000000,0.000000,0.000000,0.000000,0.000000,0.000000,0.000000
2.0,2026082701.000000,41.000000,7.000000,56.000000,30.000000,0.000000,1.000000,2.000000,4.000000,1933.000000,1933.000000,881.000000,1934.000000,1934.000000,882.000000,1934.000000,1934.000000,882.000000,1.000000,3.909249,1.000000,1.000000,1.000000,0.000000,0.000000,0.000000,0.000000,0.000000,0.000000,0.000000,0.000000,0.000000,0.000000,0.000000
2.0,2026082701.000000,41.000000,7.000000,57.000000,-30.000000,0.000000,1.000000,1.000000,1.000000,1934.000000,1934.000000,882.000000,1935.000000,1935.000000,883.000000,1935.000000,1935.000000,883.000000,1.000000,4.931308,1.000000,1.000000,1.000000,0.000000,0.000000,0.000000,0.000000,0.000000,0.000000,0.000000,0.000000,0.000000,0.000000,0.000000
2.0,2026082701.000000,41.000000,7.000000,57.000000,-30.000000,0.000000,1.000000,1.000000,2.000000,1935.000000,1935.000000,883.000000,1936.000000,1936.000000,884.000000,1936.000000,1936.000000,884.000000,1.000000,4.137901,1.000000,1.000000,1.000000,0.000000,0.000000,0.000000,0.000000,0.000000,0.000000,0.000000,0.000000,0.000000,0.000000,0.000000
2.0,2026082701.000000,41.000000,7.000000,57.000000,-30.000000,0.000000,1.000000,1.000000,3.000000,1936.000000,1936.000000,884.000000,1937.000000,1937.000000,885.000000,1937.000000,1937.000000,885.000000,1.000000,3.907584,1.000000,1.000000,1.000000,0.000000,0.000000,0.000000,0.000000,0.000000,0.000000,0.000000,0.000000,0.000000,0.000000,0.000000
2.0,2026082701.000000,41.000000,7.000000,57.000000,-30.000000,0.000000,1.000000,1.000000,4.000000,1937.000000,1937.000000,885.000000,1938.000000,1938.000000,886.000000,1938.000000,1938.000000,886.000000,1.000000,3.966916,1.000000,1.000000,1.000000,0.000000,0.000000,0.000000,0.000000,0.000000,0.000000,0.000000,0.000000,0.000000,0.000000,0.000000
2.0,2026082701.000000,41.000000,7.000000,57.000000,-30.000000,0.000000,1.000000,2.000000,1.000000,1938.000000,1938.000000,886.000000,1939.000000,1939.000000,887.000000,1939.000000,1939.000000,887.000000,1.000000,4.991314,1.000000,1.000000,1.000000,0.000000,0.000000,0.000000,0.000000,0.000000,0.000000,0.000000,0.000000,0.000000,0.000000,0.000000
2.0,2026082701.000000,41.000000,7.000000,57.000000,-30.000000,0.000000,1.000000,2.000000,2.000000,1939.000000,1939.000000,887.000000,1940.000000,1940.000000,888.000000,1940.000000,1940.000000,888.000000,1.000000,3.992068,1.000000,1.000000,1.000000,0.000000,0.000000,0.000000,0.000000,0.000000,0.000000,0.000000,0.000000,0.000000,0.000000,0.000000
2.0,2026082701.000000,41.000000,7.000000,57.000000,-30.000000,0.000000,1.000000,2.000000,3.000000,1940.000000,1940.000000,888.000000,1941.000000,1941.000000,889.000000,1941.000000,1941.000000,889.000000,1.000000,3.935084,1.000000,1.000000,1.000000,0.000000,0.000000,0.000000,0.000000,0.000000,0.000000,0.000000,0.000000,0.000000,0.000000,0.000000
2.0,2026082701.000000,41.000000,7.000000,57.000000,-30.000000,0.000000,1.000000,2.000000,4.000000,1941.000000,1941.000000,889.000000,1942.000000,1942.000000,890.000000,1942.000000,1942.000000,890.000000,1.000000,3.940695,1.000000,1.000000,1.000000,0.000000,0.000000,0.000000,0.000000,0.000000,0.000000,0.000000,0.000000,0.000000,0.000000,0.000000
2.0,2026082701.000000,41.000000,7.000000,58.000000,-30.000000,90.000000,1.000000,1.000000,1.000000,1942.000000,1942.000000,890.000000,1943.000000,1943.000000,891.000000,1943.000000,1943.000000,891.000000,1.000000,5.127735,1.000000,1.000000,1.000000,0.000000,0.000000,0.000000,0.000000,0.000000,0.000000,0.000000,0.000000,0.000000,0.000000,0.000000
2.0,2026082701.000000,41.000000,7.000000,58.000000,-30.000000,90.000000,1.000000,1.000000,2.000000,1943.000000,1943.000000,891.000000,1944.000000,1944.000000,892.000000,1945.000000,1945.000000,892.000000,1.000000,3.890730,1.000000,1.000000,1.000000,1.000000,1.000000,0.000000,1.000000,1.000000,1.000000,15.000000,0.000000,0.000000,0.000000,0.000000
2.0,2026082701.000000,41.000000,7.000000,58.000000,-30.000000,90.000000,1.000000,1.000000,3.000000,1945.000000,1945.000000,892.000000,1946.000000,1946.000000,893.000000,1946.000000,1946.000000,893.000000,1.000000,3.905529,1.000000,1.000000,1.000000,0.000000,0.000000,0.000000,0.000000,0.000000,0.000000,0.000000,0.000000,0.000000,0.000000,0.000000
2.0,2026082701.000000,41.000000,7.000000,58.000000,-30.000000,90.000000,1.000000,1.000000,4.000000,1946.000000,1946.000000,893.000000,1947.000000,1947.000000,894.000000,1947.000000,1947.000000,894.000000,1.000000,4.040637,1.000000,1.000000,1.000000,0.000000,0.000000,0.000000,0.000000,0.000000,0.000000,0.000000,0.000000,0.000000,0.000000,0.000000
2.0,2026082701.000000,41.000000,7.000000,58.000000,-30.000000,90.000000,1.000000,2.000000,1.000000,1947.000000,1947.000000,894.000000,1948.000000,1948.000000,895.000000,1948.000000,1948.000000,895.000000,1.000000,4.999727,1.000000,1.000000,1.000000,0.000000,0.000000,0.000000,0.000000,0.000000,0.000000,0.000000,0.000000,0.000000,0.000000,0.000000
2.0,2026082701.000000,41.000000,7.000000,58.000000,-30.000000,90.000000,1.000000,2.000000,2.000000,1948.000000,1948.000000,895.000000,1949.000000,1949.000000,896.000000,1949.000000,1949.000000,896.000000,1.000000,3.997815,1.000000,1.000000,1.000000,0.000000,0.000000,0.000000,0.000000,0.000000,0.000000,0.000000,0.000000,0.000000,0.000000,0.000000
2.0,2026082701.000000,41.000000,7.000000,58.000000,-30.000000,90.000000,1.000000,2.000000,3.000000,1949.000000,1949.000000,896.000000,1950.000000,1950.000000,897.000000,1950.000000,1950.000000,897.000000,1.000000,3.975529,1.000000,1.000000,1.000000,0.000000,0.000000,0.000000,0.000000,0.000000,0.000000,0.000000,0.000000,0.000000,0.000000,0.000000
2.0,2026082701.000000,41.000000,7.000000,58.000000,-30.000000,90.000000,1.000000,2.000000,4.000000,1950.000000,1950.000000,897.000000,1951.000000,1951.000000,898.000000,1951.000000,1951.000000,898.000000,1.000000,3.968193,1.000000,1.000000,1.000000,0.000000,0.000000,0.000000,0.000000,0.000000,0.000000,0.000000,0.000000,0.000000,0.000000,0.000000
2.0,2026082701.000000,41.000000,7.000000,59.000000,-30.000000,180.000000,1.000000,1.000000,1.000000,1951.000000,1951.000000,898.000000,1952.000000,1952.000000,899.000000,1952.000000,1952.000000,899.000000,1.000000,4.933808,1.000000,1.000000,1.000000,0.000000,0.000000,0.000000,0.000000,0.000000,0.000000,0.000000,0.000000,0.000000,0.000000,0.000000
2.0,2026082701.000000,41.000000,7.000000,59.000000,-30.000000,180.000000,1.000000,1.000000,2.000000,1952.000000,1952.000000,899.000000,1953.000000,1953.000000,900.000000,1953.000000,1953.000000,900.000000,1.000000,4.086234,1.000000,1.000000,1.000000,0.000000,0.000000,0.000000,0.000000,0.000000,0.000000,0.000000,0.000000,0.000000,0.000000,0.000000
2.0,2026082701.000000,41.000000,7.000000,59.000000,-30.000000,180.000000,1.000000,1.000000,3.000000,1953.000000,1953.000000,900.000000,1954.000000,1954.000000,901.000000,1954.000000,1954.000000,901.000000,1.000000,4.078923,1.000000,1.000000,1.000000,0.000000,0.000000,0.000000,0.000000,0.000000,0.000000,0.000000,0.000000,0.000000,0.000000,0.000000
2.0,2026082701.000000,41.000000,7.000000,59.000000,-30.000000,180.000000,1.000000,1.000000,4.000000,1954.000000,1954.000000,901.000000,1955.000000,1955.000000,902.000000,1955.000000,1955.000000,902.000000,1.000000,3.804356,1.000000,1.000000,1.000000,0.000000,0.000000,0.000000,0.000000,0.000000,0.000000,0.000000,0.000000,0.000000,0.000000,0.000000
2.0,2026082701.000000,41.000000,7.000000,59.000000,-30.000000,180.000000,1.000000,2.000000,1.000000,1955.000000,1955.000000,902.000000,1956.000000,1956.000000,903.000000,1956.000000,1956.000000,903.000000,1.000000,4.997382,1.000000,1.000000,1.000000,0.000000,0.000000,0.000000,0.000000,0.000000,0.000000,0.000000,0.000000,0.000000,0.000000,0.000000
2.0,2026082701.000000,41.000000,7.000000,59.000000,-30.000000,180.000000,1.000000,2.000000,2.000000,1956.000000,1956.000000,903.000000,1957.000000,1957.000000,904.000000,1957.000000,1957.000000,904.000000,1.000000,4.007397,1.000000,1.000000,1.000000,0.000000,0.000000,0.000000,0.000000,0.000000,0.000000,0.000000,0.000000,0.000000,0.000000,0.000000
2.0,2026082701.000000,41.000000,7.000000,59.000000,-30.000000,180.000000,1.000000,2.000000,3.000000,1957.000000,1957.000000,904.000000,1958.000000,1958.000000,905.000000,1958.000000,1958.000000,905.000000,1.000000,3.938864,1.000000,1.000000,1.000000,0.000000,0.000000,0.000000,0.000000,0.000000,0.000000,0.000000,0.000000,0.000000,0.000000,0.000000
2.0,2026082701.000000,41.000000,7.000000,59.000000,-30.000000,180.000000,1.000000,2.000000,4.000000,1958.000000,1958.000000,905.000000,1959.000000,1959.000000,906.000000,1959.000000,1959.000000,906.000000,1.000000,3.936916,1.000000,1.000000,1.000000,0.000000,0.000000,0.000000,0.000000,0.000000,0.000000,0.000000,0.000000,0.000000,0.000000,0.000000
2.0,2026082701.000000,41.000000,7.000000,60.000000,-30.000000,270.000000,1.000000,1.000000,1.000000,1959.000000,1959.000000,906.000000,1960.000000,1960.000000,907.000000,1960.000000,1960.000000,907.000000,1.000000,4.983055,1.000000,1.000000,1.000000,0.000000,0.000000,0.000000,0.000000,0.000000,0.000000,0.000000,0.000000,0.000000,0.000000,0.000000
2.0,2026082701.000000,41.000000,7.000000,60.000000,-30.000000,270.000000,1.000000,1.000000,2.000000,1960.000000,1960.000000,907.000000,1961.000000,1961.000000,908.000000,1961.000000,1961.000000,908.000000,1.000000,4.087064,1.000000,1.000000,1.000000,0.000000,0.000000,0.000000,0.000000,0.000000,0.000000,0.000000,0.000000,0.000000,0.000000,0.000000
2.0,2026082701.000000,41.000000,7.000000,60.000000,-30.000000,270.000000,1.000000,1.000000,3.000000,1961.000000,1961.000000,908.000000,1962.000000,1962.000000,909.000000,1962.000000,1962.000000,909.000000,1.000000,3.636362,1.000000,1.000000,1.000000,0.000000,0.000000,0.000000,0.000000,0.000000,0.000000,0.000000,0.000000,0.000000,0.000000,0.000000
2.0,2026082701.000000,41.000000,7.000000,60.000000,-30.000000,270.000000,1.000000,1.000000,4.000000,1962.000000,1962.000000,909.000000,1963.000000,1963.000000,910.000000,1963.000000,1963.000000,910.000000,1.000000,4.185856,1.000000,1.000000,1.000000,0.000000,0.000000,0.000000,0.000000,0.000000,0.000000,0.000000,0.000000,0.000000,0.000000,0.000000
2.0,2026082701.000000,41.000000,7.000000,60.000000,-30.000000,270.000000,1.000000,2.000000,1.000000,1963.000000,1963.000000,910.000000,1964.000000,1964.000000,911.000000,1964.000000,1964.000000,911.000000,1.000000,4.996034,1.000000,1.000000,1.000000,0.000000,0.000000,0.000000,0.000000,0.000000,0.000000,0.000000,0.000000,0.000000,0.000000,0.000000
2.0,2026082701.000000,41.000000,7.000000,60.000000,-30.000000,270.000000,1.000000,2.000000,2.000000,1964.000000,1964.000000,911.000000,1965.000000,1965.000000,912.000000,1965.000000,1965.000000,912.000000,1.000000,3.996653,1.000000,1.000000,1.000000,0.000000,0.000000,0.000000,0.000000,0.000000,0.000000,0.000000,0.000000,0.000000,0.000000,0.000000
2.0,2026082701.000000,41.000000,7.000000,60.000000,-30.000000,270.000000,1.000000,2.000000,3.000000,1965.000000,1965.000000,912.000000,1966.000000,1966.000000,913.000000,1966.000000,1966.000000,913.000000,1.000000,3.900359,1.000000,1.000000,1.000000,0.000000,0.000000,0.000000,0.000000,0.000000,0.000000,0.000000,0.000000,0.000000,0.000000,0.000000
2.0,2026082701.000000,41.000000,7.000000,60.000000,-30.000000,270.000000,1.000000,2.000000,4.000000,1966.000000,1966.000000,913.000000,1967.000000,1967.000000,914.000000,1967.000000,1967.000000,914.000000,1.000000,3.920524,1.000000,1.000000,1.000000,0.000000,0.000000,0.000000,0.000000,0.000000,0.000000,0.000000,0.000000,0.000000,0.000000,0.000000
2.0,2026082701.000000,41.000000,7.000000,61.000000,-30.000000,0.000000,1.000000,1.000000,1.000000,1967.000000,1967.000000,914.000000,1968.000000,1968.000000,915.000000,1968.000000,1968.000000,915.000000,1.000000,4.996314,1.000000,1.000000,1.000000,0.000000,0.000000,0.000000,0.000000,0.000000,0.000000,0.000000,0.000000,0.000000,0.000000,0.000000
2.0,2026082701.000000,41.000000,7.000000,61.000000,-30.000000,0.000000,1.000000,1.000000,2.000000,1968.000000,1968.000000,915.000000,1969.000000,1969.000000,916.000000,1969.000000,1969.000000,916.000000,1.000000,3.887901,1.000000,1.000000,1.000000,0.000000,0.000000,0.000000,0.000000,0.000000,0.000000,0.000000,0.000000,0.000000,0.000000,0.000000
2.0,2026082701.000000,41.000000,7.000000,61.000000,-30.000000,0.000000,1.000000,1.000000,3.000000,1969.000000,1969.000000,916.000000,1970.000000,1970.000000,917.000000,1970.000000,1970.000000,917.000000,1.000000,3.830918,1.000000,1.000000,1.000000,0.000000,0.000000,0.000000,0.000000,0.000000,0.000000,0.000000,0.000000,0.000000,0.000000,0.000000
2.0,2026082701.000000,41.000000,7.000000,61.000000,-30.000000,0.000000,1.000000,1.000000,4.000000,1970.000000,1970.000000,917.000000,1971.000000,1971.000000,918.000000,1971.000000,1971.000000,918.000000,1.000000,4.039416,1.000000,1.000000,1.000000,0.000000,0.000000,0.000000,0.000000,0.000000,0.000000,0.000000,0.000000,0.000000,0.000000,0.000000
2.0,2026082701.000000,41.000000,7.000000,61.000000,-30.000000,0.000000,1.000000,2.000000,1.000000,1971.000000,1971.000000,918.000000,1972.000000,1972.000000,919.000000,1972.000000,1972.000000,919.000000,1.000000,4.992975,1.000000,1.000000,1.000000,0.000000,0.000000,0.000000,0.000000,0.000000,0.000000,0.000000,0.000000,0.000000,0.000000,0.000000
2.0,2026082701.000000,41.000000,7.000000,61.000000,-30.000000,0.000000,1.000000,2.000000,2.000000,1972.000000,1972.000000,919.000000,1973.000000,1973.000000,920.000000,1973.000000,1973.000000,920.000000,1.000000,4.012901,1.000000,1.000000,1.000000,0.000000,0.000000,0.000000,0.000000,0.000000,0.000000,0.000000,0.000000,0.000000,0.000000,0.000000
2.0,2026082701.000000,41.000000,7.000000,61.000000,-30.000000,0.000000,1.000000,2.000000,3.000000,1973.000000,1973.000000,920.000000,1974.000000,1974.000000,921.000000,1974.000000,1974.000000,921.000000,1.000000,3.935918,1.000000,1.000000,1.000000,0.000000,0.000000,0.000000,0.000000,0.000000,0.000000,0.000000,0.000000,0.000000,0.000000,0.000000
2.0,2026082701.000000,41.000000,7.000000,61.000000,-30.000000,0.000000,1.000000,2.000000,4.000000,1974.000000,1974.000000,921.000000,1975.000000,1975.000000,922.000000,1975.000000,1975.000000,922.000000,1.000000,3.926529,1.000000,1.000000,1.000000,0.000000,0.000000,0.000000,0.000000,0.000000,0.000000,0.000000,0.000000,0.000000,0.000000,0.000000
2.0,2026082701.000000,41.000000,7.000000,62.000000,45.000000,0.000000,1.000000,1.000000,1.000000,1975.000000,1975.000000,922.000000,1976.000000,1976.000000,923.000000,1976.000000,1976.000000,923.000000,1.000000,4.898364,1.000000,1.000000,1.000000,0.000000,0.000000,0.000000,0.000000,0.000000,0.000000,0.000000,0.000000,0.000000,0.000000,0.000000
2.0,2026082701.000000,41.000000,7.000000,62.000000,45.000000,0.000000,1.000000,1.000000,2.000000,1976.000000,1976.000000,923.000000,1977.000000,1977.000000,924.000000,1977.000000,1977.000000,924.000000,1.000000,4.040922,1.000000,1.000000,1.000000,0.000000,0.000000,0.000000,0.000000,0.000000,0.000000,0.000000,0.000000,0.000000,0.000000,0.000000
2.0,2026082701.000000,41.000000,7.000000,62.000000,45.000000,0.000000,1.000000,1.000000,3.000000,1977.000000,1977.000000,924.000000,1978.000000,1978.000000,925.000000,1978.000000,1978.000000,925.000000,1.000000,3.928617,1.000000,1.000000,1.000000,0.000000,0.000000,0.000000,0.000000,0.000000,0.000000,0.000000,0.000000,0.000000,0.000000,0.000000
2.0,2026082701.000000,41.000000,7.000000,62.000000,45.000000,0.000000,1.000000,1.000000,4.000000,1978.000000,1978.000000,925.000000,1979.000000,1979.000000,926.000000,1979.000000,1979.000000,926.000000,1.000000,3.912550,1.000000,1.000000,1.000000,0.000000,0.000000,0.000000,0.000000,0.000000,0.000000,0.000000,0.000000,0.000000,0.000000,0.000000
2.0,2026082701.000000,41.000000,7.000000,62.000000,45.000000,0.000000,1.000000,2.000000,1.000000,1979.000000,1979.000000,926.000000,1980.000000,1980.000000,927.000000,1980.000000,1980.000000,927.000000,1.000000,4.998251,1.000000,1.000000,1.000000,0.000000,0.000000,0.000000,0.000000,0.000000,0.000000,0.000000,0.000000,0.000000,0.000000,0.000000
2.0,2026082701.000000,41.000000,7.000000,62.000000,45.000000,0.000000,1.000000,2.000000,2.000000,1980.000000,1980.000000,927.000000,1981.000000,1981.000000,928.000000,1981.000000,1981.000000,928.000000,1.000000,4.013422,1.000000,1.000000,1.000000,0.000000,0.000000,0.000000,0.000000,0.000000,0.000000,0.000000,0.000000,0.000000,0.000000,0.000000
2.0,2026082701.000000,41.000000,7.000000,62.000000,45.000000,0.000000,1.000000,2.000000,3.000000,1981.000000,1981.000000,928.000000,1982.000000,1982.000000,929.000000,1982.000000,1982.000000,929.000000,1.000000,3.924450,1.000000,1.000000,1.000000,0.000000,0.000000,0.000000,0.000000,0.000000,0.000000,0.000000,0.000000,0.000000,0.000000,0.000000
2.0,2026082701.000000,41.000000,7.000000,62.000000,45.000000,0.000000,1.000000,2.000000,4.000000,1982.000000,1982.000000,929.000000,1983.000000,1983.000000,930.000000,1983.000000,1983.000000,930.000000,1.000000,3.909216,1.000000,1.000000,1.000000,0.000000,0.000000,0.000000,0.000000,0.000000,0.000000,0.000000,0.000000,0.000000,0.000000,0.000000
2.0,2026082701.000000,41.000000,7.000000,63.000000,45.000000,90.000000,1.000000,1.000000,1.000000,1983.000000,1983.000000,930.000000,1984.000000,1984.000000,931.000000,1984.000000,1984.000000,931.000000,1.000000,4.852034,1.000000,1.000000,1.000000,0.000000,0.000000,0.000000,0.000000,0.000000,0.000000,0.000000,0.000000,0.000000,0.000000,0.000000
2.0,2026082701.000000,41.000000,7.000000,63.000000,45.000000,90.000000,1.000000,1.000000,2.000000,1984.000000,1984.000000,931.000000,1985.000000,1985.000000,932.000000,1985.000000,1985.000000,932.000000,1.000000,4.187926,1.000000,1.000000,1.000000,0.000000,0.000000,0.000000,0.000000,0.000000,0.000000,0.000000,0.000000,0.000000,0.000000,0.000000
2.0,2026082701.000000,41.000000,7.000000,63.000000,45.000000,90.000000,1.000000,1.000000,3.000000,1985.000000,1985.000000,932.000000,1986.000000,1986.000000,933.000000,1986.000000,1986.000000,933.000000,1.000000,4.104311,1.000000,1.000000,1.000000,0.000000,0.000000,0.000000,0.000000,0.000000,0.000000,0.000000,0.000000,0.000000,0.000000,0.000000
2.0,2026082701.000000,41.000000,7.000000,63.000000,45.000000,90.000000,1.000000,1.000000,4.000000,1986.000000,1986.000000,933.000000,1987.000000,1987.000000,934.000000,1987.000000,1987.000000,934.000000,1.000000,3.794980,1.000000,1.000000,1.000000,0.000000,0.000000,0.000000,0.000000,0.000000,0.000000,0.000000,0.000000,0.000000,0.000000,0.000000
2.0,2026082701.000000,41.000000,7.000000,63.000000,45.000000,90.000000,1.000000,2.000000,1.000000,1987.000000,1987.000000,934.000000,1988.000000,1988.000000,935.000000,1988.000000,1988.000000,935.000000,1.000000,4.997643,1.000000,1.000000,1.000000,0.000000,0.000000,0.000000,0.000000,0.000000,0.000000,0.000000,0.000000,0.000000,0.000000,0.000000
2.0,2026082701.000000,41.000000,7.000000,63.000000,45.000000,90.000000,1.000000,2.000000,2.000000,1988.000000,1988.000000,935.000000,1989.000000,1989.000000,936.000000,1989.000000,1989.000000,936.000000,1.000000,3.996868,1.000000,1.000000,1.000000,0.000000,0.000000,0.000000,0.000000,0.000000,0.000000,0.000000,0.000000,0.000000,0.000000,0.000000
2.0,2026082701.000000,41.000000,7.000000,63.000000,45.000000,90.000000,1.000000,2.000000,3.000000,1989.000000,1989.000000,936.000000,1990.000000,1990.000000,937.000000,1990.000000,1990.000000,937.000000,1.000000,3.942853,1.000000,1.000000,1.000000,0.000000,0.000000,0.000000,0.000000,0.000000,0.000000,0.000000,0.000000,0.000000,0.000000,0.000000
2.0,2026082701.000000,41.000000,7.000000,63.000000,45.000000,90.000000,1.000000,2.000000,4.000000,1990.000000,1990.000000,937.000000,1991.000000,1991.000000,938.000000,1991.000000,1991.000000,938.000000,1.000000,3.950119,1.000000,1.000000,1.000000,0.000000,0.000000,0.000000,0.000000,0.000000,0.000000,0.000000,0.000000,0.000000,0.000000,0.000000
2.0,2026082701.000000,41.000000,7.000000,64.000000,45.000000,180.000000,1.000000,1.000000,1.000000,1991.000000,1991.000000,938.000000,1992.000000,1992.000000,939.000000,1992.000000,1992.000000,939.000000,1.000000,5.002642,1.000000,1.000000,1.000000,0.000000,0.000000,0.000000,0.000000,0.000000,0.000000,0.000000,0.000000,0.000000,0.000000,0.000000
2.0,2026082701.000000,41.000000,7.000000,64.000000,45.000000,180.000000,1.000000,1.000000,2.000000,1992.000000,1992.000000,939.000000,1993.000000,1993.000000,940.000000,1993.000000,1993.000000,940.000000,1.000000,4.023309,1.000000,1.000000,1.000000,0.000000,0.000000,0.000000,0.000000,0.000000,0.000000,0.000000,0.000000,0.000000,0.000000,0.000000
2.0,2026082701.000000,41.000000,7.000000,64.000000,45.000000,180.000000,1.000000,1.000000,3.000000,1993.000000,1993.000000,940.000000,1994.000000,1994.000000,941.000000,1994.000000,1994.000000,941.000000,1.000000,4.228482,1.000000,1.000000,1.000000,0.000000,0.000000,0.000000,0.000000,0.000000,0.000000,0.000000,0.000000,0.000000,0.000000,0.000000
2.0,2026082701.000000,41.000000,7.000000,64.000000,45.000000,180.000000,1.000000,1.000000,4.000000,1994.000000,1994.000000,941.000000,1995.000000,1995.000000,942.000000,1995.000000,1995.000000,942.000000,1.000000,3.639915,1.000000,1.000000,1.000000,0.000000,0.000000,0.000000,0.000000,0.000000,0.000000,0.000000,0.000000,0.000000,0.000000,0.000000
2.0,2026082701.000000,41.000000,7.000000,64.000000,45.000000,180.000000,1.000000,2.000000,1.000000,1995.000000,1995.000000,942.000000,1996.000000,1996.000000,943.000000,1996.000000,1996.000000,943.000000,1.000000,4.995975,1.000000,1.000000,1.000000,0.000000,0.000000,0.000000,0.000000,0.000000,0.000000,0.000000,0.000000,0.000000,0.000000,0.000000
2.0,2026082701.000000,41.000000,7.000000,64.000000,45.000000,180.000000,1.000000,2.000000,2.000000,1996.000000,1996.000000,943.000000,1997.000000,1997.000000,944.000000,1997.000000,1997.000000,944.000000,1.000000,3.997814,1.000000,1.000000,1.000000,0.000000,0.000000,0.000000,0.000000,0.000000,0.000000,0.000000,0.000000,0.000000,0.000000,0.000000
2.0,2026082701.000000,41.000000,7.000000,64.000000,45.000000,180.000000,1.000000,2.000000,3.000000,1997.000000,1997.000000,944.000000,1998.000000,1998.000000,945.000000,1998.000000,1998.000000,945.000000,1.000000,3.930216,1.000000,1.000000,1.000000,0.000000,0.000000,0.000000,0.000000,0.000000,0.000000,0.000000,0.000000,0.000000,0.000000,0.000000
2.0,2026082701.000000,41.000000,7.000000,64.000000,45.000000,180.000000,1.000000,2.000000,4.000000,1998.000000,1998.000000,945.000000,1999.000000,1999.000000,946.000000,1999.000000,1999.000000,946.000000,1.000000,3.930883,1.000000,1.000000,1.000000,0.000000,0.000000,0.000000,0.000000,0.000000,0.000000,0.000000,0.000000,0.000000,0.000000,0.000000
2.0,2026082701.000000,41.000000,7.000000,65.000000,45.000000,270.000000,1.000000,1.000000,1.000000,1999.000000,1999.000000,946.000000,2000.000000,2000.000000,947.000000,2000.000000,2000.000000,947.000000,1.000000,5.219852,1.000000,1.000000,1.000000,0.000000,0.000000,0.000000,0.000000,0.000000,0.000000,0.000000,0.000000,0.000000,0.000000,0.000000
2.0,2026082701.000000,41.000000,7.000000,65.000000,45.000000,270.000000,1.000000,1.000000,2.000000,2000.000000,2000.000000,947.000000,2001.000000,2001.000000,948.000000,2001.000000,2001.000000,948.000000,1.000000,3.803582,1.000000,1.000000,1.000000,0.000000,0.000000,0.000000,0.000000,0.000000,0.000000,0.000000,0.000000,0.000000,0.000000,0.000000
2.0,2026082701.000000,41.000000,7.000000,65.000000,45.000000,270.000000,1.000000,1.000000,3.000000,2001.000000,2001.000000,948.000000,2002.000000,2002.000000,949.000000,2002.000000,2002.000000,949.000000,1.000000,3.926811,1.000000,1.000000,1.000000,0.000000,0.000000,0.000000,0.000000,0.000000,0.000000,0.000000,0.000000,0.000000,0.000000,0.000000
2.0,2026082701.000000,41.000000,7.000000,65.000000,45.000000,270.000000,1.000000,1.000000,4.000000,2002.000000,2002.000000,949.000000,2003.000000,2003.000000,950.000000,2003.000000,2003.000000,950.000000,1.000000,3.884632,1.000000,1.000000,1.000000,0.000000,0.000000,0.000000,0.000000,0.000000,0.000000,0.000000,0.000000,0.000000,0.000000,0.000000
2.0,2026082701.000000,41.000000,7.000000,65.000000,45.000000,270.000000,1.000000,2.000000,1.000000,2003.000000,2003.000000,950.000000,2004.000000,2004.000000,951.000000,2004.000000,2004.000000,951.000000,1.000000,4.999263,1.000000,1.000000,1.000000,0.000000,0.000000,0.000000,0.000000,0.000000,0.000000,0.000000,0.000000,0.000000,0.000000,0.000000
2.0,2026082701.000000,41.000000,7.000000,65.000000,45.000000,270.000000,1.000000,2.000000,2.000000,2004.000000,2004.000000,951.000000,2005.000000,2005.000000,952.000000,2005.000000,2005.000000,952.000000,1.000000,4.000248,1.000000,1.000000,1.000000,0.000000,0.000000,0.000000,0.000000,0.000000,0.000000,0.000000,0.000000,0.000000,0.000000,0.000000
2.0,2026082701.000000,41.000000,7.000000,65.000000,45.000000,270.000000,1.000000,2.000000,3.000000,2005.000000,2005.000000,952.000000,2006.000000,2006.000000,953.000000,2006.000000,2006.000000,953.000000,1.000000,3.889727,1.000000,1.000000,1.000000,0.000000,0.000000,0.000000,0.000000,0.000000,0.000000,0.000000,0.000000,0.000000,0.000000,0.000000
2.0,2026082701.000000,41.000000,7.000000,65.000000,45.000000,270.000000,1.000000,2.000000,4.000000,2006.000000,2006.000000,953.000000,2007.000000,2007.000000,954.000000,2007.000000,2007.000000,954.000000,1.000000,3.917272,1.000000,1.000000,1.000000,0.000000,0.000000,0.000000,0.000000,0.000000,0.000000,0.000000,0.000000,0.000000,0.000000,0.000000
2.0,2026082701.000000,41.000000,7.000000,66.000000,45.000000,0.000000,1.000000,1.000000,1.000000,2007.000000,2007.000000,954.000000,2008.000000,2008.000000,955.000000,2008.000000,2008.000000,955.000000,1.000000,4.850030,1.000000,1.000000,1.000000,0.000000,0.000000,0.000000,0.000000,0.000000,0.000000,0.000000,0.000000,0.000000,0.000000,0.000000
2.0,2026082701.000000,41.000000,7.000000,66.000000,45.000000,0.000000,1.000000,1.000000,2.000000,2008.000000,2008.000000,955.000000,2009.000000,2009.000000,956.000000,2009.000000,2009.000000,956.000000,1.000000,4.074255,1.000000,1.000000,1.000000,0.000000,0.000000,0.000000,0.000000,0.000000,0.000000,0.000000,0.000000,0.000000,0.000000,0.000000
2.0,2026082701.000000,41.000000,7.000000,66.000000,45.000000,0.000000,1.000000,1.000000,3.000000,2009.000000,2009.000000,956.000000,2010.000000,2010.000000,957.000000,2010.000000,2010.000000,957.000000,1.000000,3.686117,1.000000,1.000000,1.000000,0.000000,0.000000,0.000000,0.000000,0.000000,0.000000,0.000000,0.000000,0.000000,0.000000,0.000000
2.0,2026082701.000000,41.000000,7.000000,66.000000,45.000000,0.000000,1.000000,1.000000,4.000000,2010.000000,2010.000000,957.000000,2011.000000,2011.000000,958.000000,2011.000000,2011.000000,958.000000,1.000000,4.166716,1.000000,1.000000,1.000000,0.000000,0.000000,0.000000,0.000000,0.000000,0.000000,0.000000,0.000000,0.000000,0.000000,0.000000
2.0,2026082701.000000,41.000000,7.000000,66.000000,45.000000,0.000000,1.000000,2.000000,1.000000,2011.000000,2011.000000,958.000000,2012.000000,2012.000000,959.000000,2012.000000,2012.000000,959.000000,1.000000,4.995864,1.000000,1.000000,1.000000,0.000000,0.000000,0.000000,0.000000,0.000000,0.000000,0.000000,0.000000,0.000000,0.000000,0.000000
2.0,2026082701.000000,41.000000,7.000000,66.000000,45.000000,0.000000,1.000000,2.000000,2.000000,2012.000000,2012.000000,959.000000,2013.000000,2013.000000,960.000000,2013.000000,2013.000000,960.000000,1.000000,4.003422,1.000000,1.000000,1.000000,0.000000,0.000000,0.000000,0.000000,0.000000,0.000000,0.000000,0.000000,0.000000,0.000000,0.000000
2.0,2026082701.000000,41.000000,7.000000,66.000000,45.000000,0.000000,1.000000,2.000000,3.000000,2013.000000,2013.000000,960.000000,2014.000000,2014.000000,961.000000,2014.000000,2014.000000,961.000000,1.000000,3.916950,1.000000,1.000000,1.000000,0.000000,0.000000,0.000000,0.000000,0.000000,0.000000,0.000000,0.000000,0.000000,0.000000,0.000000
2.0,2026082701.000000,41.000000,7.000000,66.000000,45.000000,0.000000,1.000000,2.000000,4.000000,2014.000000,2014.000000,961.000000,2015.000000,2015.000000,962.000000,2015.000000,2015.000000,962.000000,1.000000,3.920883,1.000000,1.000000,1.000000,0.000000,0.000000,0.000000,0.000000,0.000000,0.000000,0.000000,0.000000,0.000000,0.000000,0.000000
2.0,2026082701.000000,41.000000,7.000000,67.000000,-45.000000,0.000000,1.000000,1.000000,1.000000,2015.000000,2015.000000,962.000000,2016.000000,2016.000000,963.000000,2016.000000,2016.000000,963.000000,1.000000,4.929182,1.000000,1.000000,1.000000,0.000000,0.000000,0.000000,0.000000,0.000000,0.000000,0.000000,0.000000,0.000000,0.000000,0.000000
2.0,2026082701.000000,41.000000,7.000000,67.000000,-45.000000,0.000000,1.000000,1.000000,2.000000,2016.000000,2016.000000,963.000000,2017.000000,2017.000000,964.000000,2017.000000,2017.000000,964.000000,1.000000,4.149123,1.000000,1.000000,1.000000,0.000000,0.000000,0.000000,0.000000,0.000000,0.000000,0.000000,0.000000,0.000000,0.000000,0.000000
2.0,2026082701.000000,41.000000,7.000000,67.000000,-45.000000,0.000000,1.000000,1.000000,3.000000,2017.000000,2017.000000,964.000000,2018.000000,2018.000000,965.000000,2018.000000,2018.000000,965.000000,1.000000,3.905883,1.000000,1.000000,1.000000,0.000000,0.000000,0.000000,0.000000,0.000000,0.000000,0.000000,0.000000,0.000000,0.000000,0.000000
2.0,2026082701.000000,41.000000,7.000000,67.000000,-45.000000,0.000000,1.000000,1.000000,4.000000,2018.000000,2018.000000,965.000000,2019.000000,2019.000000,966.000000,2019.000000,2019.000000,966.000000,1.000000,3.967783,1.000000,1.000000,1.000000,0.000000,0.000000,0.000000,0.000000,0.000000,0.000000,0.000000,0.000000,0.000000,0.000000,0.000000
2.0,2026082701.000000,41.000000,7.000000,67.000000,-45.000000,0.000000,1.000000,2.000000,1.000000,2019.000000,2019.000000,966.000000,2020.000000,2020.000000,967.000000,2020.000000,2020.000000,967.000000,1.000000,5.002515,1.000000,1.000000,1.000000,0.000000,0.000000,0.000000,0.000000,0.000000,0.000000,0.000000,0.000000,0.000000,0.000000,0.000000
2.0,2026082701.000000,41.000000,7.000000,67.000000,-45.000000,0.000000,1.000000,2.000000,2.000000,2020.000000,2020.000000,967.000000,2021.000000,2021.000000,968.000000,2021.000000,2021.000000,968.000000,1.000000,4.018239,1.000000,1.000000,1.000000,0.000000,0.000000,0.000000,0.000000,0.000000,0.000000,0.000000,0.000000,0.000000,0.000000,0.000000
2.0,2026082701.000000,41.000000,7.000000,67.000000,-45.000000,0.000000,1.000000,2.000000,3.000000,2021.000000,2021.000000,968.000000,2022.000000,2022.000000,969.000000,2022.000000,2022.000000,969.000000,1.000000,3.935883,1.000000,1.000000,1.000000,0.000000,0.000000,0.000000,0.000000,0.000000,0.000000,0.000000,0.000000,0.000000,0.000000,0.000000
2.0,2026082701.000000,41.000000,7.000000,67.000000,-45.000000,0.000000,1.000000,2.000000,4.000000,2022.000000,2022.000000,969.000000,2023.000000,2023.000000,970.000000,2023.000000,2023.000000,970.000000,1.000000,3.928617,1.000000,1.000000,1.000000,0.000000,0.000000,0.000000,0.000000,0.000000,0.000000,0.000000,0.000000,0.000000,0.000000,0.000000
2.0,2026082701.000000,41.000000,7.000000,68.000000,-45.000000,90.000000,1.000000,1.000000,1.000000,2023.000000,2023.000000,970.000000,2024.000000,2024.000000,971.000000,2024.000000,2024.000000,971.000000,1.000000,5.164789,1.000000,1.000000,1.000000,0.000000,0.000000,0.000000,0.000000,0.000000,0.000000,0.000000,0.000000,0.000000,0.000000,0.000000
2.0,2026082701.000000,41.000000,7.000000,68.000000,-45.000000,90.000000,1.000000,1.000000,2.000000,2024.000000,2024.000000,971.000000,2025.000000,2025.000000,972.000000,2026.000000,2026.000000,972.000000,1.000000,3.811398,1.000000,1.000000,1.000000,1.000000,1.000000,0.000000,1.000000,1.000000,1.000000,15.000000,0.000000,0.000000,0.000000,0.000000
2.0,2026082701.000000,41.000000,7.000000,68.000000,-45.000000,90.000000,1.000000,1.000000,3.000000,2026.000000,2026.000000,972.000000,2027.000000,2027.000000,973.000000,2027.000000,2027.000000,973.000000,1.000000,3.855883,1.000000,1.000000,1.000000,0.000000,0.000000,0.000000,0.000000,0.000000,0.000000,0.000000,0.000000,0.000000,0.000000,0.000000
2.0,2026082701.000000,41.000000,7.000000,68.000000,-45.000000,90.000000,1.000000,1.000000,4.000000,2027.000000,2027.000000,973.000000,2028.000000,2028.000000,974.000000,2028.000000,2028.000000,974.000000,1.000000,4.092847,1.000000,1.000000,1.000000,0.000000,0.000000,0.000000,0.000000,0.000000,0.000000,0.000000,0.000000,0.000000,0.000000,0.000000
2.0,2026082701.000000,41.000000,7.000000,68.000000,-45.000000,90.000000,1.000000,2.000000,1.000000,2028.000000,2028.000000,974.000000,2029.000000,2029.000000,975.000000,2029.000000,2029.000000,975.000000,1.000000,5.001569,1.000000,1.000000,1.000000,0.000000,0.000000,0.000000,0.000000,0.000000,0.000000,0.000000,0.000000,0.000000,0.000000,0.000000
2.0,2026082701.000000,41.000000,7.000000,68.000000,-45.000000,90.000000,1.000000,2.000000,2.000000,2029.000000,2029.000000,975.000000,2030.000000,2030.000000,976.000000,2030.000000,2030.000000,976.000000,1.000000,3.993403,1.000000,1.000000,1.000000,0.000000,0.000000,0.000000,0.000000,0.000000,0.000000,0.000000,0.000000,0.000000,0.000000,0.000000
2.0,2026082701.000000,41.000000,7.000000,68.000000,-45.000000,90.000000,1.000000,2.000000,3.000000,2030.000000,2030.000000,976.000000,2031.000000,2031.000000,977.000000,2031.000000,2031.000000,977.000000,1.000000,3.986716,1.000000,1.000000,1.000000,0.000000,0.000000,0.000000,0.000000,0.000000,0.000000,0.000000,0.000000,0.000000,0.000000,0.000000
2.0,2026082701.000000,41.000000,7.000000,68.000000,-45.000000,90.000000,1.000000,2.000000,4.000000,2031.000000,2031.000000,977.000000,2032.000000,2032.000000,978.000000,2032.000000,2032.000000,978.000000,1.000000,3.961117,1.000000,1.000000,1.000000,0.000000,0.000000,0.000000,0.000000,0.000000,0.000000,0.000000,0.000000,0.000000,0.000000,0.000000
2.0,2026082701.000000,41.000000,7.000000,69.000000,-45.000000,180.000000,1.000000,1.000000,1.000000,2032.000000,2032.000000,978.000000,2033.000000,2033.000000,979.000000,2033.000000,2033.000000,979.000000,1.000000,4.955469,1.000000,1.000000,1.000000,0.000000,0.000000,0.000000,0.000000,0.000000,0.000000,0.000000,0.000000,0.000000,0.000000,0.000000
2.0,2026082701.000000,41.000000,7.000000,69.000000,-45.000000,180.000000,1.000000,1.000000,2.000000,2033.000000,2033.000000,979.000000,2034.000000,2034.000000,980.000000,2034.000000,2034.000000,980.000000,1.000000,3.988518,1.000000,1.000000,1.000000,0.000000,0.000000,0.000000,0.000000,0.000000,0.000000,0.000000,0.000000,0.000000,0.000000,0.000000
2.0,2026082701.000000,41.000000,7.000000,69.000000,-45.000000,180.000000,1.000000,1.000000,3.000000,2034.000000,2034.000000,980.000000,2035.000000,2035.000000,981.000000,2035.000000,2035.000000,981.000000,1.000000,4.156839,1.000000,1.000000,1.000000,0.000000,0.000000,0.000000,0.000000,0.000000,0.000000,0.000000,0.000000,0.000000,0.000000,0.000000
2.0,2026082701.000000,41.000000,7.000000,69.000000,-45.000000,180.000000,1.000000,1.000000,4.000000,2035.000000,2035.000000,981.000000,2036.000000,2036.000000,982.000000,2036.000000,2036.000000,982.000000,1.000000,3.722600,1.000000,1.000000,1.000000,0.000000,0.000000,0.000000,0.000000,0.000000,0.000000,0.000000,0.000000,0.000000,0.000000,0.000000
2.0,2026082701.000000,41.000000,7.000000,69.000000,-45.000000,180.000000,1.000000,2.000000,1.000000,2036.000000,2036.000000,982.000000,2037.000000,2037.000000,983.000000,2037.000000,2037.000000,983.000000,1.000000,4.994902,1.000000,1.000000,1.000000,0.000000,0.000000,0.000000,0.000000,0.000000,0.000000,0.000000,0.000000,0.000000,0.000000,0.000000
2.0,2026082701.000000,41.000000,7.000000,69.000000,-45.000000,180.000000,1.000000,2.000000,2.000000,2037.000000,2037.000000,983.000000,2038.000000,2038.000000,984.000000,2038.000000,2038.000000,984.000000,1.000000,4.003518,1.000000,1.000000,1.000000,0.000000,0.000000,0.000000,0.000000,0.000000,0.000000,0.000000,0.000000,0.000000,0.000000,0.000000
2.0,2026082701.000000,41.000000,7.000000,69.000000,-45.000000,180.000000,1.000000,2.000000,3.000000,2038.000000,2038.000000,984.000000,2039.000000,2039.000000,985.000000,2039.000000,2039.000000,985.000000,1.000000,3.943261,1.000000,1.000000,1.000000,0.000000,0.000000,0.000000,0.000000,0.000000,0.000000,0.000000,0.000000,0.000000,0.000000,0.000000
2.0,2026082701.000000,41.000000,7.000000,69.000000,-45.000000,180.000000,1.000000,2.000000,4.000000,2039.000000,2039.000000,985.000000,2040.000000,2040.000000,986.000000,2040.000000,2040.000000,986.000000,1.000000,3.926178,1.000000,1.000000,1.000000,0.000000,0.000000,0.000000,0.000000,0.000000,0.000000,0.000000,0.000000,0.000000,0.000000,0.000000
2.0,2026082701.000000,41.000000,7.000000,70.000000,-45.000000,270.000000,1.000000,1.000000,1.000000,2040.000000,2040.000000,986.000000,2041.000000,2041.000000,987.000000,2041.000000,2041.000000,987.000000,1.000000,4.915085,1.000000,1.000000,1.000000,0.000000,0.000000,0.000000,0.000000,0.000000,0.000000,0.000000,0.000000,0.000000,0.000000,0.000000
2.0,2026082701.000000,41.000000,7.000000,70.000000,-45.000000,270.000000,1.000000,1.000000,2.000000,2041.000000,2041.000000,987.000000,2042.000000,2042.000000,988.000000,2042.000000,2042.000000,988.000000,1.000000,4.150523,1.000000,1.000000,1.000000,0.000000,0.000000,0.000000,0.000000,0.000000,0.000000,0.000000,0.000000,0.000000,0.000000,0.000000
2.0,2026082701.000000,41.000000,7.000000,70.000000,-45.000000,270.000000,1.000000,1.000000,3.000000,2042.000000,2042.000000,988.000000,2043.000000,2043.000000,989.000000,2043.000000,2043.000000,989.000000,1.000000,3.718888,1.000000,1.000000,1.000000,0.000000,0.000000,0.000000,0.000000,0.000000,0.000000,0.000000,0.000000,0.000000,0.000000,0.000000
2.0,2026082701.000000,41.000000,7.000000,70.000000,-45.000000,270.000000,1.000000,1.000000,4.000000,2043.000000,2043.000000,989.000000,2044.000000,2044.000000,990.000000,2044.000000,2044.000000,990.000000,1.000000,4.105599,1.000000,1.000000,1.000000,0.000000,0.000000,0.000000,0.000000,0.000000,0.000000,0.000000,0.000000,0.000000,0.000000,0.000000
2.0,2026082701.000000,41.000000,7.000000,70.000000,-45.000000,270.000000,1.000000,2.000000,1.000000,2044.000000,2044.000000,990.000000,2045.000000,2045.000000,991.000000,2045.000000,2045.000000,991.000000,1.000000,4.998687,1.000000,1.000000,1.000000,0.000000,0.000000,0.000000,0.000000,0.000000,0.000000,0.000000,0.000000,0.000000,0.000000,0.000000
2.0,2026082701.000000,41.000000,7.000000,70.000000,-45.000000,270.000000,1.000000,2.000000,2.000000,2045.000000,2045.000000,991.000000,2046.000000,2046.000000,992.000000,2047.000000,2047.000000,992.000000,1.000000,3.983784,1.000000,1.000000,1.000000,1.000000,1.000000,0.000000,1.000000,1.000000,1.000000,15.000000,0.000000,0.000000,0.000000,0.000000
2.0,2026082701.000000,41.000000,7.000000,70.000000,-45.000000,270.000000,1.000000,2.000000,3.000000,2047.000000,2047.000000,992.000000,2048.000000,2048.000000,993.000000,2048.000000,2048.000000,993.000000,1.000000,3.910492,1.000000,1.000000,1.000000,0.000000,0.000000,0.000000,0.000000,0.000000,0.000000,0.000000,0.000000,0.000000,0.000000,0.000000
2.0,2026082701.000000,41.000000,7.000000,70.000000,-45.000000,270.000000,1.000000,2.000000,4.000000,2048.000000,2048.000000,993.000000,2049.000000,2049.000000,994.000000,2049.000000,2049.000000,994.000000,1.000000,3.925611,1.000000,1.000000,1.000000,0.000000,0.000000,0.000000,0.000000,0.000000,0.000000,0.000000,0.000000,0.000000,0.000000,0.000000
2.0,2026082701.000000,41.000000,7.000000,71.000000,-45.000000,0.000000,1.000000,1.000000,1.000000,2049.000000,2049.000000,994.000000,2050.000000,2050.000000,995.000000,2050.000000,2050.000000,995.000000,1.000000,5.044182,1.000000,1.000000,1.000000,0.000000,0.000000,0.000000,0.000000,0.000000,0.000000,0.000000,0.000000,0.000000,0.000000,0.000000
2.0,2026082701.000000,41.000000,7.000000,71.000000,-45.000000,0.000000,1.000000,1.000000,2.000000,2050.000000,2050.000000,995.000000,2051.000000,2051.000000,996.000000,2051.000000,2051.000000,996.000000,1.000000,3.986623,1.000000,1.000000,1.000000,0.000000,0.000000,0.000000,0.000000,0.000000,0.000000,0.000000,0.000000,0.000000,0.000000,0.000000
2.0,2026082701.000000,41.000000,7.000000,71.000000,-45.000000,0.000000,1.000000,1.000000,3.000000,2051.000000,2051.000000,996.000000,2052.000000,2052.000000,997.000000,2052.000000,2052.000000,997.000000,1.000000,3.750883,1.000000,1.000000,1.000000,0.000000,0.000000,0.000000,0.000000,0.000000,0.000000,0.000000,0.000000,0.000000,0.000000,0.000000
2.0,2026082701.000000,41.000000,7.000000,71.000000,-45.000000,0.000000,1.000000,1.000000,4.000000,2052.000000,2052.000000,997.000000,2053.000000,2053.000000,998.000000,2053.000000,2053.000000,998.000000,1.000000,4.116117,1.000000,1.000000,1.000000,0.000000,0.000000,0.000000,0.000000,0.000000,0.000000,0.000000,0.000000,0.000000,0.000000,0.000000
2.0,2026082701.000000,41.000000,7.000000,71.000000,-45.000000,0.000000,1.000000,2.000000,1.000000,2053.000000,2053.000000,998.000000,2054.000000,2054.000000,999.000000,2054.000000,2054.000000,999.000000,1.000000,5.002629,1.000000,1.000000,1.000000,0.000000,0.000000,0.000000,0.000000,0.000000,0.000000,0.000000,0.000000,0.000000,0.000000,0.000000
2.0,2026082701.000000,41.000000,7.000000,71.000000,-45.000000,0.000000,1.000000,2.000000,2.000000,2054.000000,2054.000000,999.000000,2055.000000,2055.000000,1000.000000,2055.000000,2055.000000,1000.000000,1.000000,3.999957,1.000000,1.000000,1.000000,0.000000,0.000000,0.000000,0.000000,0.000000,0.000000,0.000000,0.000000,0.000000,0.000000,0.000000
2.0,2026082701.000000,41.000000,7.000000,71.000000,-45.000000,0.000000,1.000000,2.000000,3.000000,2055.000000,2055.000000,1000.000000,2056.000000,2056.000000,1001.000000,2056.000000,2056.000000,1001.000000,1.000000,3.930883,1.000000,1.000000,1.000000,0.000000,0.000000,0.000000,0.000000,0.000000,0.000000,0.000000,0.000000,0.000000,0.000000,0.000000
2.0,2026082701.000000,41.000000,7.000000,71.000000,-45.000000,0.000000,1.000000,2.000000,4.000000,2056.000000,2056.000000,1001.000000,2057.000000,2057.000000,1002.000000,2057.000000,2057.000000,1002.000000,1.000000,3.929450,1.000000,1.000000,1.000000,0.000000,0.000000,0.000000,0.000000,0.000000,0.000000,0.000000,0.000000,0.000000,0.000000,0.000000
2.0,2026082701.000000,41.000000,7.000000,72.000000,0.000000,0.000000,1.000000,1.000000,1.000000,2057.000000,2057.000000,1002.000000,2058.000000,2058.000000,1003.000000,2058.000000,2058.000000,1003.000000,1.000000,5.026833,1.000000,1.000000,1.000000,0.000000,0.000000,0.000000,0.000000,0.000000,0.000000,0.000000,0.000000,0.000000,0.000000,0.000000
2.0,2026082701.000000,41.000000,7.000000,72.000000,0.000000,0.000000,1.000000,1.000000,2.000000,2058.000000,2058.000000,1003.000000,2059.000000,2059.000000,1004.000000,2059.000000,2059.000000,1004.000000,1.000000,3.959445,1.000000,1.000000,1.000000,0.000000,0.000000,0.000000,0.000000,0.000000,0.000000,0.000000,0.000000,0.000000,0.000000,0.000000
2.0,2026082701.000000,41.000000,7.000000,72.000000,0.000000,0.000000,1.000000,1.000000,3.000000,2059.000000,2059.000000,1004.000000,2060.000000,2060.000000,1005.000000,2060.000000,2060.000000,1005.000000,1.000000,3.949332,1.000000,1.000000,1.000000,0.000000,0.000000,0.000000,0.000000,0.000000,0.000000,0.000000,0.000000,0.000000,0.000000,0.000000
2.0,2026082701.000000,41.000000,7.000000,72.000000,0.000000,0.000000,1.000000,1.000000,4.000000,2060.000000,2060.000000,1005.000000,2061.000000,2061.000000,1006.000000,2061.000000,2061.000000,1006.000000,1.000000,3.884335,1.000000,1.000000,1.000000,0.000000,0.000000,0.000000,0.000000,0.000000,0.000000,0.000000,0.000000,0.000000,0.000000,0.000000
2.0,2026082701.000000,41.000000,7.000000,72.000000,0.000000,0.000000,1.000000,2.000000,1.000000,2061.000000,2061.000000,1006.000000,2062.000000,2062.000000,1007.000000,2062.000000,2062.000000,1007.000000,1.000000,5.000162,1.000000,1.000000,1.000000,0.000000,0.000000,0.000000,0.000000,0.000000,0.000000,0.000000,0.000000,0.000000,0.000000,0.000000
2.0,2026082701.000000,41.000000,7.000000,72.000000,0.000000,0.000000,1.000000,2.000000,2.000000,2062.000000,2062.000000,1007.000000,2063.000000,2063.000000,1008.000000,2063.000000,2063.000000,1008.000000,1.000000,4.007680,1.000000,1.000000,1.000000,0.000000,0.000000,0.000000,0.000000,0.000000,0.000000,0.000000,0.000000,0.000000,0.000000,0.000000
2.0,2026082701.000000,41.000000,7.000000,72.000000,0.000000,0.000000,1.000000,2.000000,3.000000,2063.000000,2063.000000,1008.000000,2064.000000,2064.000000,1009.000000,2064.000000,2064.000000,1009.000000,1.000000,3.927665,1.000000,1.000000,1.000000,0.000000,0.000000,0.000000,0.000000,0.000000,0.000000,0.000000,0.000000,0.000000,0.000000,0.000000
2.0,2026082701.000000,41.000000,7.000000,72.000000,0.000000,0.000000,1.000000,2.000000,4.000000,2064.000000,2064.000000,1009.000000,2065.000000,2065.000000,1010.000000,2065.000000,2065.000000,1010.000000,1.000000,3.916001,1.000000,1.000000,1.000000,0.000000,0.000000,0.000000,0.000000,0.000000,0.000000,0.000000,0.000000,0.000000,0.000000,0.000000
2.0,2026082701.000000,41.000000,7.000000,73.000000,60.000000,0.000000,1.000000,1.000000,1.000000,2065.000000,2065.000000,1010.000000,2066.000000,2066.000000,1011.000000,2066.000000,2066.000000,1011.000000,1.000000,4.778828,1.000000,1.000000,1.000000,0.000000,0.000000,0.000000,0.000000,0.000000,0.000000,0.000000,0.000000,0.000000,0.000000,0.000000
2.0,2026082701.000000,41.000000,7.000000,73.000000,60.000000,0.000000,1.000000,1.000000,2.000000,2066.000000,2066.000000,1011.000000,2067.000000,2067.000000,1012.000000,2067.000000,2067.000000,1012.000000,1.000000,4.042234,1.000000,1.000000,1.000000,0.000000,0.000000,0.000000,0.000000,0.000000,0.000000,0.000000,0.000000,0.000000,0.000000,0.000000
2.0,2026082701.000000,41.000000,7.000000,73.000000,60.000000,0.000000,1.000000,1.000000,3.000000,2067.000000,2067.000000,1012.000000,2068.000000,2068.000000,1013.000000,2068.000000,2068.000000,1013.000000,1.000000,3.886977,1.000000,1.000000,1.000000,0.000000,0.000000,0.000000,0.000000,0.000000,0.000000,0.000000,0.000000,0.000000,0.000000,0.000000
2.0,2026082701.000000,41.000000,7.000000,73.000000,60.000000,0.000000,1.000000,1.000000,4.000000,2068.000000,2068.000000,1013.000000,2069.000000,2069.000000,1014.000000,2069.000000,2069.000000,1014.000000,1.000000,3.962145,1.000000,1.000000,1.000000,0.000000,0.000000,0.000000,0.000000,0.000000,0.000000,0.000000,0.000000,0.000000,0.000000,0.000000
2.0,2026082701.000000,41.000000,7.000000,73.000000,60.000000,0.000000,1.000000,2.000000,1.000000,2069.000000,2069.000000,1014.000000,2070.000000,2070.000000,1015.000000,2070.000000,2070.000000,1015.000000,1.000000,4.997995,1.000000,1.000000,1.000000,0.000000,0.000000,0.000000,0.000000,0.000000,0.000000,0.000000,0.000000,0.000000,0.000000,0.000000
2.0,2026082701.000000,41.000000,7.000000,73.000000,60.000000,0.000000,1.000000,2.000000,2.000000,2070.000000,2070.000000,1015.000000,2071.000000,2071.000000,1016.000000,2071.000000,2071.000000,1016.000000,1.000000,4.003850,1.000000,1.000000,1.000000,0.000000,0.000000,0.000000,0.000000,0.000000,0.000000,0.000000,0.000000,0.000000,0.000000,0.000000
2.0,2026082701.000000,41.000000,7.000000,73.000000,60.000000,0.000000,1.000000,2.000000,3.000000,2071.000000,2071.000000,1016.000000,2072.000000,2072.000000,1017.000000,2072.000000,2072.000000,1017.000000,1.000000,3.923643,1.000000,1.000000,1.000000,0.000000,0.000000,0.000000,0.000000,0.000000,0.000000,0.000000,0.000000,0.000000,0.000000,0.000000
2.0,2026082701.000000,41.000000,7.000000,73.000000,60.000000,0.000000,1.000000,2.000000,4.000000,2072.000000,2072.000000,1017.000000,2073.000000,2073.000000,1018.000000,2073.000000,2073.000000,1018.000000,1.000000,3.920023,1.000000,1.000000,1.000000,0.000000,0.000000,0.000000,0.000000,0.000000,0.000000,0.000000,0.000000,0.000000,0.000000,0.000000
2.0,2026082701.000000,41.000000,7.000000,74.000000,60.000000,90.000000,1.000000,1.000000,1.000000,2073.000000,2073.000000,1018.000000,2074.000000,2074.000000,1019.000000,2074.000000,2074.000000,1019.000000,1.000000,4.681048,1.000000,1.000000,1.000000,0.000000,0.000000,0.000000,0.000000,0.000000,0.000000,0.000000,0.000000,0.000000,0.000000,0.000000
2.0,2026082701.000000,41.000000,7.000000,74.000000,60.000000,90.000000,1.000000,1.000000,2.000000,2074.000000,2074.000000,1019.000000,2075.000000,2075.000000,1020.000000,2075.000000,2075.000000,1020.000000,1.000000,4.236480,1.000000,1.000000,1.000000,0.000000,0.000000,0.000000,0.000000,0.000000,0.000000,0.000000,0.000000,0.000000,0.000000,0.000000
2.0,2026082701.000000,41.000000,7.000000,74.000000,60.000000,90.000000,1.000000,1.000000,3.000000,2075.000000,2075.000000,1020.000000,2076.000000,2076.000000,1021.000000,2076.000000,2076.000000,1021.000000,1.000000,4.143185,1.000000,1.000000,1.000000,0.000000,0.000000,0.000000,0.000000,0.000000,0.000000,0.000000,0.000000,0.000000,0.000000,0.000000
2.0,2026082701.000000,41.000000,7.000000,74.000000,60.000000,90.000000,1.000000,1.000000,4.000000,2076.000000,2076.000000,1021.000000,2077.000000,2077.000000,1022.000000,2077.000000,2077.000000,1022.000000,1.000000,3.779648,1.000000,1.000000,1.000000,0.000000,0.000000,0.000000,0.000000,0.000000,0.000000,0.000000,0.000000,0.000000,0.000000,0.000000
2.0,2026082701.000000,41.000000,7.000000,74.000000,60.000000,90.000000,1.000000,2.000000,1.000000,2077.000000,2077.000000,1022.000000,2078.000000,2078.000000,1023.000000,2078.000000,2078.000000,1023.000000,1.000000,4.998685,1.000000,1.000000,1.000000,0.000000,0.000000,0.000000,0.000000,0.000000,0.000000,0.000000,0.000000,0.000000,0.000000,0.000000
2.0,2026082701.000000,41.000000,7.000000,74.000000,60.000000,90.000000,1.000000,2.000000,2.000000,2078.000000,2078.000000,1023.000000,2079.000000,2079.000000,1024.000000,2079.000000,2079.000000,1024.000000,1.000000,3.999813,1.000000,1.000000,1.000000,0.000000,0.000000,0.000000,0.000000,0.000000,0.000000,0.000000,0.000000,0.000000,0.000000,0.000000
2.0,2026082701.000000,41.000000,7.000000,74.000000,60.000000,90.000000,1.000000,2.000000,3.000000,2079.000000,2079.000000,1024.000000,2080.000000,2080.000000,1025.000000,2080.000000,2080.000000,1025.000000,1.000000,3.961518,1.000000,1.000000,1.000000,0.000000,0.000000,0.000000,0.000000,0.000000,0.000000,0.000000,0.000000,0.000000,0.000000,0.000000
2.0,2026082701.000000,41.000000,7.000000,74.000000,60.000000,90.000000,1.000000,2.000000,4.000000,2080.000000,2080.000000,1025.000000,2081.000000,2081.000000,1026.000000,2081.000000,2081.000000,1026.000000,1.000000,3.956690,1.000000,1.000000,1.000000,0.000000,0.000000,0.000000,0.000000,0.000000,0.000000,0.000000,0.000000,0.000000,0.000000,0.000000
2.0,2026082701.000000,41.000000,7.000000,75.000000,60.000000,180.000000,1.000000,1.000000,1.000000,2081.000000,2081.000000,1026.000000,2082.000000,2082.000000,1027.000000,2082.000000,2082.000000,1027.000000,1.000000,4.826597,1.000000,1.000000,1.000000,0.000000,0.000000,0.000000,0.000000,0.000000,0.000000,0.000000,0.000000,0.000000,0.000000,0.000000
2.0,2026082701.000000,41.000000,7.000000,75.000000,60.000000,180.000000,1.000000,1.000000,2.000000,2082.000000,2082.000000,1027.000000,2083.000000,2083.000000,1028.000000,2083.000000,2083.000000,1028.000000,1.000000,4.113740,1.000000,1.000000,1.000000,0.000000,0.000000,0.000000,0.000000,0.000000,0.000000,0.000000,0.000000,0.000000,0.000000,0.000000
2.0,2026082701.000000,41.000000,7.000000,75.000000,60.000000,180.000000,1.000000,1.000000,3.000000,2083.000000,2083.000000,1028.000000,2084.000000,2084.000000,1029.000000,2084.000000,2084.000000,1029.000000,1.000000,4.352887,1.000000,1.000000,1.000000,0.000000,0.000000,0.000000,0.000000,0.000000,0.000000,0.000000,0.000000,0.000000,0.000000,0.000000
2.0,2026082701.000000,41.000000,7.000000,75.000000,60.000000,180.000000,1.000000,1.000000,4.000000,2084.000000,2084.000000,1029.000000,2085.000000,2085.000000,1030.000000,2085.000000,2085.000000,1030.000000,1.000000,3.503057,1.000000,1.000000,1.000000,0.000000,0.000000,0.000000,0.000000,0.000000,0.000000,0.000000,0.000000,0.000000,0.000000,0.000000
2.0,2026082701.000000,41.000000,7.000000,75.000000,60.000000,180.000000,1.000000,2.000000,1.000000,2085.000000,2085.000000,1030.000000,2086.000000,2086.000000,1031.000000,2086.000000,2086.000000,1031.000000,1.000000,4.986460,1.000000,1.000000,1.000000,0.000000,0.000000,0.000000,0.000000,0.000000,0.000000,0.000000,0.000000,0.000000,0.000000,0.000000
2.0,2026082701.000000,41.000000,7.000000,75.000000,60.000000,180.000000,1.000000,2.000000,2.000000,2086.000000,2086.000000,1031.000000,2087.000000,2087.000000,1032.000000,2087.000000,2087.000000,1032.000000,1.000000,3.990646,1.000000,1.000000,1.000000,0.000000,0.000000,0.000000,0.000000,0.000000,0.000000,0.000000,0.000000,0.000000,0.000000,0.000000
2.0,2026082701.000000,41.000000,7.000000,75.000000,60.000000,180.000000,1.000000,2.000000,3.000000,2087.000000,2087.000000,1032.000000,2088.000000,2088.000000,1033.000000,2088.000000,2088.000000,1033.000000,1.000000,3.923110,1.000000,1.000000,1.000000,0.000000,0.000000,0.000000,0.000000,0.000000,0.000000,0.000000,0.000000,0.000000,0.000000,0.000000
2.0,2026082701.000000,41.000000,7.000000,75.000000,60.000000,180.000000,1.000000,2.000000,4.000000,2088.000000,2088.000000,1033.000000,2089.000000,2089.000000,1034.000000,2089.000000,2089.000000,1034.000000,1.000000,3.928434,1.000000,1.000000,1.000000,0.000000,0.000000,0.000000,0.000000,0.000000,0.000000,0.000000,0.000000,0.000000,0.000000,0.000000
2.0,2026082701.000000,41.000000,7.000000,76.000000,60.000000,270.000000,1.000000,1.000000,1.000000,2089.000000,2089.000000,1034.000000,2090.000000,2090.000000,1035.000000,2090.000000,2090.000000,1035.000000,1.000000,5.213699,1.000000,1.000000,1.000000,0.000000,0.000000,0.000000,0.000000,0.000000,0.000000,0.000000,0.000000,0.000000,0.000000,0.000000
2.0,2026082701.000000,41.000000,7.000000,76.000000,60.000000,270.000000,1.000000,1.000000,2.000000,2090.000000,2090.000000,1035.000000,2091.000000,2091.000000,1036.000000,2091.000000,2091.000000,1036.000000,1.000000,3.861242,1.000000,1.000000,1.000000,0.000000,0.000000,0.000000,0.000000,0.000000,0.000000,0.000000,0.000000,0.000000,0.000000,0.000000
2.0,2026082701.000000,41.000000,7.000000,76.000000,60.000000,270.000000,1.000000,1.000000,3.000000,2091.000000,2091.000000,1036.000000,2092.000000,2092.000000,1037.000000,2092.000000,2092.000000,1037.000000,1.000000,4.059144,1.000000,1.000000,1.000000,0.000000,0.000000,0.000000,0.000000,0.000000,0.000000,0.000000,0.000000,0.000000,0.000000,0.000000
2.0,2026082701.000000,41.000000,7.000000,76.000000,60.000000,270.000000,1.000000,1.000000,4.000000,2092.000000,2092.000000,1037.000000,2093.000000,2093.000000,1038.000000,2093.000000,2093.000000,1038.000000,1.000000,3.746188,1.000000,1.000000,1.000000,0.000000,0.000000,0.000000,0.000000,0.000000,0.000000,0.000000,0.000000,0.000000,0.000000,0.000000
2.0,2026082701.000000,41.000000,7.000000,76.000000,60.000000,270.000000,1.000000,2.000000,1.000000,2093.000000,2093.000000,1038.000000,2094.000000,2094.000000,1039.000000,2094.000000,2094.000000,1039.000000,1.000000,5.009931,1.000000,1.000000,1.000000,0.000000,0.000000,0.000000,0.000000,0.000000,0.000000,0.000000,0.000000,0.000000,0.000000,0.000000
2.0,2026082701.000000,41.000000,7.000000,76.000000,60.000000,270.000000,1.000000,2.000000,2.000000,2094.000000,2094.000000,1039.000000,2095.000000,2095.000000,1040.000000,2095.000000,2095.000000,1040.000000,1.000000,4.002829,1.000000,1.000000,1.000000,0.000000,0.000000,0.000000,0.000000,0.000000,0.000000,0.000000,0.000000,0.000000,0.000000,0.000000
2.0,2026082701.000000,41.000000,7.000000,76.000000,60.000000,270.000000,1.000000,2.000000,3.000000,2095.000000,2095.000000,1040.000000,2096.000000,2096.000000,1041.000000,2096.000000,2096.000000,1041.000000,1.000000,3.896353,1.000000,1.000000,1.000000,0.000000,0.000000,0.000000,0.000000,0.000000,0.000000,0.000000,0.000000,0.000000,0.000000,0.000000
2.0,2026082701.000000,41.000000,7.000000,76.000000,60.000000,270.000000,1.000000,2.000000,4.000000,2096.000000,2096.000000,1041.000000,2097.000000,2097.000000,1042.000000,2097.000000,2097.000000,1042.000000,1.000000,3.898857,1.000000,1.000000,1.000000,0.000000,0.000000,0.000000,0.000000,0.000000,0.000000,0.000000,0.000000,0.000000,0.000000,0.000000
2.0,2026082701.000000,41.000000,7.000000,77.000000,60.000000,0.000000,1.000000,1.000000,1.000000,2097.000000,2097.000000,1042.000000,2098.000000,2098.000000,1043.000000,2098.000000,2098.000000,1043.000000,1.000000,4.767994,1.000000,1.000000,1.000000,0.000000,0.000000,0.000000,0.000000,0.000000,0.000000,0.000000,0.000000,0.000000,0.000000,0.000000
2.0,2026082701.000000,41.000000,7.000000,77.000000,60.000000,0.000000,1.000000,1.000000,2.000000,2098.000000,2098.000000,1043.000000,2099.000000,2099.000000,1044.000000,2099.000000,2099.000000,1044.000000,1.000000,4.090567,1.000000,1.000000,1.000000,0.000000,0.000000,0.000000,0.000000,0.000000,0.000000,0.000000,0.000000,0.000000,0.000000,0.000000
2.0,2026082701.000000,41.000000,7.000000,77.000000,60.000000,0.000000,1.000000,1.000000,3.000000,2099.000000,2099.000000,1044.000000,2100.000000,2100.000000,1045.000000,2100.000000,2100.000000,1045.000000,1.000000,3.696143,1.000000,1.000000,1.000000,0.000000,0.000000,0.000000,0.000000,0.000000,0.000000,0.000000,0.000000,0.000000,0.000000,0.000000
2.0,2026082701.000000,41.000000,7.000000,77.000000,60.000000,0.000000,1.000000,1.000000,4.000000,2100.000000,2100.000000,1045.000000,2101.000000,2101.000000,1046.000000,2101.000000,2101.000000,1046.000000,1.000000,4.140024,1.000000,1.000000,1.000000,0.000000,0.000000,0.000000,0.000000,0.000000,0.000000,0.000000,0.000000,0.000000,0.000000,0.000000
2.0,2026082701.000000,41.000000,7.000000,77.000000,60.000000,0.000000,1.000000,2.000000,1.000000,2101.000000,2101.000000,1046.000000,2102.000000,2102.000000,1047.000000,2102.000000,2102.000000,1047.000000,1.000000,4.999656,1.000000,1.000000,1.000000,0.000000,0.000000,0.000000,0.000000,0.000000,0.000000,0.000000,0.000000,0.000000,0.000000,0.000000
2.0,2026082701.000000,41.000000,7.000000,77.000000,60.000000,0.000000,1.000000,2.000000,2.000000,2102.000000,2102.000000,1047.000000,2103.000000,2103.000000,1048.000000,2103.000000,2103.000000,1048.000000,1.000000,3.998900,1.000000,1.000000,1.000000,0.000000,0.000000,0.000000,0.000000,0.000000,0.000000,0.000000,0.000000,0.000000,0.000000,0.000000
2.0,2026082701.000000,41.000000,7.000000,77.000000,60.000000,0.000000,1.000000,2.000000,3.000000,2103.000000,2103.000000,1048.000000,2104.000000,2104.000000,1049.000000,2104.000000,2104.000000,1049.000000,1.000000,3.918643,1.000000,1.000000,1.000000,0.000000,0.000000,0.000000,0.000000,0.000000,0.000000,0.000000,0.000000,0.000000,0.000000,0.000000
2.0,2026082701.000000,41.000000,7.000000,77.000000,60.000000,0.000000,1.000000,2.000000,4.000000,2104.000000,2104.000000,1049.000000,2105.000000,2105.000000,1050.000000,2105.000000,2105.000000,1050.000000,1.000000,3.925023,1.000000,1.000000,1.000000,0.000000,0.000000,0.000000,0.000000,0.000000,0.000000,0.000000,0.000000,0.000000,0.000000,0.000000
2.0,2026082701.000000,41.000000,7.000000,78.000000,-60.000000,0.000000,1.000000,1.000000,1.000000,2105.000000,2105.000000,1050.000000,2106.000000,2106.000000,1051.000000,2106.000000,2106.000000,1051.000000,1.000000,4.720468,1.000000,1.000000,1.000000,0.000000,0.000000,0.000000,0.000000,0.000000,0.000000,0.000000,0.000000,0.000000,0.000000,0.000000
2.0,2026082701.000000,41.000000,7.000000,78.000000,-60.000000,0.000000,1.000000,1.000000,2.000000,2106.000000,2106.000000,1051.000000,2107.000000,2107.000000,1052.000000,2107.000000,2107.000000,1052.000000,1.000000,4.167098,1.000000,1.000000,1.000000,0.000000,0.000000,0.000000,0.000000,0.000000,0.000000,0.000000,0.000000,0.000000,0.000000,0.000000
2.0,2026082701.000000,41.000000,7.000000,78.000000,-60.000000,0.000000,1.000000,1.000000,3.000000,2107.000000,2107.000000,1052.000000,2108.000000,2108.000000,1053.000000,2108.000000,2108.000000,1053.000000,1.000000,3.930857,1.000000,1.000000,1.000000,0.000000,0.000000,0.000000,0.000000,0.000000,0.000000,0.000000,0.000000,0.000000,0.000000,0.000000
2.0,2026082701.000000,41.000000,7.000000,78.000000,-60.000000,0.000000,1.000000,1.000000,4.000000,2108.000000,2108.000000,1053.000000,2109.000000,2109.000000,1054.000000,2109.000000,2109.000000,1054.000000,1.000000,3.939025,1.000000,1.000000,1.000000,0.000000,0.000000,0.000000,0.000000,0.000000,0.000000,0.000000,0.000000,0.000000,0.000000,0.000000
2.0,2026082701.000000,41.000000,7.000000,78.000000,-60.000000,0.000000,1.000000,2.000000,1.000000,2109.000000,2109.000000,1054.000000,2110.000000,2110.000000,1055.000000,2110.000000,2110.000000,1055.000000,1.000000,4.993808,1.000000,1.000000,1.000000,0.000000,0.000000,0.000000,0.000000,0.000000,0.000000,0.000000,0.000000,0.000000,0.000000,0.000000
2.0,2026082701.000000,41.000000,7.000000,78.000000,-60.000000,0.000000,1.000000,2.000000,2.000000,2110.000000,2110.000000,1055.000000,2111.000000,2111.000000,1056.000000,2111.000000,2111.000000,1056.000000,1.000000,4.002098,1.000000,1.000000,1.000000,0.000000,0.000000,0.000000,0.000000,0.000000,0.000000,0.000000,0.000000,0.000000,0.000000,0.000000
2.0,2026082701.000000,41.000000,7.000000,78.000000,-60.000000,0.000000,1.000000,2.000000,3.000000,2111.000000,2111.000000,1056.000000,2112.000000,2112.000000,1057.000000,2112.000000,2112.000000,1057.000000,1.000000,3.930857,1.000000,1.000000,1.000000,0.000000,0.000000,0.000000,0.000000,0.000000,0.000000,0.000000,0.000000,0.000000,0.000000,0.000000
2.0,2026082701.000000,41.000000,7.000000,78.000000,-60.000000,0.000000,1.000000,2.000000,4.000000,2112.000000,2112.000000,1057.000000,2113.000000,2113.000000,1058.000000,2113.000000,2113.000000,1058.000000,1.000000,3.932359,1.000000,1.000000,1.000000,0.000000,0.000000,0.000000,0.000000,0.000000,0.000000,0.000000,0.000000,0.000000,0.000000,0.000000
2.0,2026082701.000000,41.000000,7.000000,79.000000,-60.000000,90.000000,1.000000,1.000000,1.000000,2113.000000,2113.000000,1058.000000,2114.000000,2114.000000,1059.000000,2114.000000,2114.000000,1059.000000,1.000000,5.252698,1.000000,1.000000,1.000000,0.000000,0.000000,0.000000,0.000000,0.000000,0.000000,0.000000,0.000000,0.000000,0.000000,0.000000
2.0,2026082701.000000,41.000000,7.000000,79.000000,-60.000000,90.000000,1.000000,1.000000,2.000000,2114.000000,2114.000000,1059.000000,2115.000000,2115.000000,1060.000000,2115.000000,2115.000000,1060.000000,1.000000,3.842258,1.000000,1.000000,1.000000,0.000000,0.000000,0.000000,0.000000,0.000000,0.000000,0.000000,0.000000,0.000000,0.000000,0.000000
2.0,2026082701.000000,41.000000,7.000000,79.000000,-60.000000,90.000000,1.000000,1.000000,3.000000,2115.000000,2115.000000,1060.000000,2116.000000,2116.000000,1061.000000,2116.000000,2116.000000,1061.000000,1.000000,3.775477,1.000000,1.000000,1.000000,0.000000,0.000000,0.000000,0.000000,0.000000,0.000000,0.000000,0.000000,0.000000,0.000000,0.000000
2.0,2026082701.000000,41.000000,7.000000,79.000000,-60.000000,90.000000,1.000000,1.000000,4.000000,2116.000000,2116.000000,1061.000000,2117.000000,2117.000000,1062.000000,2117.000000,2117.000000,1062.000000,1.000000,4.157430,1.000000,1.000000,1.000000,0.000000,0.000000,0.000000,0.000000,0.000000,0.000000,0.000000,0.000000,0.000000,0.000000,0.000000
2.0,2026082701.000000,41.000000,7.000000,79.000000,-60.000000,90.000000,1.000000,2.000000,1.000000,2117.000000,2117.000000,1062.000000,2118.000000,2118.000000,1063.000000,2118.000000,2118.000000,1063.000000,1.000000,5.002142,1.000000,1.000000,1.000000,0.000000,0.000000,0.000000,0.000000,0.000000,0.000000,0.000000,0.000000,0.000000,0.000000,0.000000
2.0,2026082701.000000,41.000000,7.000000,79.000000,-60.000000,90.000000,1.000000,2.000000,2.000000,2118.000000,2118.000000,1063.000000,2119.000000,2119.000000,1064.000000,2119.000000,2119.000000,1064.000000,1.000000,4.000352,1.000000,1.000000,1.000000,0.000000,0.000000,0.000000,0.000000,0.000000,0.000000,0.000000,0.000000,0.000000,0.000000,0.000000
2.0,2026082701.000000,41.000000,7.000000,79.000000,-60.000000,90.000000,1.000000,2.000000,3.000000,2119.000000,2119.000000,1064.000000,2120.000000,2120.000000,1065.000000,2120.000000,2120.000000,1065.000000,1.000000,3.972977,1.000000,1.000000,1.000000,0.000000,0.000000,0.000000,0.000000,0.000000,0.000000,0.000000,0.000000,0.000000,0.000000,0.000000
2.0,2026082701.000000,41.000000,7.000000,79.000000,-60.000000,90.000000,1.000000,2.000000,4.000000,2120.000000,2120.000000,1065.000000,2121.000000,2121.000000,1066.000000,2121.000000,2121.000000,1066.000000,1.000000,3.959023,1.000000,1.000000,1.000000,0.000000,0.000000,0.000000,0.000000,0.000000,0.000000,0.000000,0.000000,0.000000,0.000000,0.000000
2.0,2026082701.000000,41.000000,7.000000,80.000000,-60.000000,180.000000,1.000000,1.000000,1.000000,2121.000000,2121.000000,1066.000000,2122.000000,2122.000000,1067.000000,2122.000000,2122.000000,1067.000000,1.000000,4.944086,1.000000,1.000000,1.000000,0.000000,0.000000,0.000000,0.000000,0.000000,0.000000,0.000000,0.000000,0.000000,0.000000,0.000000
2.0,2026082701.000000,41.000000,7.000000,80.000000,-60.000000,180.000000,1.000000,1.000000,2.000000,2122.000000,2122.000000,1067.000000,2123.000000,2123.000000,1068.000000,2123.000000,2123.000000,1068.000000,1.000000,4.015512,1.000000,1.000000,1.000000,0.000000,0.000000,0.000000,0.000000,0.000000,0.000000,0.000000,0.000000,0.000000,0.000000,0.000000
2.0,2026082701.000000,41.000000,7.000000,80.000000,-60.000000,180.000000,1.000000,1.000000,3.000000,2123.000000,2123.000000,1068.000000,2124.000000,2124.000000,1069.000000,2124.000000,2124.000000,1069.000000,1.000000,4.207906,1.000000,1.000000,1.000000,0.000000,0.000000,0.000000,0.000000,0.000000,0.000000,0.000000,0.000000,0.000000,0.000000,0.000000
2.0,2026082701.000000,41.000000,7.000000,80.000000,-60.000000,180.000000,1.000000,1.000000,4.000000,2124.000000,2124.000000,1069.000000,2125.000000,2125.000000,1070.000000,2125.000000,2125.000000,1070.000000,1.000000,3.652045,1.000000,1.000000,1.000000,0.000000,0.000000,0.000000,0.000000,0.000000,0.000000,0.000000,0.000000,0.000000,0.000000,0.000000
2.0,2026082701.000000,41.000000,7.000000,80.000000,-60.000000,180.000000,1.000000,2.000000,1.000000,2125.000000,2125.000000,1070.000000,2126.000000,2126.000000,1071.000000,2126.000000,2126.000000,1071.000000,1.000000,4.999225,1.000000,1.000000,1.000000,0.000000,0.000000,0.000000,0.000000,0.000000,0.000000,0.000000,0.000000,0.000000,0.000000,0.000000
2.0,2026082701.000000,41.000000,7.000000,80.000000,-60.000000,180.000000,1.000000,2.000000,2.000000,2126.000000,2126.000000,1071.000000,2127.000000,2127.000000,1072.000000,2128.000000,2128.000000,1072.000000,1.000000,4.008522,1.000000,1.000000,1.000000,1.000000,1.000000,0.000000,1.000000,1.000000,1.000000,15.000000,0.000000,0.000000,0.000000,0.000000
2.0,2026082701.000000,41.000000,7.000000,80.000000,-60.000000,180.000000,1.000000,2.000000,3.000000,2128.000000,2128.000000,1072.000000,2129.000000,2129.000000,1073.000000,2129.000000,2129.000000,1073.000000,1.000000,3.918426,1.000000,1.000000,1.000000,0.000000,0.000000,0.000000,0.000000,0.000000,0.000000,0.000000,0.000000,0.000000,0.000000,0.000000
2.0,2026082701.000000,41.000000,7.000000,80.000000,-60.000000,180.000000,1.000000,2.000000,4.000000,2129.000000,2129.000000,1073.000000,2130.000000,2130.000000,1074.000000,2130.000000,2130.000000,1074.000000,1.000000,3.934928,1.000000,1.000000,1.000000,0.000000,0.000000,0.000000,0.000000,0.000000,0.000000,0.000000,0.000000,0.000000,0.000000,0.000000
2.0,2026082701.000000,41.000000,7.000000,81.000000,-60.000000,270.000000,1.000000,1.000000,1.000000,2130.000000,2130.000000,1074.000000,2131.000000,2131.000000,1075.000000,2131.000000,2131.000000,1075.000000,1.000000,4.832282,1.000000,1.000000,1.000000,0.000000,0.000000,0.000000,0.000000,0.000000,0.000000,0.000000,0.000000,0.000000,0.000000,0.000000
2.0,2026082701.000000,41.000000,7.000000,81.000000,-60.000000,270.000000,1.000000,1.000000,2.000000,2131.000000,2131.000000,1075.000000,2132.000000,2132.000000,1076.000000,2132.000000,2132.000000,1076.000000,1.000000,4.102238,1.000000,1.000000,1.000000,0.000000,0.000000,0.000000,0.000000,0.000000,0.000000,0.000000,0.000000,0.000000,0.000000,0.000000
2.0,2026082701.000000,41.000000,7.000000,81.000000,-60.000000,270.000000,1.000000,1.000000,3.000000,2132.000000,2132.000000,1076.000000,2133.000000,2133.000000,1077.000000,2133.000000,2133.000000,1077.000000,1.000000,3.767364,1.000000,1.000000,1.000000,0.000000,0.000000,0.000000,0.000000,0.000000,0.000000,0.000000,0.000000,0.000000,0.000000,0.000000
2.0,2026082701.000000,41.000000,7.000000,81.000000,-60.000000,270.000000,1.000000,1.000000,4.000000,2133.000000,2133.000000,1077.000000,2134.000000,2134.000000,1078.000000,2134.000000,2134.000000,1078.000000,1.000000,4.072271,1.000000,1.000000,1.000000,0.000000,0.000000,0.000000,0.000000,0.000000,0.000000,0.000000,0.000000,0.000000,0.000000,0.000000
2.0,2026082701.000000,41.000000,7.000000,81.000000,-60.000000,270.000000,1.000000,2.000000,1.000000,2134.000000,2134.000000,1078.000000,2135.000000,2135.000000,1079.000000,2135.000000,2135.000000,1079.000000,1.000000,4.997831,1.000000,1.000000,1.000000,0.000000,0.000000,0.000000,0.000000,0.000000,0.000000,0.000000,0.000000,0.000000,0.000000,0.000000
2.0,2026082701.000000,41.000000,7.000000,81.000000,-60.000000,270.000000,1.000000,2.000000,2.000000,2135.000000,2135.000000,1079.000000,2136.000000,2136.000000,1080.000000,2136.000000,2136.000000,1080.000000,1.000000,4.006906,1.000000,1.000000,1.000000,0.000000,0.000000,0.000000,0.000000,0.000000,0.000000,0.000000,0.000000,0.000000,0.000000,0.000000
2.0,2026082701.000000,41.000000,7.000000,81.000000,-60.000000,270.000000,1.000000,2.000000,3.000000,2136.000000,2136.000000,1080.000000,2137.000000,2137.000000,1081.000000,2137.000000,2137.000000,1081.000000,1.000000,3.923651,1.000000,1.000000,1.000000,0.000000,0.000000,0.000000,0.000000,0.000000,0.000000,0.000000,0.000000,0.000000,0.000000,0.000000
2.0,2026082701.000000,41.000000,7.000000,81.000000,-60.000000,270.000000,1.000000,2.000000,4.000000,2137.000000,2137.000000,1081.000000,2138.000000,2138.000000,1082.000000,2138.000000,2138.000000,1082.000000,1.000000,3.914255,1.000000,1.000000,1.000000,0.000000,0.000000,0.000000,0.000000,0.000000,0.000000,0.000000,0.000000,0.000000,0.000000,0.000000
2.0,2026082701.000000,41.000000,7.000000,82.000000,-60.000000,0.000000,1.000000,1.000000,1.000000,2138.000000,2138.000000,1082.000000,2139.000000,2139.000000,1083.000000,2139.000000,2139.000000,1083.000000,1.000000,4.930475,1.000000,1.000000,1.000000,0.000000,0.000000,0.000000,0.000000,0.000000,0.000000,0.000000,0.000000,0.000000,0.000000,0.000000
2.0,2026082701.000000,41.000000,7.000000,82.000000,-60.000000,0.000000,1.000000,1.000000,2.000000,2139.000000,2139.000000,1083.000000,2140.000000,2140.000000,1084.000000,2140.000000,2140.000000,1084.000000,1.000000,4.062879,1.000000,1.000000,1.000000,0.000000,0.000000,0.000000,0.000000,0.000000,0.000000,0.000000,0.000000,0.000000,0.000000,0.000000
2.0,2026082701.000000,41.000000,7.000000,82.000000,-60.000000,0.000000,1.000000,1.000000,3.000000,2140.000000,2140.000000,1084.000000,2141.000000,2141.000000,1085.000000,2141.000000,2141.000000,1085.000000,1.000000,3.718357,1.000000,1.000000,1.000000,0.000000,0.000000,0.000000,0.000000,0.000000,0.000000,0.000000,0.000000,0.000000,0.000000,0.000000
2.0,2026082701.000000,41.000000,7.000000,82.000000,-60.000000,0.000000,1.000000,1.000000,4.000000,2141.000000,2141.000000,1085.000000,2142.000000,2142.000000,1086.000000,2142.000000,2142.000000,1086.000000,1.000000,4.126976,1.000000,1.000000,1.000000,0.000000,0.000000,0.000000,0.000000,0.000000,0.000000,0.000000,0.000000,0.000000,0.000000,0.000000
2.0,2026082701.000000,41.000000,7.000000,82.000000,-60.000000,0.000000,1.000000,2.000000,1.000000,2142.000000,2142.000000,1086.000000,2143.000000,2143.000000,1087.000000,2143.000000,2143.000000,1087.000000,1.000000,5.003801,1.000000,1.000000,1.000000,0.000000,0.000000,0.000000,0.000000,0.000000,0.000000,0.000000,0.000000,0.000000,0.000000,0.000000
2.0,2026082701.000000,41.000000,7.000000,82.000000,-60.000000,0.000000,1.000000,2.000000,2.000000,2143.000000,2143.000000,1087.000000,2144.000000,2144.000000,1088.000000,2144.000000,2144.000000,1088.000000,1.000000,3.996212,1.000000,1.000000,1.000000,0.000000,0.000000,0.000000,0.000000,0.000000,0.000000,0.000000,0.000000,0.000000,0.000000,0.000000
2.0,2026082701.000000,41.000000,7.000000,82.000000,-60.000000,0.000000,1.000000,2.000000,3.000000,2144.000000,2144.000000,1088.000000,2145.000000,2145.000000,1089.000000,2145.000000,2145.000000,1089.000000,1.000000,3.920857,1.000000,1.000000,1.000000,0.000000,0.000000,0.000000,0.000000,0.000000,0.000000,0.000000,0.000000,0.000000,0.000000,0.000000
2.0,2026082701.000000,41.000000,7.000000,82.000000,-60.000000,0.000000,1.000000,2.000000,4.000000,2145.000000,2145.000000,1089.000000,2146.000000,2146.000000,1090.000000,2146.000000,2146.000000,1090.000000,1.000000,3.936976,1.000000,1.000000,1.000000,0.000000,0.000000,0.000000,0.000000,0.000000,0.000000,0.000000,0.000000,0.000000,0.000000,0.000000
2.0,2026082701.000000,41.000000,7.000000,83.000000,90.000000,0.000000,1.000000,1.000000,1.000000,2146.000000,2146.000000,1090.000000,2147.000000,2147.000000,1091.000000,2147.000000,2147.000000,1091.000000,1.000000,4.685177,1.000000,1.000000,1.000000,0.000000,0.000000,0.000000,0.000000,0.000000,0.000000,0.000000,0.000000,0.000000,0.000000,0.000000
2.0,2026082701.000000,41.000000,7.000000,83.000000,90.000000,0.000000,1.000000,1.000000,2.000000,2147.000000,2147.000000,1091.000000,2148.000000,2148.000000,1092.000000,2148.000000,2148.000000,1092.000000,1.000000,3.971907,1.000000,1.000000,1.000000,0.000000,0.000000,0.000000,0.000000,0.000000,0.000000,0.000000,0.000000,0.000000,0.000000,0.000000
2.0,2026082701.000000,41.000000,7.000000,83.000000,90.000000,0.000000,1.000000,1.000000,3.000000,2148.000000,2148.000000,1092.000000,2149.000000,2149.000000,1093.000000,2149.000000,2149.000000,1093.000000,1.000000,3.908665,1.000000,1.000000,1.000000,0.000000,0.000000,0.000000,0.000000,0.000000,0.000000,0.000000,0.000000,0.000000,0.000000,0.000000
2.0,2026082701.000000,41.000000,7.000000,83.000000,90.000000,0.000000,1.000000,1.000000,4.000000,2149.000000,2149.000000,1093.000000,2150.000000,2150.000000,1094.000000,2150.000000,2150.000000,1094.000000,1.000000,3.949167,1.000000,1.000000,1.000000,0.000000,0.000000,0.000000,0.000000,0.000000,0.000000,0.000000,0.000000,0.000000,0.000000,0.000000
2.0,2026082701.000000,41.000000,7.000000,83.000000,90.000000,0.000000,1.000000,2.000000,1.000000,2150.000000,2150.000000,1094.000000,2151.000000,2151.000000,1095.000000,2151.000000,2151.000000,1095.000000,1.000000,5.007677,1.000000,1.000000,1.000000,0.000000,0.000000,0.000000,0.000000,0.000000,0.000000,0.000000,0.000000,0.000000,0.000000,0.000000
2.0,2026082701.000000,41.000000,7.000000,83.000000,90.000000,0.000000,1.000000,2.000000,2.000000,2151.000000,2151.000000,1095.000000,2152.000000,2152.000000,1096.000000,2152.000000,2152.000000,1096.000000,1.000000,4.002740,1.000000,1.000000,1.000000,0.000000,0.000000,0.000000,0.000000,0.000000,0.000000,0.000000,0.000000,0.000000,0.000000,0.000000
2.0,2026082701.000000,41.000000,7.000000,83.000000,90.000000,0.000000,1.000000,2.000000,3.000000,2152.000000,2152.000000,1096.000000,2153.000000,2153.000000,1097.000000,2153.000000,2153.000000,1097.000000,1.000000,3.929499,1.000000,1.000000,1.000000,0.000000,0.000000,0.000000,0.000000,0.000000,0.000000,0.000000,0.000000,0.000000,0.000000,0.000000
2.0,2026082701.000000,41.000000,7.000000,83.000000,90.000000,0.000000,1.000000,2.000000,4.000000,2153.000000,2153.000000,1097.000000,2154.000000,2154.000000,1098.000000,2154.000000,2154.000000,1098.000000,1.000000,3.923335,1.000000,1.000000,1.000000,0.000000,0.000000,0.000000,0.000000,0.000000,0.000000,0.000000,0.000000,0.000000,0.000000,0.000000
2.0,2026082701.000000,41.000000,7.000000,84.000000,90.000000,90.000000,1.000000,1.000000,1.000000,2154.000000,2154.000000,1098.000000,2155.000000,2155.000000,1099.000000,2155.000000,2155.000000,1099.000000,1.000000,4.571527,1.000000,1.000000,1.000000,0.000000,0.000000,0.000000,0.000000,0.000000,0.000000,0.000000,0.000000,0.000000,0.000000,0.000000
2.0,2026082701.000000,41.000000,7.000000,84.000000,90.000000,90.000000,1.000000,1.000000,2.000000,2155.000000,2155.000000,1099.000000,2156.000000,2156.000000,1100.000000,2156.000000,2156.000000,1100.000000,1.000000,4.117740,1.000000,1.000000,1.000000,0.000000,0.000000,0.000000,0.000000,0.000000,0.000000,0.000000,0.000000,0.000000,0.000000,0.000000
2.0,2026082701.000000,41.000000,7.000000,84.000000,90.000000,90.000000,1.000000,1.000000,3.000000,2156.000000,2156.000000,1100.000000,2157.000000,2157.000000,1101.000000,2157.000000,2157.000000,1101.000000,1.000000,4.048714,1.000000,1.000000,1.000000,0.000000,0.000000,0.000000,0.000000,0.000000,0.000000,0.000000,0.000000,0.000000,0.000000,0.000000
2.0,2026082701.000000,41.000000,7.000000,84.000000,90.000000,90.000000,1.000000,1.000000,4.000000,2157.000000,2157.000000,1101.000000,2158.000000,2158.000000,1102.000000,2158.000000,2158.000000,1102.000000,1.000000,3.872452,1.000000,1.000000,1.000000,0.000000,0.000000,0.000000,0.000000,0.000000,0.000000,0.000000,0.000000,0.000000,0.000000,0.000000
2.0,2026082701.000000,41.000000,7.000000,84.000000,90.000000,90.000000,1.000000,2.000000,1.000000,2158.000000,2158.000000,1102.000000,2159.000000,2159.000000,1103.000000,2159.000000,2159.000000,1103.000000,1.000000,4.998352,1.000000,1.000000,1.000000,0.000000,0.000000,0.000000,0.000000,0.000000,0.000000,0.000000,0.000000,0.000000,0.000000,0.000000
2.0,2026082701.000000,41.000000,7.000000,84.000000,90.000000,90.000000,1.000000,2.000000,2.000000,2159.000000,2159.000000,1103.000000,2160.000000,2160.000000,1104.000000,2160.000000,2160.000000,1104.000000,1.000000,4.008574,1.000000,1.000000,1.000000,0.000000,0.000000,0.000000,0.000000,0.000000,0.000000,0.000000,0.000000,0.000000,0.000000,0.000000
2.0,2026082701.000000,41.000000,7.000000,84.000000,90.000000,90.000000,1.000000,2.000000,3.000000,2160.000000,2160.000000,1104.000000,2161.000000,2161.000000,1105.000000,2161.000000,2161.000000,1105.000000,1.000000,3.956165,1.000000,1.000000,1.000000,0.000000,0.000000,0.000000,0.000000,0.000000,0.000000,0.000000,0.000000,0.000000,0.000000,0.000000
2.0,2026082701.000000,41.000000,7.000000,84.000000,90.000000,90.000000,1.000000,2.000000,4.000000,2161.000000,2161.000000,1105.000000,2162.000000,2162.000000,1106.000000,2162.000000,2162.000000,1106.000000,1.000000,3.942452,1.000000,1.000000,1.000000,0.000000,0.000000,0.000000,0.000000,0.000000,0.000000,0.000000,0.000000,0.000000,0.000000,0.000000
2.0,2026082701.000000,41.000000,7.000000,85.000000,90.000000,180.000000,1.000000,1.000000,1.000000,2162.000000,2162.000000,1106.000000,2163.000000,2163.000000,1107.000000,2163.000000,2163.000000,1107.000000,1.000000,5.019861,1.000000,1.000000,1.000000,0.000000,0.000000,0.000000,0.000000,0.000000,0.000000,0.000000,0.000000,0.000000,0.000000,0.000000
2.0,2026082701.000000,41.000000,7.000000,85.000000,90.000000,180.000000,1.000000,1.000000,2.000000,2163.000000,2163.000000,1107.000000,2164.000000,2164.000000,1108.000000,2164.000000,2164.000000,1108.000000,1.000000,3.872789,1.000000,1.000000,1.000000,0.000000,0.000000,0.000000,0.000000,0.000000,0.000000,0.000000,0.000000,0.000000,0.000000,0.000000
2.0,2026082701.000000,41.000000,7.000000,85.000000,90.000000,180.000000,1.000000,1.000000,3.000000,2164.000000,2164.000000,1108.000000,2165.000000,2165.000000,1109.000000,2165.000000,2165.000000,1109.000000,1.000000,4.440437,1.000000,1.000000,1.000000,0.000000,0.000000,0.000000,0.000000,0.000000,0.000000,0.000000,0.000000,0.000000,0.000000,0.000000
2.0,2026082701.000000,41.000000,7.000000,85.000000,90.000000,180.000000,1.000000,1.000000,4.000000,2165.000000,2165.000000,1109.000000,2166.000000,2166.000000,1110.000000,2166.000000,2166.000000,1110.000000,1.000000,3.428440,1.000000,1.000000,1.000000,0.000000,0.000000,0.000000,0.000000,0.000000,0.000000,0.000000,0.000000,0.000000,0.000000,0.000000
2.0,2026082701.000000,41.000000,7.000000,85.000000,90.000000,180.000000,1.000000,2.000000,1.000000,2166.000000,2166.000000,1110.000000,2167.000000,2167.000000,1111.000000,2168.000000,2168.000000,1111.000000,1.000000,4.994660,1.000000,1.000000,1.000000,1.000000,1.000000,0.000000,1.000000,1.000000,1.000000,15.000000,0.000000,0.000000,0.000000,0.000000
2.0,2026082701.000000,41.000000,7.000000,85.000000,90.000000,180.000000,1.000000,2.000000,2.000000,2168.000000,2168.000000,1111.000000,2169.000000,2169.000000,1112.000000,2169.000000,2169.000000,1112.000000,1.000000,3.992742,1.000000,1.000000,1.000000,0.000000,0.000000,0.000000,0.000000,0.000000,0.000000,0.000000,0.000000,0.000000,0.000000,0.000000
2.0,2026082701.000000,41.000000,7.000000,85.000000,90.000000,180.000000,1.000000,2.000000,3.000000,2169.000000,2169.000000,1112.000000,2170.000000,2170.000000,1113.000000,2170.000000,2170.000000,1113.000000,1.000000,3.920437,1.000000,1.000000,1.000000,0.000000,0.000000,0.000000,0.000000,0.000000,0.000000,0.000000,0.000000,0.000000,0.000000,0.000000
2.0,2026082701.000000,41.000000,7.000000,85.000000,90.000000,180.000000,1.000000,2.000000,4.000000,2170.000000,2170.000000,1113.000000,2171.000000,2171.000000,1114.000000,2171.000000,2171.000000,1114.000000,1.000000,3.941668,1.000000,1.000000,1.000000,0.000000,0.000000,0.000000,0.000000,0.000000,0.000000,0.000000,0.000000,0.000000,0.000000,0.000000
2.0,2026082701.000000,41.000000,7.000000,86.000000,90.000000,270.000000,1.000000,1.000000,1.000000,2171.000000,2171.000000,1114.000000,2172.000000,2172.000000,1115.000000,2172.000000,2172.000000,1115.000000,1.000000,5.311962,1.000000,1.000000,1.000000,0.000000,0.000000,0.000000,0.000000,0.000000,0.000000,0.000000,0.000000,0.000000,0.000000,0.000000
2.0,2026082701.000000,41.000000,7.000000,86.000000,90.000000,270.000000,1.000000,1.000000,2.000000,2172.000000,2172.000000,1115.000000,2173.000000,2173.000000,1116.000000,2173.000000,2173.000000,1116.000000,1.000000,4.069407,1.000000,1.000000,1.000000,0.000000,0.000000,0.000000,0.000000,0.000000,0.000000,0.000000,0.000000,0.000000,0.000000,0.000000
2.0,2026082701.000000,41.000000,7.000000,86.000000,90.000000,270.000000,1.000000,1.000000,3.000000,2173.000000,2173.000000,1116.000000,2174.000000,2174.000000,1117.000000,2174.000000,2174.000000,1117.000000,1.000000,3.828469,1.000000,1.000000,1.000000,0.000000,0.000000,0.000000,0.000000,0.000000,0.000000,0.000000,0.000000,0.000000,0.000000,0.000000
2.0,2026082701.000000,41.000000,7.000000,86.000000,90.000000,270.000000,1.000000,1.000000,4.000000,2174.000000,2174.000000,1117.000000,2175.000000,2175.000000,1118.000000,2175.000000,2175.000000,1118.000000,1.000000,3.958775,1.000000,1.000000,1.000000,0.000000,0.000000,0.000000,0.000000,0.000000,0.000000,0.000000,0.000000,0.000000,0.000000,0.000000
2.0,2026082701.000000,41.000000,7.000000,86.000000,90.000000,270.000000,1.000000,2.000000,1.000000,2175.000000,2175.000000,1118.000000,2176.000000,2176.000000,1119.000000,2176.000000,2176.000000,1119.000000,1.000000,5.004741,1.000000,1.000000,1.000000,0.000000,0.000000,0.000000,0.000000,0.000000,0.000000,0.000000,0.000000,0.000000,0.000000,0.000000
2.0,2026082701.000000,41.000000,7.000000,86.000000,90.000000,270.000000,1.000000,2.000000,2.000000,2176.000000,2176.000000,1119.000000,2177.000000,2177.000000,1120.000000,2177.000000,2177.000000,1120.000000,1.000000,3.996074,1.000000,1.000000,1.000000,0.000000,0.000000,0.000000,0.000000,0.000000,0.000000,0.000000,0.000000,0.000000,0.000000,0.000000
2.0,2026082701.000000,41.000000,7.000000,86.000000,90.000000,270.000000,1.000000,2.000000,3.000000,2177.000000,2177.000000,1120.000000,2178.000000,2178.000000,1121.000000,2178.000000,2178.000000,1121.000000,1.000000,3.906606,1.000000,1.000000,1.000000,0.000000,0.000000,0.000000,0.000000,0.000000,0.000000,0.000000,0.000000,0.000000,0.000000,0.000000
2.0,2026082701.000000,41.000000,7.000000,86.000000,90.000000,270.000000,1.000000,2.000000,4.000000,2178.000000,2178.000000,1121.000000,2179.000000,2179.000000,1122.000000,2179.000000,2179.000000,1122.000000,1.000000,3.892893,1.000000,1.000000,1.000000,0.000000,0.000000,0.000000,0.000000,0.000000,0.000000,0.000000,0.000000,0.000000,0.000000,0.000000
2.0,2026082701.000000,41.000000,7.000000,87.000000,90.000000,0.000000,1.000000,1.000000,1.000000,2179.000000,2179.000000,1122.000000,2180.000000,2180.000000,1123.000000,2180.000000,2180.000000,1123.000000,1.000000,4.879186,1.000000,1.000000,1.000000,0.000000,0.000000,0.000000,0.000000,0.000000,0.000000,0.000000,0.000000,0.000000,0.000000,0.000000
2.0,2026082701.000000,41.000000,7.000000,87.000000,90.000000,0.000000,1.000000,1.000000,2.000000,2180.000000,2180.000000,1123.000000,2181.000000,2181.000000,1124.000000,2181.000000,2181.000000,1124.000000,1.000000,3.946957,1.000000,1.000000,1.000000,0.000000,0.000000,0.000000,0.000000,0.000000,0.000000,0.000000,0.000000,0.000000,0.000000,0.000000
2.0,2026082701.000000,41.000000,7.000000,87.000000,90.000000,0.000000,1.000000,1.000000,3.000000,2181.000000,2181.000000,1124.000000,2182.000000,2182.000000,1125.000000,2182.000000,2182.000000,1125.000000,1.000000,3.676999,1.000000,1.000000,1.000000,0.000000,0.000000,0.000000,0.000000,0.000000,0.000000,0.000000,0.000000,0.000000,0.000000,0.000000
2.0,2026082701.000000,41.000000,7.000000,87.000000,90.000000,0.000000,1.000000,1.000000,4.000000,2182.000000,2182.000000,1125.000000,2183.000000,2183.000000,1126.000000,2183.000000,2183.000000,1126.000000,1.000000,4.152501,1.000000,1.000000,1.000000,0.000000,0.000000,0.000000,0.000000,0.000000,0.000000,0.000000,0.000000,0.000000,0.000000,0.000000
2.0,2026082701.000000,41.000000,7.000000,87.000000,90.000000,0.000000,1.000000,2.000000,1.000000,2183.000000,2183.000000,1126.000000,2184.000000,2184.000000,1127.000000,2184.000000,2184.000000,1127.000000,1.000000,4.996011,1.000000,1.000000,1.000000,0.000000,0.000000,0.000000,0.000000,0.000000,0.000000,0.000000,0.000000,0.000000,0.000000,0.000000
2.0,2026082701.000000,41.000000,7.000000,87.000000,90.000000,0.000000,1.000000,2.000000,2.000000,2184.000000,2184.000000,1127.000000,2185.000000,2185.000000,1128.000000,2185.000000,2185.000000,1128.000000,1.000000,4.001074,1.000000,1.000000,1.000000,0.000000,0.000000,0.000000,0.000000,0.000000,0.000000,0.000000,0.000000,0.000000,0.000000,0.000000
2.0,2026082701.000000,41.000000,7.000000,87.000000,90.000000,0.000000,1.000000,2.000000,3.000000,2185.000000,2185.000000,1128.000000,2186.000000,2186.000000,1129.000000,2186.000000,2186.000000,1129.000000,1.000000,3.913665,1.000000,1.000000,1.000000,0.000000,0.000000,0.000000,0.000000,0.000000,0.000000,0.000000,0.000000,0.000000,0.000000,0.000000
2.0,2026082701.000000,41.000000,7.000000,87.000000,90.000000,0.000000,1.000000,2.000000,4.000000,2186.000000,2186.000000,1129.000000,2187.000000,2187.000000,1130.000000,2187.000000,2187.000000,1130.000000,1.000000,3.940835,1.000000,1.000000,1.000000,0.000000,0.000000,0.000000,0.000000,0.000000,0.000000,0.000000,0.000000,0.000000,0.000000,0.000000
2.0,2026082701.000000,41.000000,7.000000,88.000000,-90.000000,0.000000,1.000000,1.000000,1.000000,2187.000000,2187.000000,1130.000000,2188.000000,2188.000000,1131.000000,2188.000000,2188.000000,1131.000000,1.000000,4.835156,1.000000,1.000000,1.000000,0.000000,0.000000,0.000000,0.000000,0.000000,0.000000,0.000000,0.000000,0.000000,0.000000,0.000000
2.0,2026082701.000000,41.000000,7.000000,88.000000,-90.000000,0.000000,1.000000,1.000000,2.000000,2188.000000,2188.000000,1131.000000,2189.000000,2189.000000,1132.000000,2189.000000,2189.000000,1132.000000,1.000000,3.895926,1.000000,1.000000,1.000000,0.000000,0.000000,0.000000,0.000000,0.000000,0.000000,0.000000,0.000000,0.000000,0.000000,0.000000
2.0,2026082701.000000,41.000000,7.000000,88.000000,-90.000000,0.000000,1.000000,1.000000,3.000000,2189.000000,2189.000000,1132.000000,2190.000000,2190.000000,1133.000000,2190.000000,2190.000000,1133.000000,1.000000,3.873335,1.000000,1.000000,1.000000,0.000000,0.000000,0.000000,0.000000,0.000000,0.000000,0.000000,0.000000,0.000000,0.000000,0.000000
2.0,2026082701.000000,41.000000,7.000000,88.000000,-90.000000,0.000000,1.000000,1.000000,4.000000,2190.000000,2190.000000,1133.000000,2191.000000,2191.000000,1134.000000,2191.000000,2191.000000,1134.000000,1.000000,4.000332,1.000000,1.000000,1.000000,0.000000,0.000000,0.000000,0.000000,0.000000,0.000000,0.000000,0.000000,0.000000,0.000000,0.000000
2.0,2026082701.000000,41.000000,7.000000,88.000000,-90.000000,0.000000,1.000000,2.000000,1.000000,2191.000000,2191.000000,1134.000000,2192.000000,2192.000000,1135.000000,2192.000000,2192.000000,1135.000000,1.000000,5.009322,1.000000,1.000000,1.000000,0.000000,0.000000,0.000000,0.000000,0.000000,0.000000,0.000000,0.000000,0.000000,0.000000,0.000000
2.0,2026082701.000000,41.000000,7.000000,88.000000,-90.000000,0.000000,1.000000,2.000000,2.000000,2192.000000,2192.000000,1135.000000,2193.000000,2193.000000,1136.000000,2193.000000,2193.000000,1136.000000,1.000000,3.984260,1.000000,1.000000,1.000000,0.000000,0.000000,0.000000,0.000000,0.000000,0.000000,0.000000,0.000000,0.000000,0.000000,0.000000
2.0,2026082701.000000,41.000000,7.000000,88.000000,-90.000000,0.000000,1.000000,2.000000,3.000000,2193.000000,2193.000000,1136.000000,2194.000000,2194.000000,1137.000000,2194.000000,2194.000000,1137.000000,1.000000,3.934168,1.000000,1.000000,1.000000,0.000000,0.000000,0.000000,0.000000,0.000000,0.000000,0.000000,0.000000,0.000000,0.000000,0.000000
2.0,2026082701.000000,41.000000,7.000000,88.000000,-90.000000,0.000000,1.000000,2.000000,4.000000,2194.000000,2194.000000,1137.000000,2195.000000,2195.000000,1138.000000,2195.000000,2195.000000,1138.000000,1.000000,3.931999,1.000000,1.000000,1.000000,0.000000,0.000000,0.000000,0.000000,0.000000,0.000000,0.000000,0.000000,0.000000,0.000000,0.000000
2.0,2026082701.000000,41.000000,7.000000,89.000000,-90.000000,90.000000,1.000000,1.000000,1.000000,2195.000000,2195.000000,1138.000000,2196.000000,2196.000000,1139.000000,2196.000000,2196.000000,1139.000000,1.000000,5.327976,1.000000,1.000000,1.000000,0.000000,0.000000,0.000000,0.000000,0.000000,0.000000,0.000000,0.000000,0.000000,0.000000,0.000000
2.0,2026082701.000000,41.000000,7.000000,89.000000,-90.000000,90.000000,1.000000,1.000000,2.000000,2196.000000,2196.000000,1139.000000,2197.000000,2197.000000,1140.000000,2198.000000,2198.000000,1140.000000,1.000000,4.050927,1.000000,1.000000,1.000000,1.000000,1.000000,0.000000,1.000000,1.000000,1.000000,15.000000,0.000000,0.000000,0.000000,0.000000
2.0,2026082701.000000,41.000000,7.000000,89.000000,-90.000000,90.000000,1.000000,1.000000,3.000000,2198.000000,2198.000000,1140.000000,2199.000000,2199.000000,1141.000000,2199.000000,2199.000000,1141.000000,1.000000,3.781618,1.000000,1.000000,1.000000,0.000000,0.000000,0.000000,0.000000,0.000000,0.000000,0.000000,0.000000,0.000000,0.000000,0.000000
2.0,2026082701.000000,41.000000,7.000000,89.000000,-90.000000,90.000000,1.000000,1.000000,4.000000,2199.000000,2199.000000,1141.000000,2200.000000,2200.000000,1142.000000,2200.000000,2200.000000,1142.000000,1.000000,4.174449,1.000000,1.000000,1.000000,0.000000,0.000000,0.000000,0.000000,0.000000,0.000000,0.000000,0.000000,0.000000,0.000000,0.000000
2.0,2026082701.000000,41.000000,7.000000,89.000000,-90.000000,90.000000,1.000000,2.000000,1.000000,2200.000000,2200.000000,1142.000000,2201.000000,2201.000000,1143.000000,2201.000000,2201.000000,1143.000000,1.000000,4.998649,1.000000,1.000000,1.000000,0.000000,0.000000,0.000000,0.000000,0.000000,0.000000,0.000000,0.000000,0.000000,0.000000,0.000000
2.0,2026082701.000000,41.000000,7.000000,89.000000,-90.000000,90.000000,1.000000,2.000000,2.000000,2201.000000,2201.000000,1143.000000,2202.000000,2202.000000,1144.000000,2203.000000,2203.000000,1144.000000,1.000000,3.994260,1.000000,1.000000,1.000000,1.000000,1.000000,0.000000,1.000000,1.000000,1.000000,15.000000,0.000000,0.000000,0.000000,0.000000
2.0,2026082701.000000,41.000000,7.000000,89.000000,-90.000000,90.000000,1.000000,2.000000,3.000000,2203.000000,2203.000000,1144.000000,2204.000000,2204.000000,1145.000000,2204.000000,2204.000000,1145.000000,1.000000,3.970001,1.000000,1.000000,1.000000,0.000000,0.000000,0.000000,0.000000,0.000000,0.000000,0.000000,0.000000,0.000000,0.000000,0.000000
2.0,2026082701.000000,41.000000,7.000000,89.000000,-90.000000,90.000000,1.000000,2.000000,4.000000,2204.000000,2204.000000,1145.000000,2205.000000,2205.000000,1146.000000,2206.000000,2206.000000,1146.000000,1.000000,3.942832,1.000000,1.000000,1.000000,1.000000,1.000000,0.000000,1.000000,1.000000,1.000000,15.000000,0.000000,0.000000,0.000000,0.000000
2.0,2026082701.000000,41.000000,7.000000,90.000000,-90.000000,180.000000,1.000000,1.000000,1.000000,2206.000000,2206.000000,1146.000000,2207.000000,2207.000000,1147.000000,2207.000000,2207.000000,1147.000000,1.000000,4.921500,1.000000,1.000000,1.000000,0.000000,0.000000,0.000000,0.000000,0.000000,0.000000,0.000000,0.000000,0.000000,0.000000,0.000000
2.0,2026082701.000000,41.000000,7.000000,90.000000,-90.000000,180.000000,1.000000,1.000000,2.000000,2207.000000,2207.000000,1147.000000,2208.000000,2208.000000,1148.000000,2208.000000,2208.000000,1148.000000,1.000000,3.945091,1.000000,1.000000,1.000000,0.000000,0.000000,0.000000,0.000000,0.000000,0.000000,0.000000,0.000000,0.000000,0.000000,0.000000
2.0,2026082701.000000,41.000000,7.000000,90.000000,-90.000000,180.000000,1.000000,1.000000,3.000000,2208.000000,2208.000000,1148.000000,2209.000000,2209.000000,1149.000000,2209.000000,2209.000000,1149.000000,1.000000,4.043179,1.000000,1.000000,1.000000,0.000000,0.000000,0.000000,0.000000,0.000000,0.000000,0.000000,0.000000,0.000000,0.000000,0.000000
2.0,2026082701.000000,41.000000,7.000000,90.000000,-90.000000,180.000000,1.000000,1.000000,4.000000,2209.000000,2209.000000,1149.000000,2211.000000,2211.000000,1150.000000,2211.000000,2211.000000,1150.000000,1.000000,3.801321,2.000000,2.000000,1.000000,0.000000,0.000000,0.000000,1.000000,1.000000,1.000000,15.000000,0.000000,0.000000,0.000000,0.000000
2.0,2026082701.000000,41.000000,7.000000,90.000000,-90.000000,180.000000,1.000000,2.000000,1.000000,2211.000000,2211.000000,1150.000000,2212.000000,2212.000000,1151.000000,2212.000000,2212.000000,1151.000000,1.000000,5.003167,1.000000,1.000000,1.000000,0.000000,0.000000,0.000000,0.000000,0.000000,0.000000,0.000000,0.000000,0.000000,0.000000,0.000000
2.0,2026082701.000000,41.000000,7.000000,90.000000,-90.000000,180.000000,1.000000,2.000000,2.000000,2212.000000,2212.000000,1151.000000,2213.000000,2213.000000,1152.000000,2213.000000,2213.000000,1152.000000,1.000000,3.998427,1.000000,1.000000,1.000000,0.000000,0.000000,0.000000,0.000000,0.000000,0.000000,0.000000,0.000000,0.000000,0.000000,0.000000
2.0,2026082701.000000,41.000000,7.000000,90.000000,-90.000000,180.000000,1.000000,2.000000,3.000000,2213.000000,2213.000000,1152.000000,2214.000000,2214.000000,1153.000000,2214.000000,2214.000000,1153.000000,1.000000,3.930938,1.000000,1.000000,1.000000,0.000000,0.000000,0.000000,0.000000,0.000000,0.000000,0.000000,0.000000,0.000000,0.000000,0.000000
2.0,2026082701.000000,41.000000,7.000000,90.000000,-90.000000,180.000000,1.000000,2.000000,4.000000,2214.000000,2214.000000,1153.000000,2215.000000,2215.000000,1154.000000,2215.000000,2215.000000,1154.000000,1.000000,3.920228,1.000000,1.000000,1.000000,0.000000,0.000000,0.000000,0.000000,0.000000,0.000000,0.000000,0.000000,0.000000,0.000000,0.000000
2.0,2026082701.000000,41.000000,7.000000,91.000000,-90.000000,270.000000,1.000000,1.000000,1.000000,2215.000000,2215.000000,1154.000000,2216.000000,2216.000000,1155.000000,2216.000000,2216.000000,1155.000000,1.000000,4.767209,1.000000,1.000000,1.000000,0.000000,0.000000,0.000000,0.000000,0.000000,0.000000,0.000000,0.000000,0.000000,0.000000,0.000000
2.0,2026082701.000000,41.000000,7.000000,91.000000,-90.000000,270.000000,1.000000,1.000000,2.000000,2216.000000,2216.000000,1155.000000,2217.000000,2217.000000,1156.000000,2217.000000,2217.000000,1156.000000,1.000000,4.106761,1.000000,1.000000,1.000000,0.000000,0.000000,0.000000,0.000000,0.000000,0.000000,0.000000,0.000000,0.000000,0.000000,0.000000
2.0,2026082701.000000,41.000000,7.000000,91.000000,-90.000000,270.000000,1.000000,1.000000,3.000000,2217.000000,2217.000000,1156.000000,2218.000000,2218.000000,1157.000000,2218.000000,2218.000000,1157.000000,1.000000,3.638774,1.000000,1.000000,1.000000,0.000000,0.000000,0.000000,0.000000,0.000000,0.000000,0.000000,0.000000,0.000000,0.000000,0.000000
2.0,2026082701.000000,41.000000,7.000000,91.000000,-90.000000,270.000000,1.000000,1.000000,4.000000,2218.000000,2218.000000,1157.000000,2219.000000,2219.000000,1158.000000,2219.000000,2219.000000,1158.000000,1.000000,4.174351,1.000000,1.000000,1.000000,0.000000,0.000000,0.000000,0.000000,0.000000,0.000000,0.000000,0.000000,0.000000,0.000000,0.000000
2.0,2026082701.000000,41.000000,7.000000,91.000000,-90.000000,270.000000,1.000000,2.000000,1.000000,2219.000000,2219.000000,1158.000000,2220.000000,2220.000000,1159.000000,2220.000000,2220.000000,1159.000000,1.000000,4.989709,1.000000,1.000000,1.000000,0.000000,0.000000,0.000000,0.000000,0.000000,0.000000,0.000000,0.000000,0.000000,0.000000,0.000000
2.0,2026082701.000000,41.000000,7.000000,91.000000,-90.000000,270.000000,1.000000,2.000000,2.000000,2220.000000,2220.000000,1159.000000,2221.000000,2221.000000,1160.000000,2221.000000,2221.000000,1160.000000,1.000000,4.010925,1.000000,1.000000,1.000000,0.000000,0.000000,0.000000,0.000000,0.000000,0.000000,0.000000,0.000000,0.000000,0.000000,0.000000
2.0,2026082701.000000,41.000000,7.000000,91.000000,-90.000000,270.000000,1.000000,2.000000,3.000000,2221.000000,2221.000000,1160.000000,2222.000000,2222.000000,1161.000000,2222.000000,2222.000000,1161.000000,1.000000,3.929755,1.000000,1.000000,1.000000,0.000000,0.000000,0.000000,0.000000,0.000000,0.000000,0.000000,0.000000,0.000000,0.000000,0.000000
2.0,2026082701.000000,41.000000,7.000000,91.000000,-90.000000,270.000000,1.000000,2.000000,4.000000,2222.000000,2222.000000,1161.000000,2223.000000,2223.000000,1162.000000,2223.000000,2223.000000,1162.000000,1.000000,3.903321,1.000000,1.000000,1.000000,0.000000,0.000000,0.000000,0.000000,0.000000,0.000000,0.000000,0.000000,0.000000,0.000000,0.000000
2.0,2026082701.000000,41.000000,7.000000,92.000000,-90.000000,0.000000,1.000000,1.000000,1.000000,2223.000000,2223.000000,1162.000000,2224.000000,2224.000000,1163.000000,2224.000000,2224.000000,1163.000000,1.000000,5.045989,1.000000,1.000000,1.000000,0.000000,0.000000,0.000000,0.000000,0.000000,0.000000,0.000000,0.000000,0.000000,0.000000,0.000000
2.0,2026082701.000000,41.000000,7.000000,92.000000,-90.000000,0.000000,1.000000,1.000000,2.000000,2224.000000,2224.000000,1163.000000,2225.000000,2225.000000,1164.000000,2225.000000,2225.000000,1164.000000,1.000000,3.911760,1.000000,1.000000,1.000000,0.000000,0.000000,0.000000,0.000000,0.000000,0.000000,0.000000,0.000000,0.000000,0.000000,0.000000
2.0,2026082701.000000,41.000000,7.000000,92.000000,-90.000000,0.000000,1.000000,1.000000,3.000000,2225.000000,2225.000000,1164.000000,2226.000000,2226.000000,1165.000000,2226.000000,2226.000000,1165.000000,1.000000,3.482501,1.000000,1.000000,1.000000,0.000000,0.000000,0.000000,0.000000,0.000000,0.000000,0.000000,0.000000,0.000000,0.000000,0.000000
2.0,2026082701.000000,41.000000,7.000000,92.000000,-90.000000,0.000000,1.000000,1.000000,4.000000,2226.000000,2226.000000,1165.000000,2227.000000,2227.000000,1166.000000,2227.000000,2227.000000,1166.000000,1.000000,4.384499,1.000000,1.000000,1.000000,0.000000,0.000000,0.000000,0.000000,0.000000,0.000000,0.000000,0.000000,0.000000,0.000000,0.000000
2.0,2026082701.000000,41.000000,7.000000,92.000000,-90.000000,0.000000,1.000000,2.000000,1.000000,2227.000000,2227.000000,1166.000000,2228.000000,2228.000000,1167.000000,2228.000000,2228.000000,1167.000000,1.000000,4.995989,1.000000,1.000000,1.000000,0.000000,0.000000,0.000000,0.000000,0.000000,0.000000,0.000000,0.000000,0.000000,0.000000,0.000000
2.0,2026082701.000000,41.000000,7.000000,92.000000,-90.000000,0.000000,1.000000,2.000000,2.000000,2228.000000,2228.000000,1167.000000,2229.000000,2229.000000,1168.000000,2229.000000,2229.000000,1168.000000,1.000000,3.971760,1.000000,1.000000,1.000000,0.000000,0.000000,0.000000,0.000000,0.000000,0.000000,0.000000,0.000000,0.000000,0.000000,0.000000
2.0,2026082701.000000,41.000000,7.000000,92.000000,-90.000000,0.000000,1.000000,2.000000,3.000000,2229.000000,2229.000000,1168.000000,2230.000000,2230.000000,1169.000000,2230.000000,2230.000000,1169.000000,1.000000,3.930001,1.000000,1.000000,1.000000,0.000000,0.000000,0.000000,0.000000,0.000000,0.000000,0.000000,0.000000,0.000000,0.000000,0.000000
2.0,2026082701.000000,41.000000,7.000000,92.000000,-90.000000,0.000000,1.000000,2.000000,4.000000,2230.000000,2230.000000,1169.000000,2231.000000,2231.000000,1170.000000,2231.000000,2231.000000,1170.000000,1.000000,3.946165,1.000000,1.000000,1.000000,0.000000,0.000000,0.000000,0.000000,0.000000,0.000000,0.000000,0.000000,0.000000,0.000000,0.000000
2.0,2026082701.000000,41.000000,7.000000,93.000000,0.000000,0.000000,1.000000,1.000000,1.000000,2231.000000,2231.000000,1170.000000,2232.000000,2232.000000,1171.000000,2232.000000,2232.000000,1171.000000,1.000000,5.201833,1.000000,1.000000,1.000000,0.000000,0.000000,0.000000,0.000000,0.000000,0.000000,0.000000,0.000000,0.000000,0.000000,0.000000
2.0,2026082701.000000,41.000000,7.000000,93.000000,0.000000,0.000000,1.000000,1.000000,2.000000,2232.000000,2232.000000,1171.000000,2233.000000,2233.000000,1172.000000,2233.000000,2233.000000,1172.000000,1.000000,3.966896,1.000000,1.000000,1.000000,0.000000,0.000000,0.000000,0.000000,0.000000,0.000000,0.000000,0.000000,0.000000,0.000000,0.000000
2.0,2026082701.000000,41.000000,7.000000,93.000000,0.000000,0.000000,1.000000,1.000000,3.000000,2233.000000,2233.000000,1172.000000,2234.000000,2234.000000,1173.000000,2234.000000,2234.000000,1173.000000,1.000000,4.035167,1.000000,1.000000,1.000000,0.000000,0.000000,0.000000,0.000000,0.000000,0.000000,0.000000,0.000000,0.000000,0.000000,0.000000
2.0,2026082701.000000,41.000000,7.000000,93.000000,0.000000,0.000000,1.000000,1.000000,4.000000,2234.000000,2234.000000,1173.000000,2235.000000,2235.000000,1174.000000,2235.000000,2235.000000,1174.000000,1.000000,3.791833,1.000000,1.000000,1.000000,0.000000,0.000000,0.000000,0.000000,0.000000,0.000000,0.000000,0.000000,0.000000,0.000000,0.000000
2.0,2026082701.000000,41.000000,7.000000,93.000000,0.000000,0.000000,1.000000,2.000000,1.000000,2235.000000,2235.000000,1174.000000,2236.000000,2236.000000,1175.000000,2236.000000,2236.000000,1175.000000,1.000000,4.998500,1.000000,1.000000,1.000000,0.000000,0.000000,0.000000,0.000000,0.000000,0.000000,0.000000,0.000000,0.000000,0.000000,0.000000
2.0,2026082701.000000,41.000000,7.000000,93.000000,0.000000,0.000000,1.000000,2.000000,2.000000,2236.000000,2236.000000,1175.000000,2237.000000,2237.000000,1176.000000,2237.000000,2237.000000,1176.000000,1.000000,4.011896,1.000000,1.000000,1.000000,0.000000,0.000000,0.000000,0.000000,0.000000,0.000000,0.000000,0.000000,0.000000,0.000000,0.000000
2.0,2026082701.000000,41.000000,7.000000,93.000000,0.000000,0.000000,1.000000,2.000000,3.000000,2237.000000,2237.000000,1176.000000,2238.000000,2238.000000,1177.000000,2238.000000,2238.000000,1177.000000,1.000000,3.918500,1.000000,1.000000,1.000000,0.000000,0.000000,0.000000,0.000000,0.000000,0.000000,0.000000,0.000000,0.000000,0.000000,0.000000
2.0,2026082701.000000,41.000000,7.000000,93.000000,0.000000,0.000000,1.000000,2.000000,4.000000,2238.000000,2238.000000,1177.000000,2239.000000,2239.000000,1178.000000,2239.000000,2239.000000,1178.000000,1.000000,3.918500,1.000000,1.000000,1.000000,0.000000,0.000000,0.000000,0.000000,0.000000,0.000000,0.000000,0.000000,0.000000,0.000000,0.000000
2.0,2026082701.000000,41.000000,7.000000,94.000000,0.000000,45.000000,1.000000,1.000000,1.000000,2239.000000,2239.000000,1178.000000,2240.000000,2240.000000,1179.000000,2240.000000,2240.000000,1179.000000,1.000000,4.999334,1.000000,1.000000,1.000000,0.000000,0.000000,0.000000,0.000000,0.000000,0.000000,0.000000,0.000000,0.000000,0.000000,0.000000
2.0,2026082701.000000,41.000000,7.000000,94.000000,0.000000,45.000000,1.000000,1.000000,2.000000,2240.000000,2240.000000,1179.000000,2241.000000,2241.000000,1180.000000,2241.000000,2241.000000,1180.000000,1.000000,4.035085,1.000000,1.000000,1.000000,0.000000,0.000000,0.000000,0.000000,0.000000,0.000000,0.000000,0.000000,0.000000,0.000000,0.000000
2.0,2026082701.000000,41.000000,7.000000,94.000000,0.000000,45.000000,1.000000,1.000000,3.000000,2241.000000,2241.000000,1180.000000,2242.000000,2242.000000,1181.000000,2242.000000,2242.000000,1181.000000,1.000000,3.890020,1.000000,1.000000,1.000000,0.000000,0.000000,0.000000,0.000000,0.000000,0.000000,0.000000,0.000000,0.000000,0.000000,0.000000
2.0,2026082701.000000,41.000000,7.000000,94.000000,0.000000,45.000000,1.000000,1.000000,4.000000,2242.000000,2242.000000,1181.000000,2243.000000,2243.000000,1182.000000,2243.000000,2243.000000,1182.000000,1.000000,3.979178,1.000000,1.000000,1.000000,0.000000,0.000000,0.000000,0.000000,0.000000,0.000000,0.000000,0.000000,0.000000,0.000000,0.000000
2.0,2026082701.000000,41.000000,7.000000,94.000000,0.000000,45.000000,1.000000,2.000000,1.000000,2243.000000,2243.000000,1182.000000,2244.000000,2244.000000,1183.000000,2244.000000,2244.000000,1183.000000,1.000000,5.000162,1.000000,1.000000,1.000000,0.000000,0.000000,0.000000,0.000000,0.000000,0.000000,0.000000,0.000000,0.000000,0.000000,0.000000
2.0,2026082701.000000,41.000000,7.000000,94.000000,0.000000,45.000000,1.000000,2.000000,2.000000,2244.000000,2244.000000,1183.000000,2245.000000,2245.000000,1184.000000,2245.000000,2245.000000,1184.000000,1.000000,4.012181,1.000000,1.000000,1.000000,0.000000,0.000000,0.000000,0.000000,0.000000,0.000000,0.000000,0.000000,0.000000,0.000000,0.000000
2.0,2026082701.000000,41.000000,7.000000,94.000000,0.000000,45.000000,1.000000,2.000000,3.000000,2245.000000,2245.000000,1184.000000,2246.000000,2246.000000,1185.000000,2246.000000,2246.000000,1185.000000,1.000000,3.935855,1.000000,1.000000,1.000000,0.000000,0.000000,0.000000,0.000000,0.000000,0.000000,0.000000,0.000000,0.000000,0.000000,0.000000
2.0,2026082701.000000,41.000000,7.000000,94.000000,0.000000,45.000000,1.000000,2.000000,4.000000,2246.000000,2246.000000,1185.000000,2247.000000,2247.000000,1186.000000,2247.000000,2247.000000,1186.000000,1.000000,3.937514,1.000000,1.000000,1.000000,0.000000,0.000000,0.000000,0.000000,0.000000,0.000000,0.000000,0.000000,0.000000,0.000000,0.000000
2.0,2026082701.000000,41.000000,7.000000,95.000000,0.000000,90.000000,1.000000,1.000000,1.000000,2247.000000,2247.000000,1186.000000,2248.000000,2248.000000,1187.000000,2248.000000,2248.000000,1187.000000,1.000000,4.990172,1.000000,1.000000,1.000000,0.000000,0.000000,0.000000,0.000000,0.000000,0.000000,0.000000,0.000000,0.000000,0.000000,0.000000
2.0,2026082701.000000,41.000000,7.000000,95.000000,0.000000,90.000000,1.000000,1.000000,2.000000,2248.000000,2248.000000,1187.000000,2249.000000,2249.000000,1188.000000,2249.000000,2249.000000,1188.000000,1.000000,3.958101,1.000000,1.000000,1.000000,0.000000,0.000000,0.000000,0.000000,0.000000,0.000000,0.000000,0.000000,0.000000,0.000000,0.000000
2.0,2026082701.000000,41.000000,7.000000,95.000000,0.000000,90.000000,1.000000,1.000000,3.000000,2249.000000,2249.000000,1188.000000,2250.000000,2250.000000,1189.000000,2250.000000,2250.000000,1189.000000,1.000000,3.908495,1.000000,1.000000,1.000000,0.000000,0.000000,0.000000,0.000000,0.000000,0.000000,0.000000,0.000000,0.000000,0.000000,0.000000
2.0,2026082701.000000,41.000000,7.000000,95.000000,0.000000,90.000000,1.000000,1.000000,4.000000,2250.000000,2250.000000,1189.000000,2251.000000,2251.000000,1190.000000,2251.000000,2251.000000,1190.000000,1.000000,4.006838,1.000000,1.000000,1.000000,0.000000,0.000000,0.000000,0.000000,0.000000,0.000000,0.000000,0.000000,0.000000,0.000000,0.000000
2.0,2026082701.000000,41.000000,7.000000,95.000000,0.000000,90.000000,1.000000,2.000000,1.000000,2251.000000,2251.000000,1190.000000,2252.000000,2252.000000,1191.000000,2252.000000,2252.000000,1191.000000,1.000000,5.001005,1.000000,1.000000,1.000000,0.000000,0.000000,0.000000,0.000000,0.000000,0.000000,0.000000,0.000000,0.000000,0.000000,0.000000
2.0,2026082701.000000,41.000000,7.000000,95.000000,0.000000,90.000000,1.000000,2.000000,2.000000,2252.000000,2252.000000,1191.000000,2253.000000,2253.000000,1192.000000,2253.000000,2253.000000,1192.000000,1.000000,3.997837,1.000000,1.000000,1.000000,0.000000,0.000000,0.000000,0.000000,0.000000,0.000000,0.000000,0.000000,0.000000,0.000000,0.000000
2.0,2026082701.000000,41.000000,7.000000,95.000000,0.000000,90.000000,1.000000,2.000000,3.000000,2253.000000,2253.000000,1192.000000,2254.000000,2254.000000,1193.000000,2254.000000,2254.000000,1193.000000,1.000000,3.955996,1.000000,1.000000,1.000000,0.000000,0.000000,0.000000,0.000000,0.000000,0.000000,0.000000,0.000000,0.000000,0.000000,0.000000
2.0,2026082701.000000,41.000000,7.000000,95.000000,0.000000,90.000000,1.000000,2.000000,4.000000,2254.000000,2254.000000,1193.000000,2255.000000,2255.000000,1194.000000,2255.000000,2255.000000,1194.000000,1.000000,3.958505,1.000000,1.000000,1.000000,0.000000,0.000000,0.000000,0.000000,0.000000,0.000000,0.000000,0.000000,0.000000,0.000000,0.000000
2.0,2026082701.000000,41.000000,7.000000,96.000000,0.000000,135.000000,1.000000,1.000000,1.000000,2255.000000,2255.000000,1194.000000,2256.000000,2256.000000,1195.000000,2256.000000,2256.000000,1195.000000,1.000000,4.992667,1.000000,1.000000,1.000000,0.000000,0.000000,0.000000,0.000000,0.000000,0.000000,0.000000,0.000000,0.000000,0.000000,0.000000
2.0,2026082701.000000,41.000000,7.000000,96.000000,0.000000,135.000000,1.000000,1.000000,2.000000,2256.000000,2256.000000,1195.000000,2257.000000,2257.000000,1196.000000,2257.000000,2257.000000,1196.000000,1.000000,4.017779,1.000000,1.000000,1.000000,0.000000,0.000000,0.000000,0.000000,0.000000,0.000000,0.000000,0.000000,0.000000,0.000000,0.000000
2.0,2026082701.000000,41.000000,7.000000,96.000000,0.000000,135.000000,1.000000,1.000000,3.000000,2257.000000,2257.000000,1196.000000,2258.000000,2258.000000,1197.000000,2258.000000,2258.000000,1197.000000,1.000000,3.898364,1.000000,1.000000,1.000000,0.000000,0.000000,0.000000,0.000000,0.000000,0.000000,0.000000,0.000000,0.000000,0.000000,0.000000
2.0,2026082701.000000,41.000000,7.000000,96.000000,0.000000,135.000000,1.000000,1.000000,4.000000,2258.000000,2258.000000,1197.000000,2259.000000,2259.000000,1198.000000,2259.000000,2259.000000,1198.000000,1.000000,3.977515,1.000000,1.000000,1.000000,0.000000,0.000000,0.000000,0.000000,0.000000,0.000000,0.000000,0.000000,0.000000,0.000000,0.000000
2.0,2026082701.000000,41.000000,7.000000,96.000000,0.000000,135.000000,1.000000,2.000000,1.000000,2259.000000,2259.000000,1198.000000,2260.000000,2260.000000,1199.000000,2260.000000,2260.000000,1199.000000,1.000000,4.999333,1.000000,1.000000,1.000000,0.000000,0.000000,0.000000,0.000000,0.000000,0.000000,0.000000,0.000000,0.000000,0.000000,0.000000
2.0,2026082701.000000,41.000000,7.000000,96.000000,0.000000,135.000000,1.000000,2.000000,2.000000,2260.000000,2260.000000,1199.000000,2261.000000,2261.000000,1200.000000,2261.000000,2261.000000,1200.000000,1.000000,3.998225,1.000000,1.000000,1.000000,0.000000,0.000000,0.000000,0.000000,0.000000,0.000000,0.000000,0.000000,0.000000,0.000000,0.000000
2.0,2026082701.000000,41.000000,7.000000,96.000000,0.000000,135.000000,1.000000,2.000000,3.000000,2261.000000,2261.000000,1200.000000,2262.000000,2262.000000,1201.000000,2262.000000,2262.000000,1201.000000,1.000000,3.949167,1.000000,1.000000,1.000000,0.000000,0.000000,0.000000,0.000000,0.000000,0.000000,0.000000,0.000000,0.000000,0.000000,0.000000
2.0,2026082701.000000,41.000000,7.000000,96.000000,0.000000,135.000000,1.000000,2.000000,4.000000,2262.000000,2262.000000,1201.000000,2263.000000,2263.000000,1202.000000,2263.000000,2263.000000,1202.000000,1.000000,3.936707,1.000000,1.000000,1.000000,0.000000,0.000000,0.000000,0.000000,0.000000,0.000000,0.000000,0.000000,0.000000,0.000000,0.000000
2.0,2026082701.000000,41.000000,7.000000,97.000000,0.000000,180.000000,1.000000,1.000000,1.000000,2263.000000,2263.000000,1202.000000,2264.000000,2264.000000,1203.000000,2264.000000,2264.000000,1203.000000,1.000000,4.996000,1.000000,1.000000,1.000000,0.000000,0.000000,0.000000,0.000000,0.000000,0.000000,0.000000,0.000000,0.000000,0.000000,0.000000
2.0,2026082701.000000,41.000000,7.000000,97.000000,0.000000,180.000000,1.000000,1.000000,2.000000,2264.000000,2264.000000,1203.000000,2265.000000,2265.000000,1204.000000,2265.000000,2265.000000,1204.000000,1.000000,4.031543,1.000000,1.000000,1.000000,0.000000,0.000000,0.000000,0.000000,0.000000,0.000000,0.000000,0.000000,0.000000,0.000000,0.000000
2.0,2026082701.000000,41.000000,7.000000,97.000000,0.000000,180.000000,1.000000,1.000000,3.000000,2265.000000,2265.000000,1204.000000,2266.000000,2266.000000,1205.000000,2266.000000,2266.000000,1205.000000,1.000000,3.892663,1.000000,1.000000,1.000000,0.000000,0.000000,0.000000,0.000000,0.000000,0.000000,0.000000,0.000000,0.000000,0.000000,0.000000
2.0,2026082701.000000,41.000000,7.000000,97.000000,0.000000,180.000000,1.000000,1.000000,4.000000,2266.000000,2266.000000,1205.000000,2267.000000,2267.000000,1206.000000,2267.000000,2267.000000,1206.000000,1.000000,3.954326,1.000000,1.000000,1.000000,0.000000,0.000000,0.000000,0.000000,0.000000,0.000000,0.000000,0.000000,0.000000,0.000000,0.000000
2.0,2026082701.000000,41.000000,7.000000,97.000000,0.000000,180.000000,1.000000,2.000000,1.000000,2267.000000,2267.000000,1206.000000,2268.000000,2268.000000,1207.000000,2268.000000,2268.000000,1207.000000,1.000000,5.000167,1.000000,1.000000,1.000000,0.000000,0.000000,0.000000,0.000000,0.000000,0.000000,0.000000,0.000000,0.000000,0.000000,0.000000
2.0,2026082701.000000,41.000000,7.000000,97.000000,0.000000,180.000000,1.000000,2.000000,2.000000,2268.000000,2268.000000,1207.000000,2269.000000,2269.000000,1208.000000,2269.000000,2269.000000,1208.000000,1.000000,3.995903,1.000000,1.000000,1.000000,0.000000,0.000000,0.000000,0.000000,0.000000,0.000000,0.000000,0.000000,0.000000,0.000000,0.000000
2.0,2026082701.000000,41.000000,7.000000,97.000000,0.000000,180.000000,1.000000,2.000000,3.000000,2269.000000,2269.000000,1208.000000,2270.000000,2270.000000,1209.000000,2270.000000,2270.000000,1209.000000,1.000000,3.919322,1.000000,1.000000,1.000000,0.000000,0.000000,0.000000,0.000000,0.000000,0.000000,0.000000,0.000000,0.000000,0.000000,0.000000
2.0,2026082701.000000,41.000000,7.000000,97.000000,0.000000,180.000000,1.000000,2.000000,4.000000,2270.000000,2270.000000,1209.000000,2271.000000,2271.000000,1210.000000,2271.000000,2271.000000,1210.000000,1.000000,3.924344,1.000000,1.000000,1.000000,0.000000,0.000000,0.000000,0.000000,0.000000,0.000000,0.000000,0.000000,0.000000,0.000000,0.000000
2.0,2026082701.000000,41.000000,7.000000,98.000000,0.000000,225.000000,1.000000,1.000000,1.000000,2271.000000,2271.000000,1210.000000,2272.000000,2272.000000,1211.000000,2272.000000,2272.000000,1211.000000,1.000000,5.002667,1.000000,1.000000,1.000000,0.000000,0.000000,0.000000,0.000000,0.000000,0.000000,0.000000,0.000000,0.000000,0.000000,0.000000
2.0,2026082701.000000,41.000000,7.000000,98.000000,0.000000,225.000000,1.000000,1.000000,2.000000,2272.000000,2272.000000,1211.000000,2273.000000,2273.000000,1212.000000,2273.000000,2273.000000,1212.000000,1.000000,3.997105,1.000000,1.000000,1.000000,0.000000,0.000000,0.000000,0.000000,0.000000,0.000000,0.000000,0.000000,0.000000,0.000000,0.000000
2.0,2026082701.000000,41.000000,7.000000,98.000000,0.000000,225.000000,1.000000,1.000000,3.000000,2273.000000,2273.000000,1212.000000,2274.000000,2274.000000,1213.000000,2274.000000,2274.000000,1213.000000,1.000000,3.861702,1.000000,1.000000,1.000000,0.000000,0.000000,0.000000,0.000000,0.000000,0.000000,0.000000,0.000000,0.000000,0.000000,0.000000
2.0,2026082701.000000,41.000000,7.000000,98.000000,0.000000,225.000000,1.000000,1.000000,4.000000,2274.000000,2274.000000,1213.000000,2275.000000,2275.000000,1214.000000,2275.000000,2275.000000,1214.000000,1.000000,3.980872,1.000000,1.000000,1.000000,0.000000,0.000000,0.000000,0.000000,0.000000,0.000000,0.000000,0.000000,0.000000,0.000000,0.000000
2.0,2026082701.000000,41.000000,7.000000,98.000000,0.000000,225.000000,1.000000,2.000000,1.000000,2275.000000,2275.000000,1214.000000,2276.000000,2276.000000,1215.000000,2276.000000,2276.000000,1215.000000,1.000000,5.000167,1.000000,1.000000,1.000000,0.000000,0.000000,0.000000,0.000000,0.000000,0.000000,0.000000,0.000000,0.000000,0.000000,0.000000
2.0,2026082701.000000,41.000000,7.000000,98.000000,0.000000,225.000000,1.000000,2.000000,2.000000,2276.000000,2276.000000,1215.000000,2277.000000,2277.000000,1216.000000,2277.000000,2277.000000,1216.000000,1.000000,3.999059,1.000000,1.000000,1.000000,0.000000,0.000000,0.000000,0.000000,0.000000,0.000000,0.000000,0.000000,0.000000,0.000000,0.000000
2.0,2026082701.000000,41.000000,7.000000,98.000000,0.000000,225.000000,1.000000,2.000000,3.000000,2277.000000,2277.000000,1216.000000,2278.000000,2278.000000,1217.000000,2278.000000,2278.000000,1217.000000,1.000000,3.920007,1.000000,1.000000,1.000000,0.000000,0.000000,0.000000,0.000000,0.000000,0.000000,0.000000,0.000000,0.000000,0.000000,0.000000
2.0,2026082701.000000,41.000000,7.000000,98.000000,0.000000,225.000000,1.000000,2.000000,4.000000,2278.000000,2278.000000,1217.000000,2279.000000,2279.000000,1218.000000,2279.000000,2279.000000,1218.000000,1.000000,3.913360,1.000000,1.000000,1.000000,0.000000,0.000000,0.000000,0.000000,0.000000,0.000000,0.000000,0.000000,0.000000,0.000000,0.000000
2.0,2026082701.000000,41.000000,7.000000,99.000000,0.000000,270.000000,1.000000,1.000000,1.000000,2279.000000,2279.000000,1218.000000,2280.000000,2280.000000,1219.000000,2280.000000,2280.000000,1219.000000,1.000000,5.006000,1.000000,1.000000,1.000000,0.000000,0.000000,0.000000,0.000000,0.000000,0.000000,0.000000,0.000000,0.000000,0.000000,0.000000
2.0,2026082701.000000,41.000000,7.000000,99.000000,0.000000,270.000000,1.000000,1.000000,2.000000,2280.000000,2280.000000,1219.000000,2281.000000,2281.000000,1220.000000,2281.000000,2281.000000,1220.000000,1.000000,3.994681,1.000000,1.000000,1.000000,0.000000,0.000000,0.000000,0.000000,0.000000,0.000000,0.000000,0.000000,0.000000,0.000000,0.000000
2.0,2026082701.000000,41.000000,7.000000,99.000000,0.000000,270.000000,1.000000,1.000000,3.000000,2281.000000,2281.000000,1220.000000,2282.000000,2282.000000,1221.000000,2282.000000,2282.000000,1221.000000,1.000000,3.860981,1.000000,1.000000,1.000000,0.000000,0.000000,0.000000,0.000000,0.000000,0.000000,0.000000,0.000000,0.000000,0.000000,0.000000
2.0,2026082701.000000,41.000000,7.000000,99.000000,0.000000,270.000000,1.000000,1.000000,4.000000,2282.000000,2282.000000,1221.000000,2283.000000,2283.000000,1222.000000,2284.000000,2284.000000,1222.000000,1.000000,3.938531,1.000000,1.000000,1.000000,1.000000,1.000000,0.000000,1.000000,1.000000,1.000000,15.000000,0.000000,0.000000,0.000000,0.000000
2.0,2026082701.000000,41.000000,7.000000,99.000000,0.000000,270.000000,1.000000,2.000000,1.000000,2284.000000,2284.000000,1222.000000,2285.000000,2285.000000,1223.000000,2285.000000,2285.000000,1223.000000,1.000000,5.001000,1.000000,1.000000,1.000000,0.000000,0.000000,0.000000,0.000000,0.000000,0.000000,0.000000,0.000000,0.000000,0.000000,0.000000
2.0,2026082701.000000,41.000000,7.000000,99.000000,0.000000,270.000000,1.000000,2.000000,2.000000,2285.000000,2285.000000,1223.000000,2286.000000,2286.000000,1224.000000,2286.000000,2286.000000,1224.000000,1.000000,3.998118,1.000000,1.000000,1.000000,0.000000,0.000000,0.000000,0.000000,0.000000,0.000000,0.000000,0.000000,0.000000,0.000000,0.000000
2.0,2026082701.000000,41.000000,7.000000,99.000000,0.000000,270.000000,1.000000,2.000000,3.000000,2286.000000,2286.000000,1224.000000,2287.000000,2287.000000,1225.000000,2287.000000,2287.000000,1225.000000,1.000000,3.896802,1.000000,1.000000,1.000000,0.000000,0.000000,0.000000,0.000000,0.000000,0.000000,0.000000,0.000000,0.000000,0.000000,0.000000
2.0,2026082701.000000,41.000000,7.000000,99.000000,0.000000,270.000000,1.000000,2.000000,4.000000,2287.000000,2287.000000,1225.000000,2288.000000,2288.000000,1226.000000,2288.000000,2288.000000,1226.000000,1.000000,3.901845,1.000000,1.000000,1.000000,0.000000,0.000000,0.000000,0.000000,0.000000,0.000000,0.000000,0.000000,0.000000,0.000000,0.000000
2.0,2026082701.000000,41.000000,7.000000,100.000000,0.000000,315.000000,1.000000,1.000000,1.000000,2288.000000,2288.000000,1226.000000,2289.000000,2289.000000,1227.000000,2289.000000,2289.000000,1227.000000,1.000000,5.006833,1.000000,1.000000,1.000000,0.000000,0.000000,0.000000,0.000000,0.000000,0.000000,0.000000,0.000000,0.000000,0.000000,0.000000
2.0,2026082701.000000,41.000000,7.000000,100.000000,0.000000,315.000000,1.000000,1.000000,2.000000,2289.000000,2289.000000,1227.000000,2290.000000,2290.000000,1228.000000,2290.000000,2290.000000,1228.000000,1.000000,3.990086,1.000000,1.000000,1.000000,0.000000,0.000000,0.000000,0.000000,0.000000,0.000000,0.000000,0.000000,0.000000,0.000000,0.000000
2.0,2026082701.000000,41.000000,7.000000,100.000000,0.000000,315.000000,1.000000,1.000000,3.000000,2290.000000,2290.000000,1228.000000,2291.000000,2291.000000,1229.000000,2291.000000,2291.000000,1229.000000,1.000000,3.879190,1.000000,1.000000,1.000000,0.000000,0.000000,0.000000,0.000000,0.000000,0.000000,0.000000,0.000000,0.000000,0.000000,0.000000
2.0,2026082701.000000,41.000000,7.000000,100.000000,0.000000,315.000000,1.000000,1.000000,4.000000,2291.000000,2291.000000,1229.000000,2292.000000,2292.000000,1230.000000,2292.000000,2292.000000,1230.000000,1.000000,3.971689,1.000000,1.000000,1.000000,0.000000,0.000000,0.000000,0.000000,0.000000,0.000000,0.000000,0.000000,0.000000,0.000000,0.000000
2.0,2026082701.000000,41.000000,7.000000,100.000000,0.000000,315.000000,1.000000,2.000000,1.000000,2292.000000,2292.000000,1230.000000,2293.000000,2293.000000,1231.000000,2293.000000,2293.000000,1231.000000,1.000000,4.999334,1.000000,1.000000,1.000000,0.000000,0.000000,0.000000,0.000000,0.000000,0.000000,0.000000,0.000000,0.000000,0.000000,0.000000
2.0,2026082701.000000,41.000000,7.000000,100.000000,0.000000,315.000000,1.000000,2.000000,2.000000,2293.000000,2293.000000,1231.000000,2294.000000,2294.000000,1232.000000,2294.000000,2294.000000,1232.000000,1.000000,3.997586,1.000000,1.000000,1.000000,0.000000,0.000000,0.000000,0.000000,0.000000,0.000000,0.000000,0.000000,0.000000,0.000000,0.000000
2.0,2026082701.000000,41.000000,7.000000,100.000000,0.000000,315.000000,1.000000,2.000000,3.000000,2294.000000,2294.000000,1232.000000,2295.000000,2295.000000,1233.000000,2295.000000,2295.000000,1233.000000,1.000000,3.930023,1.000000,1.000000,1.000000,0.000000,0.000000,0.000000,0.000000,0.000000,0.000000,0.000000,0.000000,0.000000,0.000000,0.000000
2.0,2026082701.000000,41.000000,7.000000,100.000000,0.000000,315.000000,1.000000,2.000000,4.000000,2295.000000,2295.000000,1233.000000,2296.000000,2296.000000,1234.000000,2296.000000,2296.000000,1234.000000,1.000000,3.949193,1.000000,1.000000,1.000000,0.000000,0.000000,0.000000,0.000000,0.000000,0.000000,0.000000,0.000000,0.000000,0.000000,0.000000
2.0,2026082701.000000,41.000000,7.000000,101.000000,0.000000,0.000000,1.000000,1.000000,1.000000,2296.000000,2296.000000,1234.000000,2297.000000,2297.000000,1235.000000,2298.000000,2298.000000,1235.000000,1.000000,5.003500,1.000000,1.000000,1.000000,1.000000,1.000000,0.000000,1.000000,1.000000,1.000000,15.000000,0.000000,0.000000,0.000000,0.000000
2.0,2026082701.000000,41.000000,7.000000,101.000000,0.000000,0.000000,1.000000,1.000000,2.000000,2298.000000,2298.000000,1235.000000,2299.000000,2299.000000,1236.000000,2299.000000,2299.000000,1236.000000,1.000000,4.007729,1.000000,1.000000,1.000000,0.000000,0.000000,0.000000,0.000000,0.000000,0.000000,0.000000,0.000000,0.000000,0.000000,0.000000
2.0,2026082701.000000,41.000000,7.000000,101.000000,0.000000,0.000000,1.000000,1.000000,3.000000,2299.000000,2299.000000,1236.000000,2300.000000,2300.000000,1237.000000,2300.000000,2300.000000,1237.000000,1.000000,3.878500,1.000000,1.000000,1.000000,0.000000,0.000000,0.000000,0.000000,0.000000,0.000000,0.000000,0.000000,0.000000,0.000000,0.000000
2.0,2026082701.000000,41.000000,7.000000,101.000000,0.000000,0.000000,1.000000,1.000000,4.000000,2300.000000,2300.000000,1237.000000,2301.000000,2301.000000,1238.000000,2301.000000,2301.000000,1238.000000,1.000000,3.945166,1.000000,1.000000,1.000000,0.000000,0.000000,0.000000,0.000000,0.000000,0.000000,0.000000,0.000000,0.000000,0.000000,0.000000
2.0,2026082701.000000,41.000000,7.000000,101.000000,0.000000,0.000000,1.000000,2.000000,1.000000,2301.000000,2301.000000,1238.000000,2302.000000,2302.000000,1239.000000,2304.000000,2304.000000,1239.000000,1.000000,4.999334,1.000000,1.000000,1.000000,2.000000,2.000000,0.000000,2.000000,1.000000,1.000000,16.250000,1.000000,0.000000,0.000000,0.000000
2.0,2026082701.000000,41.000000,7.000000,101.000000,0.000000,0.000000,1.000000,2.000000,2.000000,2304.000000,2304.000000,1239.000000,2305.000000,2305.000000,1240.000000,2305.000000,2305.000000,1240.000000,1.000000,3.996896,1.000000,1.000000,1.000000,0.000000,0.000000,0.000000,0.000000,0.000000,0.000000,0.000000,0.000000,0.000000,0.000000,0.000000
2.0,2026082701.000000,41.000000,7.000000,101.000000,0.000000,0.000000,1.000000,2.000000,3.000000,2305.000000,2305.000000,1240.000000,2306.000000,2306.000000,1241.000000,2306.000000,2306.000000,1241.000000,1.000000,3.907667,1.000000,1.000000,1.000000,0.000000,0.000000,0.000000,0.000000,0.000000,0.000000,0.000000,0.000000,0.000000,0.000000,0.000000
2.0,2026082701.000000,41.000000,7.000000,101.000000,0.000000,0.000000,1.000000,2.000000,4.000000,2306.000000,2306.000000,1241.000000,2307.000000,2307.000000,1242.000000,2307.000000,2307.000000,1242.000000,1.000000,3.936000,1.000000,1.000000,1.000000,0.000000,0.000000,0.000000,0.000000,0.000000,0.000000,0.000000,0.000000,0.000000,0.000000,0.000000
