abs_b_deg,abs_c_deg,pass_num,accepted,point_id,touch_abs_x_mm,touch_abs_y_mm,touch_abs_z_mm
0.000000,0.000000,1.000000,0.000000,1.000000,357.766673,317.987102,-841.902855
0.000000,0.000000,1.000000,0.000000,2.000000,339.823520,317.987090,-859.768322
0.000000,0.000000,1.000000,0.000000,3.000000,375.710820,317.987110,-859.768322
0.000000,0.000000,1.000000,0.000000,4.000000,357.766353,300.017643,-859.768322
0.000000,0.000000,1.000000,0.000000,5.000000,357.767153,335.952391,-859.768322
0.000000,0.000000,2.000000,1.000000,1.000000,357.767170,317.985017,-841.902188
0.000000,0.000000,2.000000,1.000000,2.000000,339.823183,317.985005,-859.767655
0.000000,0.000000,2.000000,1.000000,3.000000,375.712118,317.985005,-859.767655
0.000000,0.000000,2.000000,1.000000,4.000000,357.767650,300.018872,-859.767655
0.000000,0.000000,2.000000,1.000000,5.000000,357.767010,335.951155,-859.767655
0.000000,90.000000,1.000000,0.000000,1.000000,357.767498,317.985329,-841.888188
0.000000,90.000000,1.000000,0.000000,2.000000,357.767498,300.081696,-859.753655
0.000000,90.000000,1.000000,0.000000,3.000000,357.767506,336.038450,-859.753655
0.000000,90.000000,1.000000,0.000000,4.000000,375.669458,317.985009,-859.753655
0.000000,90.000000,1.000000,0.000000,5.000000,339.778860,317.985169,-859.753655
0.000000,90.000000,2.000000,1.000000,1.000000,357.724159,318.060073,-841.886688
0.000000,90.000000,2.000000,1.000000,2.000000,357.724159,300.080606,-859.752155
0.000000,90.000000,2.000000,1.000000,3.000000,357.724159,336.033706,-859.752155
0.000000,90.000000,2.000000,1.000000,4.000000,375.671126,318.060073,-859.752155
0.000000,90.000000,2.000000,1.000000,5.000000,339.779692,318.060073,-859.752155
0.000000,180.000000,1.000000,0.000000,1.000000,357.724784,318.058614,-841.870188
0.000000,180.000000,1.000000,0.000000,2.000000,375.569251,318.058614,-859.735655
0.000000,180.000000,1.000000,0.000000,3.000000,339.687817,318.058614,-859.735655
0.000000,180.000000,1.000000,0.000000,4.000000,357.724784,335.970582,-859.735655
0.000000,180.000000,1.000000,0.000000,5.000000,357.724784,300.026647,-859.735655
0.000000,180.000000,2.000000,1.000000,1.000000,357.628534,317.998614,-841.869522
0.000000,180.000000,2.000000,1.000000,2.000000,375.566334,317.998614,-859.734989
0.000000,180.000000,2.000000,1.000000,3.000000,339.686567,317.998614,-859.734989
0.000000,180.000000,2.000000,1.000000,4.000000,357.628534,335.968915,-859.734989
0.000000,180.000000,2.000000,1.000000,5.000000,357.628534,300.025814,-859.734989
0.000000,270.000000,1.000000,0.000000,1.000000,357.627496,317.998150,-841.880522
0.000000,270.000000,1.000000,0.000000,2.000000,357.627472,335.897489,-859.745989
0.000000,270.000000,1.000000,0.000000,3.000000,357.627472,299.951055,-859.745989
0.000000,270.000000,1.000000,0.000000,4.000000,339.717200,317.998310,-859.745989
0.000000,270.000000,1.000000,0.000000,5.000000,375.659479,317.998790,-859.745989
0.000000,270.000000,2.000000,1.000000,1.000000,357.688320,317.923472,-841.879022
0.000000,270.000000,2.000000,1.000000,2.000000,357.688296,335.903645,-859.744489
0.000000,270.000000,2.000000,1.000000,3.000000,357.688312,299.952851,-859.744489
0.000000,270.000000,2.000000,1.000000,4.000000,339.715515,317.923312,-859.744489
0.000000,270.000000,2.000000,1.000000,5.000000,375.659461,317.923792,-859.744489
0.000000,0.000000,1.000000,0.000000,1.000000,357.687896,317.925900,-841.900022
0.000000,0.000000,1.000000,0.000000,2.000000,339.829262,317.925900,-859.765489
0.000000,0.000000,1.000000,0.000000,3.000000,375.716530,317.925900,-859.765489
0.000000,0.000000,1.000000,0.000000,4.000000,357.687896,300.018933,-859.765489
0.000000,0.000000,1.000000,0.000000,5.000000,357.687896,335.952867,-859.765489
0.000000,0.000000,2.000000,1.000000,1.000000,357.772896,317.985900,-841.902688
0.000000,0.000000,2.000000,1.000000,2.000000,339.831762,317.985900,-859.768155
0.000000,0.000000,2.000000,1.000000,3.000000,375.719030,317.985900,-859.768155
0.000000,0.000000,2.000000,1.000000,4.000000,357.772896,300.018933,-859.768155
0.000000,0.000000,2.000000,1.000000,5.000000,357.772896,335.952033,-859.768155
10.000000,0.000000,1.000000,0.000000,1.000000,360.876185,317.985691,-842.176801
10.000000,0.000000,1.000000,0.000000,2.000000,339.917615,317.985691,-856.622311
10.000000,0.000000,1.000000,0.000000,3.000000,375.397479,317.985691,-862.878368
10.000000,0.000000,1.000000,0.000000,4.000000,357.774082,299.976224,-859.770888
10.000000,0.000000,1.000000,0.000000,5.000000,357.772259,335.905992,-859.770563
10.000000,0.000000,2.000000,1.000000,1.000000,360.760454,317.941108,-842.154061
10.000000,0.000000,2.000000,1.000000,2.000000,339.916778,317.941108,-856.619830
10.000000,0.000000,2.000000,1.000000,3.000000,375.398283,317.941108,-862.876176
10.000000,0.000000,2.000000,1.000000,4.000000,357.658351,299.974974,-859.748148
10.000000,0.000000,2.000000,1.000000,5.000000,357.658351,335.903908,-859.748148
10.000000,90.000000,1.000000,0.000000,1.000000,357.657940,321.039854,-842.170673
10.000000,90.000000,1.000000,0.000000,2.000000,357.657615,300.214711,-856.639734
10.000000,90.000000,1.000000,0.000000,3.000000,357.658266,335.603161,-862.879620
10.000000,90.000000,1.000000,0.000000,4.000000,375.692408,317.937751,-859.764760
10.000000,90.000000,1.000000,0.000000,5.000000,339.799307,317.937751,-859.764760
10.000000,90.000000,2.000000,1.000000,1.000000,357.745857,321.011844,-842.163400
10.000000,90.000000,2.000000,1.000000,2.000000,357.745857,300.213304,-856.637128
10.000000,90.000000,2.000000,1.000000,3.000000,357.745857,335.601252,-862.876978
10.000000,90.000000,2.000000,1.000000,4.000000,375.694491,317.907918,-859.757161
10.000000,90.000000,2.000000,1.000000,5.000000,339.800557,317.909740,-859.757487
10.000000,180.000000,1.000000,0.000000,1.000000,354.640744,317.908054,-842.143676
10.000000,180.000000,1.000000,0.000000,2.000000,375.527096,317.908054,-856.601920
10.000000,180.000000,1.000000,0.000000,3.000000,340.042308,317.908054,-862.858846
10.000000,180.000000,1.000000,0.000000,4.000000,357.742848,335.959187,-859.737763
10.000000,180.000000,1.000000,0.000000,5.000000,357.742848,300.016920,-859.737763
10.000000,180.000000,2.000000,1.000000,1.000000,354.682518,317.988054,-842.138208
10.000000,180.000000,2.000000,1.000000,2.000000,375.521270,317.988054,-856.604845
10.000000,180.000000,2.000000,1.000000,3.000000,340.034020,317.988054,-862.862204
10.000000,180.000000,2.000000,1.000000,4.000000,357.786444,335.956687,-859.731969
10.000000,180.000000,2.000000,1.000000,5.000000,357.784621,300.016087,-859.732295
10.000000,270.000000,1.000000,0.000000,1.000000,357.783216,314.889830,-842.152638
10.000000,270.000000,1.000000,0.000000,2.000000,357.783541,335.761570,-856.613487
10.000000,270.000000,1.000000,0.000000,3.000000,357.785168,300.376884,-862.852903
10.000000,270.000000,1.000000,0.000000,4.000000,339.676392,317.992414,-859.746725
10.000000,270.000000,1.000000,0.000000,5.000000,375.616564,317.990973,-859.746725
10.000000,270.000000,2.000000,1.000000,1.000000,357.644525,314.965920,-842.140103
10.000000,270.000000,2.000000,1.000000,2.000000,357.646478,335.760497,-856.614699
10.000000,270.000000,2.000000,1.000000,3.000000,357.644851,300.376672,-862.853681
10.000000,270.000000,2.000000,1.000000,4.000000,339.676947,318.066903,-859.734190
10.000000,270.000000,2.000000,1.000000,5.000000,375.618302,318.070327,-859.733864
-10.000000,0.000000,1.000000,0.000000,1.000000,354.553432,318.068599,-842.192815
-10.000000,0.000000,1.000000,0.000000,2.000000,340.180681,318.068599,-862.868189
-10.000000,0.000000,1.000000,0.000000,3.000000,375.668751,318.068599,-856.610684
-10.000000,0.000000,1.000000,0.000000,4.000000,357.657359,300.050799,-859.786583
-10.000000,0.000000,1.000000,0.000000,5.000000,357.655535,335.976400,-859.786900
-10.000000,0.000000,2.000000,1.000000,1.000000,354.821519,318.013599,-842.141517
-10.000000,0.000000,2.000000,1.000000,2.000000,340.182869,318.013599,-862.863776
-10.000000,0.000000,2.000000,1.000000,3.000000,375.670120,318.013599,-856.606416
-10.000000,0.000000,2.000000,1.000000,4.000000,357.923622,300.051632,-859.735602
-10.000000,0.000000,2.000000,1.000000,5.000000,357.925446,335.979733,-859.735285
-10.000000,90.000000,1.000000,0.000000,1.000000,357.925197,314.913775,-842.149660
-10.000000,90.000000,1.000000,0.000000,2.000000,357.925197,300.509838,-862.830533
-10.000000,90.000000,1.000000,0.000000,3.000000,357.925514,335.894343,-856.591261
-10.000000,90.000000,1.000000,0.000000,4.000000,375.642997,318.017702,-859.743428
-10.000000,90.000000,1.000000,0.000000,5.000000,339.752396,318.015878,-859.743745
-10.000000,90.000000,2.000000,1.000000,1.000000,357.697697,315.099330,-842.115453
-10.000000,90.000000,2.000000,1.000000,2.000000,357.697697,300.509100,-862.829174
-10.000000,90.000000,2.000000,1.000000,3.000000,357.697697,335.893766,-856.589903
-10.000000,90.000000,2.000000,1.000000,4.000000,375.644664,318.201433,-859.709539
-10.000000,90.000000,2.000000,1.000000,5.000000,339.751563,318.201433,-859.709539
-10.000000,180.000000,1.000000,0.000000,1.000000,360.797484,318.201433,-842.132135
-10.000000,180.000000,1.000000,0.000000,2.000000,375.249021,318.201433,-862.821401
-10.000000,180.000000,1.000000,0.000000,3.000000,339.774901,318.201433,-856.566357
-10.000000,180.000000,1.000000,0.000000,4.000000,357.695381,335.965900,-859.726221
-10.000000,180.000000,1.000000,0.000000,5.000000,357.695381,300.030300,-859.726221
-10.000000,180.000000,2.000000,1.000000,1.000000,360.614868,317.998100,-842.097601
-10.000000,180.000000,2.000000,1.000000,2.000000,375.252697,317.998100,-862.819715
-10.000000,180.000000,2.000000,1.000000,3.000000,339.775295,317.998100,-856.564092
-10.000000,180.000000,2.000000,1.000000,4.000000,357.512765,335.968400,-859.691686
-10.000000,180.000000,2.000000,1.000000,5.000000,357.512765,300.027800,-859.691686
-10.000000,270.000000,1.000000,0.000000,1.000000,357.512428,321.086785,-842.168238
-10.000000,270.000000,1.000000,0.000000,2.000000,357.513381,335.471366,-862.845783
-10.000000,270.000000,1.000000,0.000000,3.000000,357.510840,300.075489,-856.604313
-10.000000,270.000000,1.000000,0.000000,4.000000,339.752762,317.984362,-859.762324
-10.000000,270.000000,1.000000,0.000000,5.000000,375.690109,317.985162,-859.762324
-10.000000,270.000000,2.000000,1.000000,1.000000,357.721118,320.876635,-842.127974
-10.000000,270.000000,2.000000,1.000000,2.000000,357.720165,335.474731,-862.842998
-10.000000,270.000000,2.000000,1.000000,3.000000,357.719212,300.074133,-856.600833
-10.000000,270.000000,2.000000,1.000000,4.000000,339.749745,317.775493,-859.722060
-10.000000,270.000000,2.000000,1.000000,5.000000,375.692846,317.773669,-859.721742
0.000000,0.000000,1.000000,0.000000,1.000000,357.720492,317.774506,-841.905775
0.000000,0.000000,1.000000,0.000000,2.000000,339.836025,317.774506,-859.771242
0.000000,0.000000,1.000000,0.000000,3.000000,375.720793,317.774506,-859.771242
0.000000,0.000000,1.000000,0.000000,4.000000,357.720492,300.019206,-859.771242
0.000000,0.000000,1.000000,0.000000,5.000000,357.720492,335.951474,-859.771242
0.000000,0.000000,2.000000,1.000000,1.000000,357.778409,317.985340,-841.900108
0.000000,0.000000,2.000000,1.000000,2.000000,339.835609,317.985340,-859.765575
0.000000,0.000000,2.000000,1.000000,3.000000,375.722876,317.985340,-859.765575
0.000000,0.000000,2.000000,1.000000,4.000000,357.778409,300.020873,-859.765575
0.000000,0.000000,2.000000,1.000000,5.000000,357.778409,335.953140,-859.765575
30.000000,0.000000,1.000000,0.000000,1.000000,366.663519,317.986173,-844.378070
30.000000,0.000000,1.000000,0.000000,2.000000,341.856206,317.986173,-850.684823
30.000000,0.000000,1.000000,0.000000,3.000000,372.964693,317.986173,-868.645320
30.000000,0.000000,1.000000,0.000000,4.000000,357.731319,299.861706,-859.850328
30.000000,0.000000,1.000000,0.000000,5.000000,357.731319,335.785640,-859.850328
30.000000,0.000000,2.000000,1.000000,1.000000,366.343958,317.823673,-844.189313
30.000000,0.000000,2.000000,1.000000,2.000000,341.865014,317.823673,-850.685650
30.000000,0.000000,2.000000,1.000000,3.000000,372.969170,317.823673,-868.643647
30.000000,0.000000,2.000000,1.000000,4.000000,357.410156,299.860039,-859.660642
30.000000,0.000000,2.000000,1.000000,5.000000,357.411758,335.791473,-859.661571
30.000000,90.000000,1.000000,0.000000,1.000000,357.413095,326.704313,-844.280216
30.000000,90.000000,1.000000,0.000000,2.000000,357.412166,302.147988,-850.731969
30.000000,90.000000,1.000000,0.000000,3.000000,357.412166,333.267142,-868.698621
30.000000,90.000000,1.000000,0.000000,4.000000,375.700896,317.772113,-859.752474
30.000000,90.000000,1.000000,0.000000,5.000000,339.806128,317.770512,-859.751545
30.000000,90.000000,2.000000,1.000000,1.000000,357.753512,326.643546,-844.238955
30.000000,90.000000,2.000000,1.000000,2.000000,357.753512,302.149605,-850.726638
30.000000,90.000000,2.000000,1.000000,3.000000,357.753512,333.268037,-868.692873
30.000000,90.000000,2.000000,1.000000,4.000000,375.703812,317.709745,-859.710284
30.000000,90.000000,2.000000,1.000000,5.000000,339.807378,317.711347,-859.711213
30.000000,180.000000,1.000000,0.000000,1.000000,348.857681,317.707825,-844.301096
30.000000,180.000000,1.000000,0.000000,2.000000,373.516488,317.705967,-850.693778
30.000000,180.000000,1.000000,0.000000,3.000000,342.412891,317.707825,-868.651263
30.000000,180.000000,1.000000,0.000000,4.000000,357.789881,335.937292,-859.773354
30.000000,180.000000,1.000000,0.000000,5.000000,357.789881,299.995858,-859.773354
30.000000,180.000000,2.000000,1.000000,1.000000,349.030307,317.966575,-844.195248
30.000000,180.000000,2.000000,1.000000,2.000000,373.505484,317.966575,-850.693764
30.000000,180.000000,2.000000,1.000000,3.000000,342.390819,317.966575,-868.657819
30.000000,180.000000,2.000000,1.000000,4.000000,357.964108,335.930209,-859.666577
30.000000,180.000000,2.000000,1.000000,5.000000,357.962507,299.991275,-859.667506
30.000000,270.000000,1.000000,0.000000,1.000000,357.954801,309.114222,-844.345255
30.000000,270.000000,1.000000,0.000000,2.000000,357.951084,333.954091,-850.632841
30.000000,270.000000,1.000000,0.000000,3.000000,357.960375,302.891951,-868.567505
30.000000,270.000000,1.000000,0.000000,4.000000,339.570238,318.046262,-859.817513
30.000000,270.000000,1.000000,0.000000,5.000000,375.506768,318.048023,-859.816583
30.000000,270.000000,2.000000,1.000000,1.000000,357.531999,309.488769,-844.125067
30.000000,270.000000,2.000000,1.000000,2.000000,357.537573,333.958570,-850.627237
30.000000,270.000000,2.000000,1.000000,3.000000,357.525495,302.886973,-868.565234
30.000000,270.000000,2.000000,1.000000,4.000000,339.565223,318.422890,-859.596396
30.000000,270.000000,2.000000,1.000000,5.000000,375.509157,318.421289,-859.597325
-30.000000,0.000000,1.000000,0.000000,1.000000,348.756334,318.422431,-844.393793
-30.000000,0.000000,1.000000,0.000000,2.000000,342.593723,318.422431,-868.581041
-30.000000,0.000000,1.000000,0.000000,3.000000,373.682006,318.422431,-850.632217
-30.000000,0.000000,1.000000,0.000000,4.000000,357.690138,300.097130,-859.865126
-30.000000,0.000000,1.000000,0.000000,5.000000,357.688533,336.013564,-859.866048
-30.000000,0.000000,2.000000,1.000000,1.000000,349.199775,318.055347,-844.122936
-30.000000,0.000000,2.000000,1.000000,2.000000,342.583943,318.055347,-868.571851
-30.000000,0.000000,2.000000,1.000000,3.000000,373.680165,318.055347,-850.618443
-30.000000,0.000000,2.000000,1.000000,4.000000,358.131973,300.092547,-859.595191
-30.000000,0.000000,2.000000,1.000000,5.000000,358.131973,336.023148,-859.595191
-30.000000,90.000000,1.000000,0.000000,1.000000,358.132014,309.211425,-844.272413
-30.000000,90.000000,1.000000,0.000000,2.000000,358.132936,303.051540,-868.457994
-30.000000,90.000000,1.000000,0.000000,3.000000,358.131092,334.107505,-850.528009
-30.000000,90.000000,1.000000,0.000000,4.000000,375.558981,318.145229,-859.743746
-30.000000,90.000000,1.000000,0.000000,5.000000,339.678380,318.143623,-859.744669
-30.000000,90.000000,2.000000,1.000000,1.000000,357.618681,309.641079,-844.012398
-30.000000,90.000000,2.000000,1.000000,2.000000,357.618681,303.037516,-868.454229
-30.000000,90.000000,2.000000,1.000000,3.000000,357.618681,334.107595,-850.515911
-30.000000,90.000000,2.000000,1.000000,4.000000,375.565648,318.573277,-859.484653
-30.000000,90.000000,2.000000,1.000000,5.000000,339.670880,318.574883,-859.483731
-30.000000,180.000000,1.000000,0.000000,1.000000,366.439097,318.571473,-844.207542
-30.000000,180.000000,1.000000,0.000000,2.000000,372.796082,318.569629,-868.507201
-30.000000,180.000000,1.000000,0.000000,3.000000,341.695772,318.573318,-850.551055
-30.000000,180.000000,1.000000,0.000000,4.000000,357.504812,335.957340,-859.678875
-30.000000,180.000000,1.000000,0.000000,5.000000,357.504652,300.019150,-859.678875
-30.000000,180.000000,2.000000,1.000000,1.000000,366.187288,317.988245,-844.043470
-30.000000,180.000000,2.000000,1.000000,2.000000,372.823327,317.988245,-868.504052
-30.000000,180.000000,2.000000,1.000000,3.000000,341.700565,317.988245,-850.535317
-30.000000,180.000000,2.000000,1.000000,4.000000,357.255090,335.960212,-859.515726
-30.000000,180.000000,2.000000,1.000000,5.000000,357.255090,300.018778,-859.515726
-30.000000,270.000000,1.000000,0.000000,1.000000,357.255751,326.779045,-844.294742
-30.000000,270.000000,1.000000,0.000000,2.000000,357.254828,333.107804,-868.577824
-30.000000,270.000000,1.000000,0.000000,3.000000,357.259440,301.997232,-850.616589
-30.000000,270.000000,1.000000,0.000000,4.000000,339.753517,317.845721,-859.766076
-30.000000,270.000000,1.000000,0.000000,5.000000,375.688074,317.844601,-859.766076
-30.000000,270.000000,2.000000,1.000000,1.000000,357.718951,326.491759,-844.115776
-30.000000,270.000000,2.000000,1.000000,2.000000,357.715261,333.114726,-868.568441
-30.000000,270.000000,2.000000,1.000000,3.000000,357.723562,301.994853,-850.602206
-30.000000,270.000000,2.000000,1.000000,4.000000,339.749039,317.560361,-859.588032
-30.000000,270.000000,2.000000,1.000000,5.000000,375.690740,317.558276,-859.587110
0.000000,0.000000,1.000000,0.000000,1.000000,357.719651,317.557054,-841.902814
0.000000,0.000000,1.000000,0.000000,2.000000,339.822683,317.557054,-859.768281
0.000000,0.000000,1.000000,0.000000,3.000000,375.702451,317.557054,-859.768281
0.000000,0.000000,1.000000,0.000000,4.000000,357.719650,300.025920,-859.768281
0.000000,0.000000,1.000000,0.000000,5.000000,357.719650,335.959854,-859.768281
0.000000,0.000000,2.000000,1.000000,1.000000,357.762567,317.992887,-841.897147
0.000000,0.000000,2.000000,1.000000,2.000000,339.818934,317.992887,-859.762614
0.000000,0.000000,2.000000,1.000000,3.000000,375.710368,317.992887,-859.762614
0.000000,0.000000,2.000000,1.000000,4.000000,357.762567,300.025920,-859.762614
0.000000,0.000000,2.000000,1.000000,5.000000,357.762567,335.959855,-859.762614
50.000000,0.000000,1.000000,0.000000,1.000000,371.244641,317.992887,-848.449611
50.000000,0.000000,1.000000,0.000000,2.000000,345.689033,317.992887,-845.787360
50.000000,0.000000,1.000000,0.000000,3.000000,368.741765,317.992887,-873.260537
50.000000,0.000000,1.000000,0.000000,4.000000,357.558371,299.785920,-859.932680
50.000000,0.000000,1.000000,0.000000,5.000000,357.558371,335.702354,-859.932680
50.000000,0.000000,2.000000,1.000000,1.000000,370.916581,317.744137,-848.028635
50.000000,0.000000,2.000000,1.000000,2.000000,345.704213,317.744137,-845.775435
50.000000,0.000000,2.000000,1.000000,3.000000,368.756525,317.744137,-873.248117
50.000000,0.000000,2.000000,1.000000,4.000000,357.230311,299.779670,-859.511704
50.000000,0.000000,2.000000,1.000000,5.000000,357.230311,335.710271,-859.511704
50.000000,90.000000,1.000000,0.000000,1.000000,357.230340,331.231969,-848.193381
50.000000,90.000000,1.000000,0.000000,2.000000,357.231761,305.920665,-845.822083
50.000000,90.000000,1.000000,0.000000,3.000000,357.230340,329.004957,-873.333067
50.000000,90.000000,1.000000,0.000000,4.000000,375.679807,317.546887,-859.677871
50.000000,90.000000,1.000000,0.000000,5.000000,339.787540,317.545700,-859.676450
50.000000,90.000000,2.000000,1.000000,1.000000,357.733674,331.160114,-848.085516
50.000000,90.000000,2.000000,1.000000,2.000000,357.733674,305.920008,-845.799265
50.000000,90.000000,2.000000,1.000000,3.000000,357.733674,329.019342,-873.327980
50.000000,90.000000,2.000000,1.000000,4.000000,375.683141,317.473845,-859.568585
50.000000,90.000000,2.000000,1.000000,5.000000,339.786706,317.473845,-859.568585
50.000000,180.000000,1.000000,0.000000,1.000000,344.187194,317.474601,-848.197928
50.000000,180.000000,1.000000,0.000000,2.000000,369.527368,317.471760,-845.792797
50.000000,180.000000,1.000000,0.000000,3.000000,346.458451,317.471760,-873.285268
50.000000,180.000000,1.000000,0.000000,4.000000,357.872984,335.932498,-859.680998
50.000000,180.000000,1.000000,0.000000,5.000000,357.872984,299.986063,-859.680998
50.000000,180.000000,2.000000,1.000000,1.000000,344.299751,317.959280,-848.048034
50.000000,180.000000,2.000000,1.000000,2.000000,369.518215,317.956439,-845.787956
50.000000,180.000000,2.000000,1.000000,3.000000,346.441594,317.959280,-873.289221
50.000000,180.000000,2.000000,1.000000,4.000000,357.984833,335.927914,-859.532524
50.000000,180.000000,2.000000,1.000000,5.000000,357.984833,299.983980,-859.532524
50.000000,270.000000,1.000000,0.000000,1.000000,357.986631,304.709357,-848.418068
50.000000,270.000000,1.000000,0.000000,2.000000,357.980948,330.338896,-845.666940
50.000000,270.000000,1.000000,0.000000,3.000000,357.992315,307.290659,-873.136286
50.000000,270.000000,1.000000,0.000000,4.000000,339.413148,318.393799,-859.902558
50.000000,270.000000,1.000000,0.000000,5.000000,375.332328,318.394826,-859.901137
50.000000,270.000000,2.000000,1.000000,1.000000,357.379842,305.111118,-847.901131
50.000000,270.000000,2.000000,1.000000,2.000000,357.382684,330.320476,-845.651906
50.000000,270.000000,2.000000,1.000000,3.000000,357.382684,307.267209,-873.125721
50.000000,270.000000,2.000000,1.000000,4.000000,339.409733,318.798348,-859.384201
50.000000,270.000000,2.000000,1.000000,5.000000,375.352246,318.798188,-859.384201
-50.000000,0.000000,1.000000,0.000000,1.000000,344.153602,318.796055,-848.285626
-50.000000,0.000000,1.000000,0.000000,2.000000,346.669330,318.796055,-873.081228
-50.000000,0.000000,1.000000,0.000000,3.000000,369.743074,318.796055,-845.583016
-50.000000,0.000000,1.000000,0.000000,4.000000,357.838681,300.108255,-859.770114
-50.000000,0.000000,1.000000,0.000000,5.000000,357.838681,336.020522,-859.770114
-50.000000,0.000000,2.000000,1.000000,1.000000,344.499829,318.064389,-847.830035
-50.000000,0.000000,2.000000,1.000000,2.000000,346.641133,318.064389,-873.071858
-50.000000,0.000000,2.000000,1.000000,3.000000,369.726540,318.064389,-845.559741
-50.000000,0.000000,2.000000,1.000000,4.000000,358.184908,300.100755,-859.314522
-50.000000,0.000000,2.000000,1.000000,5.000000,358.184908,336.031356,-859.314522
-50.000000,90.000000,1.000000,0.000000,1.000000,358.182956,304.840340,-848.216959
-50.000000,90.000000,1.000000,0.000000,2.000000,358.184372,307.464767,-872.882832
-50.000000,90.000000,1.000000,0.000000,3.000000,358.181540,330.514606,-845.413486
-50.000000,90.000000,1.000000,0.000000,4.000000,375.449923,318.526612,-859.700030
-50.000000,90.000000,1.000000,0.000000,5.000000,339.586823,318.525419,-859.701446
-50.000000,90.000000,2.000000,1.000000,1.000000,357.518373,305.287780,-847.649820
-50.000000,90.000000,2.000000,1.000000,2.000000,357.518373,307.440333,-872.878237
-50.000000,90.000000,2.000000,1.000000,3.000000,357.518373,330.503900,-845.392154
-50.000000,90.000000,2.000000,1.000000,4.000000,375.464507,318.974052,-859.132892
-50.000000,90.000000,2.000000,1.000000,5.000000,339.569739,318.972859,-859.134308
-50.000000,180.000000,1.000000,0.000000,1.000000,370.858656,318.975618,-847.939242
-50.000000,180.000000,1.000000,0.000000,2.000000,368.534638,318.979865,-872.962741
-50.000000,180.000000,1.000000,0.000000,3.000000,345.511902,318.979865,-845.525314
-50.000000,180.000000,1.000000,0.000000,4.000000,357.172864,335.940165,-859.422313
-50.000000,180.000000,1.000000,0.000000,5.000000,357.172936,300.003821,-859.423729
-50.000000,180.000000,2.000000,1.000000,1.000000,370.735502,317.976240,-847.739845
-50.000000,180.000000,2.000000,1.000000,2.000000,368.574738,317.980488,-872.957908
-50.000000,180.000000,2.000000,1.000000,3.000000,345.521470,317.980488,-845.484094
-50.000000,180.000000,2.000000,1.000000,4.000000,357.050583,335.942123,-859.224332
-50.000000,180.000000,2.000000,1.000000,5.000000,357.050583,300.002356,-859.224332
-50.000000,270.000000,1.000000,0.000000,1.000000,357.045096,331.201164,-848.127487
-50.000000,270.000000,1.000000,0.000000,2.000000,357.040849,328.808461,-873.069136
-50.000000,270.000000,1.000000,0.000000,3.000000,357.040849,305.722518,-845.556381
-50.000000,270.000000,1.000000,0.000000,4.000000,339.732627,317.514572,-859.610558
-50.000000,270.000000,1.000000,0.000000,5.000000,375.664733,317.516726,-859.611974
-50.000000,270.000000,2.000000,1.000000,1.000000,357.693017,330.968309,-847.816608
-50.000000,270.000000,2.000000,1.000000,2.000000,357.687354,328.831809,-873.063398
-50.000000,270.000000,2.000000,1.000000,3.000000,357.687354,305.735275,-845.538015
-50.000000,270.000000,2.000000,1.000000,4.000000,339.728971,317.284031,-859.301095
-50.000000,270.000000,2.000000,1.000000,5.000000,375.668739,317.282838,-859.299680
0.000000,0.000000,1.000000,0.000000,1.000000,357.693104,317.283488,-841.916080
0.000000,0.000000,1.000000,0.000000,2.000000,339.814471,317.283488,-859.781547
0.000000,0.000000,1.000000,0.000000,3.000000,375.695072,317.283488,-859.781547
0.000000,0.000000,1.000000,0.000000,4.000000,357.693104,300.026521,-859.781547
0.000000,0.000000,1.000000,0.000000,5.000000,357.693104,335.952122,-859.781547
0.000000,0.000000,2.000000,1.000000,1.000000,357.754771,317.989321,-841.898747
0.000000,0.000000,2.000000,1.000000,2.000000,339.801971,317.989321,-859.764214
0.000000,0.000000,2.000000,1.000000,3.000000,375.690905,317.989321,-859.764214
0.000000,0.000000,2.000000,1.000000,4.000000,357.754771,300.013188,-859.764214
0.000000,0.000000,2.000000,1.000000,5.000000,357.754771,335.955455,-859.764214
0.000000,0.000000,1.000000,0.000000,1.000000,357.510716,317.948876,-841.039421
0.000000,0.000000,1.000000,0.000000,2.000000,339.566056,317.948859,-858.904888
0.000000,0.000000,1.000000,0.000000,3.000000,375.457010,317.948872,-858.904888
0.000000,0.000000,1.000000,0.000000,4.000000,357.511356,299.982725,-858.904888
0.000000,0.000000,1.000000,0.000000,5.000000,357.510556,335.900015,-858.904888
0.000000,0.000000,2.000000,1.000000,1.000000,357.511373,317.941374,-841.042088
0.000000,0.000000,2.000000,1.000000,2.000000,339.568412,317.941379,-858.907555
0.000000,0.000000,2.000000,1.000000,3.000000,375.456033,317.941392,-858.907555
0.000000,0.000000,2.000000,1.000000,4.000000,357.511373,299.983574,-858.907555
0.000000,0.000000,2.000000,1.000000,5.000000,357.511373,335.917508,-858.907555
0.000000,90.000000,1.000000,0.000000,1.000000,357.511794,317.945803,-841.028088
0.000000,90.000000,1.000000,0.000000,2.000000,357.511798,299.918996,-858.893555
0.000000,90.000000,1.000000,0.000000,3.000000,357.511794,335.872770,-858.893555
0.000000,90.000000,1.000000,0.000000,4.000000,375.480427,317.945803,-858.893555
0.000000,90.000000,1.000000,0.000000,5.000000,339.593160,317.945803,-858.893555
0.000000,90.000000,2.000000,1.000000,1.000000,357.536794,317.895883,-841.025755
0.000000,90.000000,2.000000,1.000000,2.000000,357.536794,299.913083,-858.891222
0.000000,90.000000,2.000000,1.000000,3.000000,357.536794,335.869517,-858.891222
0.000000,90.000000,2.000000,1.000000,4.000000,375.501261,317.895883,-858.891222
0.000000,90.000000,2.000000,1.000000,5.000000,339.594827,317.895883,-858.891222
0.000000,180.000000,1.000000,0.000000,1.000000,357.542739,317.893583,-841.004255
0.000000,180.000000,1.000000,0.000000,2.000000,375.509033,317.893578,-858.869722
0.000000,180.000000,1.000000,0.000000,3.000000,339.650292,317.893596,-858.869722
0.000000,180.000000,1.000000,0.000000,4.000000,357.543379,335.868032,-858.869722
0.000000,180.000000,1.000000,0.000000,5.000000,357.543219,299.931602,-858.869722
0.000000,180.000000,2.000000,1.000000,1.000000,357.580143,317.899804,-841.003588
0.000000,180.000000,2.000000,1.000000,2.000000,375.505636,317.899822,-858.869055
0.000000,180.000000,2.000000,1.000000,3.000000,339.628495,317.899795,-858.869055
0.000000,180.000000,2.000000,1.000000,4.000000,357.580623,335.875925,-858.869055
0.000000,180.000000,2.000000,1.000000,5.000000,357.579503,299.934521,-858.869055
0.000000,270.000000,1.000000,0.000000,1.000000,357.573551,317.902036,-841.015421
0.000000,270.000000,1.000000,0.000000,2.000000,357.573542,335.939516,-858.880888
0.000000,270.000000,1.000000,0.000000,3.000000,357.573560,299.991222,-858.880888
0.000000,270.000000,1.000000,0.000000,4.000000,339.592400,317.901395,-858.880888
0.000000,270.000000,1.000000,0.000000,5.000000,375.524694,317.902356,-858.880888
0.000000,270.000000,2.000000,1.000000,1.000000,357.558524,317.964569,-841.016421
0.000000,270.000000,2.000000,1.000000,2.000000,357.558538,335.941182,-858.881888
0.000000,270.000000,2.000000,1.000000,3.000000,357.558547,299.988402,-858.881888
0.000000,270.000000,2.000000,1.000000,4.000000,339.588211,317.964089,-858.881888
0.000000,270.000000,2.000000,1.000000,5.000000,375.524636,317.963769,-858.881888
0.000000,0.000000,1.000000,0.000000,1.000000,357.557483,317.964360,-841.037421
0.000000,0.000000,1.000000,0.000000,2.000000,339.563849,317.964360,-858.902888
0.000000,0.000000,1.000000,0.000000,3.000000,375.467783,317.964360,-858.902888
0.000000,0.000000,1.000000,0.000000,4.000000,357.557482,299.984060,-858.902888
0.000000,0.000000,1.000000,0.000000,5.000000,357.557482,335.916328,-858.902888
0.000000,0.000000,2.000000,1.000000,1.000000,357.515816,317.950194,-841.040921
0.000000,0.000000,2.000000,1.000000,2.000000,339.568015,317.950194,-858.906388
0.000000,0.000000,2.000000,1.000000,3.000000,375.453616,317.950194,-858.906388
0.000000,0.000000,2.000000,1.000000,4.000000,357.515816,299.989060,-858.906388
0.000000,0.000000,2.000000,1.000000,5.000000,357.515816,335.906327,-858.906388
10.000000,0.000000,1.000000,0.000000,1.000000,360.619262,317.948944,-841.292876
10.000000,0.000000,1.000000,0.000000,2.000000,339.796101,317.948944,-855.762262
10.000000,0.000000,1.000000,0.000000,3.000000,375.286634,317.948944,-862.020201
10.000000,0.000000,1.000000,0.000000,4.000000,357.517158,299.981143,-858.886962
10.000000,0.000000,1.000000,0.000000,5.000000,357.517158,335.905911,-858.886962
10.000000,0.000000,2.000000,1.000000,1.000000,360.643841,317.943527,-841.297415
10.000000,0.000000,2.000000,1.000000,2.000000,339.791780,317.943528,-855.761701
10.000000,0.000000,2.000000,1.000000,3.000000,375.286593,317.943527,-862.020398
10.000000,0.000000,2.000000,1.000000,4.000000,357.541737,299.979060,-858.891501
10.000000,0.000000,2.000000,1.000000,5.000000,357.541737,335.905494,-858.891501
10.000000,90.000000,1.000000,0.000000,1.000000,357.540787,321.042062,-841.317156
10.000000,90.000000,1.000000,0.000000,2.000000,357.540786,300.198208,-855.782889
10.000000,90.000000,1.000000,0.000000,3.000000,357.540787,335.600285,-862.025234
10.000000,90.000000,1.000000,0.000000,4.000000,375.479421,317.939958,-858.911242
10.000000,90.000000,1.000000,0.000000,5.000000,339.592153,317.939958,-858.911242
10.000000,90.000000,2.000000,1.000000,1.000000,357.535786,320.999756,-841.310743
10.000000,90.000000,2.000000,1.000000,2.000000,357.535786,300.197113,-855.783747
10.000000,90.000000,2.000000,1.000000,3.000000,357.535786,335.592448,-862.024899
10.000000,90.000000,2.000000,1.000000,4.000000,375.480252,317.895835,-858.904505
10.000000,90.000000,2.000000,1.000000,5.000000,339.592985,317.897653,-858.904830
10.000000,180.000000,1.000000,0.000000,1.000000,354.432219,317.895761,-841.291479
10.000000,180.000000,1.000000,0.000000,2.000000,375.310865,317.896411,-855.751025
10.000000,180.000000,1.000000,0.000000,3.000000,339.831161,317.896086,-862.007082
10.000000,180.000000,1.000000,0.000000,4.000000,357.534483,335.862404,-858.885566
10.000000,180.000000,1.000000,0.000000,5.000000,357.533683,299.920928,-858.885566
10.000000,180.000000,2.000000,1.000000,1.000000,354.470396,317.891015,-841.283312
10.000000,180.000000,2.000000,1.000000,2.000000,375.306523,317.890039,-855.750493
10.000000,180.000000,2.000000,1.000000,3.000000,339.827462,317.889715,-862.006440
10.000000,180.000000,2.000000,1.000000,4.000000,357.574477,335.859323,-858.877074
10.000000,180.000000,2.000000,1.000000,5.000000,357.572660,299.919556,-858.877399
10.000000,270.000000,1.000000,0.000000,1.000000,357.569956,314.788328,-841.291422
10.000000,270.000000,1.000000,0.000000,2.000000,357.570931,335.655464,-855.753138
10.000000,270.000000,1.000000,0.000000,3.000000,357.568981,300.278045,-861.990963
10.000000,270.000000,1.000000,0.000000,4.000000,339.568680,317.889952,-858.885508
10.000000,270.000000,1.000000,0.000000,5.000000,375.505398,317.890911,-858.885508
10.000000,270.000000,2.000000,1.000000,1.000000,357.538339,314.865789,-841.283158
10.000000,270.000000,2.000000,1.000000,2.000000,357.538664,335.658745,-855.757898
10.000000,270.000000,2.000000,1.000000,3.000000,357.539963,300.279642,-861.996301
10.000000,270.000000,2.000000,1.000000,4.000000,339.568080,317.967094,-858.877245
10.000000,270.000000,2.000000,1.000000,5.000000,375.507847,317.967094,-858.877245
-10.000000,0.000000,1.000000,0.000000,1.000000,354.438191,317.968144,-841.294845
-10.000000,0.000000,1.000000,0.000000,2.000000,339.783949,317.968144,-862.019853
-10.000000,0.000000,1.000000,0.000000,3.000000,375.255607,317.968144,-855.765243
-10.000000,0.000000,1.000000,0.000000,4.000000,357.540295,300.007844,-858.888930
-10.000000,0.000000,1.000000,0.000000,5.000000,357.540295,335.936778,-858.888930
-10.000000,0.000000,2.000000,1.000000,1.000000,354.416871,317.972311,-841.296269
-10.000000,0.000000,2.000000,1.000000,2.000000,339.786429,317.972311,-862.017081
-10.000000,0.000000,2.000000,1.000000,3.000000,375.257265,317.972311,-855.762616
-10.000000,0.000000,2.000000,1.000000,4.000000,357.518975,300.010344,-858.890355
-10.000000,0.000000,2.000000,1.000000,5.000000,357.520794,335.938444,-858.890038
-10.000000,90.000000,1.000000,0.000000,1.000000,357.520550,314.863515,-841.253531
-10.000000,90.000000,1.000000,0.000000,2.000000,357.520550,300.217480,-861.977092
-10.000000,90.000000,1.000000,0.000000,3.000000,357.520550,335.598042,-855.738544
-10.000000,90.000000,1.000000,0.000000,4.000000,375.474183,317.965618,-858.847616
-10.000000,90.000000,1.000000,0.000000,5.000000,339.587749,317.965618,-858.847616
-10.000000,90.000000,2.000000,1.000000,1.000000,357.530966,314.804854,-841.261540
-10.000000,90.000000,2.000000,1.000000,2.000000,357.530967,300.223830,-861.973642
-10.000000,90.000000,2.000000,1.000000,3.000000,357.530966,335.599290,-855.735990
-10.000000,90.000000,2.000000,1.000000,4.000000,375.473767,317.906957,-858.855625
-10.000000,90.000000,2.000000,1.000000,5.000000,339.585665,317.906957,-858.855625
-10.000000,180.000000,1.000000,0.000000,1.000000,360.635657,317.909892,-841.236467
-10.000000,180.000000,1.000000,0.000000,2.000000,375.330452,317.908943,-861.968710
-10.000000,180.000000,1.000000,0.000000,3.000000,339.838277,317.908943,-855.710482
-10.000000,180.000000,1.000000,0.000000,4.000000,357.533393,335.917376,-858.830552
-10.000000,180.000000,1.000000,0.000000,5.000000,357.533072,299.973643,-858.830552
-10.000000,180.000000,2.000000,1.000000,1.000000,360.686646,317.944244,-841.243236
-10.000000,180.000000,2.000000,1.000000,2.000000,375.330541,317.943612,-861.966480
-10.000000,180.000000,2.000000,1.000000,3.000000,339.840987,317.945193,-855.708569
-10.000000,180.000000,2.000000,1.000000,4.000000,357.584702,335.916527,-858.837321
-10.000000,180.000000,2.000000,1.000000,5.000000,357.584702,299.974260,-858.837321
-10.000000,270.000000,1.000000,0.000000,1.000000,357.585549,321.041278,-841.277254
-10.000000,270.000000,1.000000,0.000000,2.000000,357.584600,335.659070,-861.995750
-10.000000,270.000000,1.000000,0.000000,3.000000,357.586497,300.256031,-855.753413
-10.000000,270.000000,1.000000,0.000000,4.000000,339.600966,317.939655,-858.871339
-10.000000,270.000000,1.000000,0.000000,5.000000,375.532948,317.938534,-858.871339
-10.000000,270.000000,2.000000,1.000000,1.000000,357.565692,321.060664,-841.280763
-10.000000,270.000000,2.000000,1.000000,2.000000,357.566957,335.661742,-861.996510
-10.000000,270.000000,2.000000,1.000000,3.000000,357.566957,300.257380,-855.753766
-10.000000,270.000000,2.000000,1.000000,4.000000,339.601625,317.957382,-858.874532
-10.000000,270.000000,2.000000,1.000000,5.000000,375.535561,317.959201,-858.874849
0.000000,0.000000,1.000000,0.000000,1.000000,357.567775,317.958927,-841.040447
0.000000,0.000000,1.000000,0.000000,2.000000,339.573308,317.958927,-858.905914
0.000000,0.000000,1.000000,0.000000,3.000000,375.460576,317.958927,-858.905914
0.000000,0.000000,1.000000,0.000000,4.000000,357.567775,299.990293,-858.905914
0.000000,0.000000,1.000000,0.000000,5.000000,357.567775,335.915894,-858.905914
0.000000,0.000000,2.000000,1.000000,1.000000,357.516942,317.953093,-841.040614
0.000000,0.000000,2.000000,1.000000,2.000000,339.576641,317.953093,-858.906081
0.000000,0.000000,2.000000,1.000000,3.000000,375.466409,317.953093,-858.906081
0.000000,0.000000,2.000000,1.000000,4.000000,357.516942,299.990293,-858.906081
0.000000,0.000000,2.000000,1.000000,5.000000,357.516942,335.915060,-858.906081
30.000000,0.000000,1.000000,0.000000,1.000000,366.465175,317.952885,-843.412486
30.000000,0.000000,1.000000,0.000000,2.000000,342.010049,317.952885,-849.922574
30.000000,0.000000,1.000000,0.000000,3.000000,373.117088,317.952885,-867.882236
30.000000,0.000000,1.000000,0.000000,4.000000,357.531377,299.918418,-858.883817
30.000000,0.000000,1.000000,0.000000,5.000000,357.532974,335.841518,-858.884744
30.000000,0.000000,2.000000,1.000000,1.000000,366.498746,317.879969,-843.423762
30.000000,0.000000,2.000000,1.000000,2.000000,342.013310,317.879969,-849.916350
30.000000,0.000000,2.000000,1.000000,3.000000,373.122514,317.879968,-867.877262
30.000000,0.000000,2.000000,1.000000,4.000000,357.566545,299.919668,-858.896019
30.000000,0.000000,2.000000,1.000000,5.000000,357.564948,335.843603,-858.895092
30.000000,90.000000,1.000000,0.000000,1.000000,357.566829,326.814244,-843.424237
30.000000,90.000000,1.000000,0.000000,2.000000,357.566829,302.387986,-849.950992
30.000000,90.000000,1.000000,0.000000,3.000000,357.566829,333.526057,-867.928570
30.000000,90.000000,1.000000,0.000000,4.000000,375.438797,317.882043,-858.896494
30.000000,90.000000,1.000000,0.000000,5.000000,339.552362,317.880445,-858.895568
30.000000,90.000000,2.000000,1.000000,1.000000,357.495579,326.890879,-843.467116
30.000000,90.000000,2.000000,1.000000,2.000000,357.495579,302.386679,-849.948871
30.000000,90.000000,2.000000,1.000000,3.000000,357.495579,333.522585,-867.925199
30.000000,90.000000,2.000000,1.000000,4.000000,375.440047,317.958678,-858.939374
30.000000,90.000000,2.000000,1.000000,5.000000,339.550279,317.958678,-858.939374
30.000000,180.000000,1.000000,0.000000,1.000000,348.551603,317.955727,-843.444405
30.000000,180.000000,1.000000,0.000000,2.000000,373.056525,317.955727,-849.925743
30.000000,180.000000,1.000000,0.000000,3.000000,341.945399,317.958509,-867.887488
30.000000,180.000000,1.000000,0.000000,4.000000,357.484283,335.795747,-858.916662
30.000000,180.000000,1.000000,0.000000,5.000000,357.485720,299.853572,-858.915735
30.000000,180.000000,2.000000,1.000000,1.000000,348.568823,317.821878,-843.432406
30.000000,180.000000,2.000000,1.000000,2.000000,373.054017,317.819096,-849.925411
30.000000,180.000000,2.000000,1.000000,3.000000,341.942080,317.819096,-867.887896
30.000000,180.000000,2.000000,1.000000,4.000000,357.500705,335.794032,-858.904663
30.000000,180.000000,2.000000,1.000000,5.000000,357.502142,299.851858,-858.903737
30.000000,270.000000,1.000000,0.000000,1.000000,357.499737,308.916259,-843.479466
30.000000,270.000000,1.000000,0.000000,2.000000,357.501591,333.590376,-849.863304
30.000000,270.000000,1.000000,0.000000,3.000000,357.496955,302.526716,-867.797455
30.000000,270.000000,1.000000,0.000000,4.000000,339.506385,317.850537,-858.950796
30.000000,270.000000,1.000000,0.000000,5.000000,375.440413,317.850696,-858.950796
30.000000,270.000000,2.000000,1.000000,1.000000,357.474326,309.125285,-843.358473
30.000000,270.000000,2.000000,1.000000,2.000000,357.470617,333.591887,-849.861571
30.000000,270.000000,2.000000,1.000000,3.000000,357.471544,302.527741,-867.796556
30.000000,270.000000,2.000000,1.000000,4.000000,339.502546,318.059403,-858.829803
30.000000,270.000000,2.000000,1.000000,5.000000,375.442584,318.056848,-858.830730
-30.000000,0.000000,1.000000,0.000000,1.000000,348.550880,318.058970,-843.379370
-30.000000,0.000000,1.000000,0.000000,2.000000,341.928554,318.058970,-867.832034
-30.000000,0.000000,1.000000,0.000000,3.000000,373.021006,318.058970,-849.880799
-30.000000,0.000000,1.000000,0.000000,4.000000,357.484681,299.996169,-858.850705
-30.000000,0.000000,1.000000,0.000000,5.000000,357.483080,335.926770,-858.851625
-30.000000,0.000000,2.000000,1.000000,1.000000,348.542939,317.961469,-843.383552
-30.000000,0.000000,2.000000,1.000000,2.000000,341.932160,317.961469,-867.829549
-30.000000,0.000000,2.000000,1.000000,3.000000,373.023890,317.961469,-849.878731
-30.000000,0.000000,2.000000,1.000000,4.000000,357.476740,300.002002,-858.854887
-30.000000,0.000000,2.000000,1.000000,5.000000,357.476740,335.931769,-858.854887
-30.000000,90.000000,1.000000,0.000000,1.000000,357.476463,308.999228,-843.327719
-30.000000,90.000000,1.000000,0.000000,2.000000,357.476463,302.488043,-867.716216
-30.000000,90.000000,1.000000,0.000000,3.000000,357.476463,333.548740,-849.783315
-30.000000,90.000000,1.000000,0.000000,4.000000,375.462597,317.931428,-858.799974
-30.000000,90.000000,1.000000,0.000000,5.000000,339.560330,317.933029,-858.799054
-30.000000,90.000000,2.000000,1.000000,1.000000,357.511464,309.087800,-843.279066
-30.000000,90.000000,2.000000,1.000000,2.000000,357.511463,302.490734,-867.717147
-30.000000,90.000000,2.000000,1.000000,3.000000,357.511464,333.560971,-849.778742
-30.000000,90.000000,2.000000,1.000000,4.000000,375.455097,318.020000,-858.751321
-30.000000,90.000000,2.000000,1.000000,5.000000,339.569496,318.020000,-858.751321
-30.000000,180.000000,1.000000,0.000000,1.000000,366.449746,318.022007,-843.269748
-30.000000,180.000000,1.000000,0.000000,2.000000,373.153141,318.019248,-867.769495
-30.000000,180.000000,1.000000,0.000000,3.000000,342.030221,318.019249,-849.800674
-30.000000,180.000000,1.000000,0.000000,4.000000,357.518028,335.934232,-858.742003
-30.000000,180.000000,1.000000,0.000000,5.000000,357.517867,300.005212,-858.742003
-30.000000,180.000000,2.000000,1.000000,1.000000,366.525246,317.966964,-843.308402
-30.000000,180.000000,2.000000,1.000000,2.000000,373.162085,317.963286,-867.769816
-30.000000,180.000000,2.000000,1.000000,3.000000,342.035797,317.968803,-849.798494
-30.000000,180.000000,2.000000,1.000000,4.000000,357.591765,335.941604,-858.779737
-30.000000,180.000000,2.000000,1.000000,5.000000,357.593367,300.008502,-858.780656
-30.000000,270.000000,1.000000,0.000000,1.000000,357.594834,326.884985,-843.343427
-30.000000,270.000000,1.000000,0.000000,2.000000,357.597593,333.560234,-867.826925
-30.000000,270.000000,1.000000,0.000000,3.000000,357.596673,302.436911,-849.857773
-30.000000,270.000000,1.000000,0.000000,4.000000,339.568126,317.952304,-858.815682
-30.000000,270.000000,1.000000,0.000000,5.000000,375.499876,317.951666,-858.814763
-30.000000,270.000000,2.000000,1.000000,1.000000,357.537678,326.929872,-843.369311
-30.000000,270.000000,2.000000,1.000000,2.000000,357.534001,333.561499,-867.826975
-30.000000,270.000000,2.000000,1.000000,3.000000,357.538597,302.433447,-849.855653
-30.000000,270.000000,2.000000,1.000000,4.000000,339.570539,317.997993,-858.841566
-30.000000,270.000000,2.000000,1.000000,5.000000,375.519387,317.998154,-858.841566
0.000000,0.000000,1.000000,0.000000,1.000000,357.540631,317.997773,-841.041973
0.000000,0.000000,1.000000,0.000000,2.000000,339.566997,317.997773,-858.907440
0.000000,0.000000,1.000000,0.000000,3.000000,375.453431,317.997773,-858.907440
0.000000,0.000000,1.000000,0.000000,4.000000,357.540631,299.991640,-858.907440
0.000000,0.000000,1.000000,0.000000,5.000000,357.540631,335.921407,-858.907440
0.000000,0.000000,2.000000,1.000000,1.000000,357.510214,317.956523,-841.041306
0.000000,0.000000,2.000000,1.000000,2.000000,339.565747,317.956523,-858.906773
0.000000,0.000000,2.000000,1.000000,3.000000,375.467181,317.956523,-858.906773
0.000000,0.000000,2.000000,1.000000,4.000000,357.510214,299.992056,-858.906773
0.000000,0.000000,2.000000,1.000000,5.000000,357.510214,335.908490,-858.906773
0.000000,0.000000,1.000000,0.000000,1.000000,357.510214,317.956523,-841.043973
0.000000,0.000000,1.000000,0.000000,2.000000,339.568247,317.956523,-858.909440
0.000000,0.000000,1.000000,0.000000,3.000000,375.456348,317.956523,-858.909440
0.000000,0.000000,1.000000,0.000000,4.000000,357.510214,299.987890,-858.909440
0.000000,0.000000,1.000000,0.000000,5.000000,357.510214,335.920991,-858.909440
0.000000,0.000000,2.000000,1.000000,1.000000,357.512297,317.954440,-841.046640
0.000000,0.000000,2.000000,1.000000,2.000000,339.570330,317.954440,-858.912107
0.000000,0.000000,2.000000,1.000000,3.000000,375.459265,317.954440,-858.912107
0.000000,0.000000,2.000000,1.000000,4.000000,357.512297,299.989973,-858.912107
0.000000,0.000000,2.000000,1.000000,5.000000,357.512297,335.918074,-858.912107
0.000000,90.000000,1.000000,0.000000,1.000000,357.513543,317.954072,-841.030973
0.000000,90.000000,1.000000,0.000000,2.000000,357.513543,299.897938,-858.896440
0.000000,90.000000,1.000000,0.000000,3.000000,357.513543,335.858539,-858.896440
0.000000,90.000000,1.000000,0.000000,4.000000,375.511343,317.954072,-858.896440
0.000000,90.000000,1.000000,0.000000,5.000000,339.610743,317.954072,-858.896440
0.000000,90.000000,2.000000,1.000000,1.000000,357.561043,317.878238,-841.027806
0.000000,90.000000,2.000000,1.000000,2.000000,357.561043,299.898771,-858.893273
0.000000,90.000000,2.000000,1.000000,3.000000,357.561043,335.852705,-858.893273
0.000000,90.000000,2.000000,1.000000,4.000000,375.500510,317.878238,-858.893273
0.000000,90.000000,2.000000,1.000000,5.000000,339.610743,317.878238,-858.893273
0.000000,180.000000,1.000000,0.000000,1.000000,357.558175,317.876993,-841.012140
0.000000,180.000000,1.000000,0.000000,2.000000,375.550462,317.876984,-858.877607
0.000000,180.000000,1.000000,0.000000,3.000000,339.674541,317.876993,-858.877607
0.000000,180.000000,1.000000,0.000000,4.000000,357.558015,335.870631,-858.877607
0.000000,180.000000,1.000000,0.000000,5.000000,357.557855,299.940868,-858.877607
0.000000,180.000000,2.000000,1.000000,1.000000,357.612181,317.905758,-841.013139
0.000000,180.000000,2.000000,1.000000,2.000000,375.545975,317.905754,-858.878606
0.000000,180.000000,2.000000,1.000000,3.000000,339.668067,317.905771,-858.878606
0.000000,180.000000,2.000000,1.000000,4.000000,357.612502,335.879383,-858.878606
0.000000,180.000000,2.000000,1.000000,5.000000,357.612502,299.940449,-858.878606
0.000000,270.000000,1.000000,0.000000,1.000000,357.609775,317.908319,-841.023306
0.000000,270.000000,1.000000,0.000000,2.000000,357.609783,335.957273,-858.888773
0.000000,270.000000,1.000000,0.000000,3.000000,357.609761,300.010039,-858.888773
0.000000,270.000000,1.000000,0.000000,4.000000,339.608654,317.908800,-858.888773
0.000000,270.000000,1.000000,0.000000,5.000000,375.544228,317.907839,-858.888773
0.000000,270.000000,2.000000,1.000000,1.000000,357.576437,317.983496,-841.022639
0.000000,270.000000,2.000000,1.000000,2.000000,357.576419,335.958990,-858.888106
0.000000,270.000000,2.000000,1.000000,3.000000,357.576454,300.014669,-858.888106
0.000000,270.000000,2.000000,1.000000,4.000000,339.607820,317.984136,-858.888106
0.000000,270.000000,2.000000,1.000000,5.000000,375.543421,317.984136,-858.888106
0.000000,0.000000,1.000000,0.000000,1.000000,357.576029,317.985483,-841.045306
0.000000,0.000000,1.000000,0.000000,2.000000,339.569895,317.985483,-858.910773
0.000000,0.000000,1.000000,0.000000,3.000000,375.456329,317.985483,-858.910773
0.000000,0.000000,1.000000,0.000000,4.000000,357.576029,299.988516,-858.910773
0.000000,0.000000,1.000000,0.000000,5.000000,357.576029,335.918283,-858.910773
0.000000,0.000000,2.000000,1.000000,1.000000,357.513112,317.953399,-841.044639
0.000000,0.000000,2.000000,1.000000,2.000000,339.583645,317.953399,-858.910106
0.000000,0.000000,2.000000,1.000000,3.000000,375.458413,317.953399,-858.910106
0.000000,0.000000,2.000000,1.000000,4.000000,357.513112,299.988932,-858.910106
0.000000,0.000000,2.000000,1.000000,5.000000,357.513112,335.922866,-858.910106
10.000000,0.000000,1.000000,0.000000,1.000000,360.623306,317.954649,-841.294953
10.000000,0.000000,1.000000,0.000000,2.000000,339.812279,317.954650,-855.766474
10.000000,0.000000,1.000000,0.000000,3.000000,375.292319,317.954649,-862.022567
10.000000,0.000000,1.000000,0.000000,4.000000,357.521202,299.978516,-858.889039
10.000000,0.000000,1.000000,0.000000,5.000000,357.521202,335.908283,-858.889039
10.000000,0.000000,2.000000,1.000000,1.000000,360.653903,317.943399,-841.305630
10.000000,0.000000,2.000000,1.000000,2.000000,339.814330,317.943399,-855.772122
10.000000,0.000000,2.000000,1.000000,3.000000,375.295835,317.943399,-862.028469
10.000000,0.000000,2.000000,1.000000,4.000000,357.549982,299.969766,-858.899392
10.000000,0.000000,2.000000,1.000000,5.000000,357.551799,335.899533,-858.899716
10.000000,90.000000,1.000000,0.000000,1.000000,357.552986,321.037074,-841.320556
10.000000,90.000000,1.000000,0.000000,2.000000,357.552986,300.195039,-855.786614
10.000000,90.000000,1.000000,0.000000,3.000000,357.552986,335.586270,-862.027043
10.000000,90.000000,1.000000,0.000000,4.000000,375.509120,317.934971,-858.914643
10.000000,90.000000,1.000000,0.000000,5.000000,339.616852,317.934971,-858.914643
10.000000,90.000000,2.000000,1.000000,1.000000,357.562986,320.993417,-841.311371
10.000000,90.000000,2.000000,1.000000,2.000000,357.562986,300.191594,-855.784519
10.000000,90.000000,2.000000,1.000000,3.000000,357.562986,335.586928,-862.025672
10.000000,90.000000,2.000000,1.000000,4.000000,375.511620,317.891313,-858.905457
10.000000,90.000000,2.000000,1.000000,5.000000,339.621852,317.889495,-858.905133
10.000000,180.000000,1.000000,0.000000,1.000000,354.459958,317.889183,-841.295786
10.000000,180.000000,1.000000,0.000000,2.000000,375.360598,317.888857,-855.751535
10.000000,180.000000,1.000000,0.000000,3.000000,339.863164,317.889183,-862.010666
10.000000,180.000000,1.000000,0.000000,4.000000,357.562062,335.855316,-858.889873
10.000000,180.000000,1.000000,0.000000,5.000000,357.562222,299.911891,-858.889873
10.000000,180.000000,2.000000,1.000000,1.000000,354.509246,317.883929,-841.287272
10.000000,180.000000,2.000000,1.000000,2.000000,375.353420,317.883278,-855.753006
10.000000,180.000000,2.000000,1.000000,3.000000,339.866995,317.884579,-862.010111
10.000000,180.000000,2.000000,1.000000,4.000000,357.611670,335.861079,-858.881359
10.000000,180.000000,2.000000,1.000000,5.000000,357.611830,299.912653,-858.881359
10.000000,270.000000,1.000000,0.000000,1.000000,357.610004,314.784326,-841.298311
10.000000,270.000000,1.000000,0.000000,2.000000,357.609353,335.670358,-855.756555
10.000000,270.000000,1.000000,0.000000,3.000000,357.609353,300.293899,-861.994379
10.000000,270.000000,1.000000,0.000000,4.000000,339.596511,317.886909,-858.892398
10.000000,270.000000,1.000000,0.000000,5.000000,375.535487,317.886110,-858.892398
10.000000,270.000000,2.000000,1.000000,1.000000,357.565349,314.880503,-841.288271
10.000000,270.000000,2.000000,1.000000,2.000000,357.565350,335.675937,-855.762542
10.000000,270.000000,2.000000,1.000000,3.000000,357.564699,300.304727,-861.999388
10.000000,270.000000,2.000000,1.000000,4.000000,339.596023,317.983087,-858.882357
10.000000,270.000000,2.000000,1.000000,5.000000,375.535466,317.982927,-858.882357
-10.000000,0.000000,1.000000,0.000000,1.000000,354.465516,317.986670,-841.302616
-10.000000,0.000000,1.000000,0.000000,2.000000,339.805529,317.986670,-862.028638
-10.000000,0.000000,1.000000,0.000000,3.000000,375.285394,317.986670,-855.772580
-10.000000,0.000000,1.000000,0.000000,4.000000,357.567620,300.005536,-858.896702
-10.000000,0.000000,1.000000,0.000000,5.000000,357.567620,335.935303,-858.896702
-10.000000,0.000000,2.000000,1.000000,1.000000,354.442410,317.970420,-841.303510
-10.000000,0.000000,2.000000,1.000000,2.000000,339.792449,317.970419,-862.027767
-10.000000,0.000000,2.000000,1.000000,3.000000,375.285266,317.970420,-855.769422
-10.000000,0.000000,2.000000,1.000000,4.000000,357.544514,300.007619,-858.897595
-10.000000,0.000000,2.000000,1.000000,5.000000,357.544514,335.939053,-858.897595
-10.000000,90.000000,1.000000,0.000000,1.000000,357.541686,314.862893,-841.267348
-10.000000,90.000000,1.000000,0.000000,2.000000,357.541686,300.209472,-861.992212
-10.000000,90.000000,1.000000,0.000000,3.000000,357.541686,335.591854,-855.753347
-10.000000,90.000000,1.000000,0.000000,4.000000,375.502820,317.966816,-858.861117
-10.000000,90.000000,1.000000,0.000000,5.000000,339.613052,317.964997,-858.861433
-10.000000,90.000000,2.000000,1.000000,1.000000,357.557936,314.797900,-841.277320
-10.000000,90.000000,2.000000,1.000000,2.000000,357.557936,300.215878,-861.989594
-10.000000,90.000000,2.000000,1.000000,3.000000,357.557936,335.590695,-855.752059
-10.000000,90.000000,2.000000,1.000000,4.000000,375.503236,317.900004,-858.871405
-10.000000,90.000000,2.000000,1.000000,5.000000,339.612636,317.900004,-858.871405
-10.000000,180.000000,1.000000,0.000000,1.000000,360.665794,317.902278,-841.248575
-10.000000,180.000000,1.000000,0.000000,2.000000,375.356646,317.901645,-861.980095
-10.000000,180.000000,1.000000,0.000000,3.000000,339.891374,317.902910,-855.726498
-10.000000,180.000000,1.000000,0.000000,4.000000,357.563210,335.911629,-858.842661
-10.000000,180.000000,1.000000,0.000000,5.000000,357.564171,299.970426,-858.842661
-10.000000,180.000000,2.000000,1.000000,1.000000,360.727305,317.940079,-841.252094
-10.000000,180.000000,2.000000,1.000000,2.000000,375.367935,317.939130,-861.974787
-10.000000,180.000000,2.000000,1.000000,3.000000,339.890674,317.941027,-855.719019
-10.000000,180.000000,2.000000,1.000000,4.000000,357.623222,335.913397,-858.845863
-10.000000,180.000000,2.000000,1.000000,5.000000,357.625521,299.970411,-858.846180
-10.000000,270.000000,1.000000,0.000000,1.000000,357.627154,321.038384,-841.280549
-10.000000,270.000000,1.000000,0.000000,2.000000,357.627471,335.675231,-862.002518
-10.000000,270.000000,1.000000,0.000000,3.000000,357.627470,300.272333,-855.760036
-10.000000,270.000000,1.000000,0.000000,4.000000,339.628405,317.936761,-858.874634
-10.000000,270.000000,1.000000,0.000000,5.000000,375.564839,317.936761,-858.874634
-10.000000,270.000000,2.000000,1.000000,1.000000,357.596621,321.074151,-841.288756
-10.000000,270.000000,2.000000,1.000000,2.000000,357.596622,335.675049,-862.004358
-10.000000,270.000000,2.000000,1.000000,3.000000,357.597571,300.271028,-855.761759
-10.000000,270.000000,2.000000,1.000000,4.000000,339.628103,317.971567,-858.882841
-10.000000,270.000000,2.000000,1.000000,5.000000,375.564738,317.971888,-858.882841
0.000000,0.000000,1.000000,0.000000,1.000000,357.596758,317.972383,-841.045983
0.000000,0.000000,1.000000,0.000000,2.000000,339.583958,317.972383,-858.911450
0.000000,0.000000,1.000000,0.000000,3.000000,375.469559,317.972383,-858.911450
0.000000,0.000000,1.000000,0.000000,4.000000,357.596758,299.993749,-858.911450
0.000000,0.000000,1.000000,0.000000,5.000000,357.596758,335.921850,-858.911450
0.000000,0.000000,2.000000,1.000000,1.000000,357.526758,317.957800,-841.046149
0.000000,0.000000,2.000000,1.000000,2.000000,339.583958,317.957800,-858.911616
0.000000,0.000000,2.000000,1.000000,3.000000,375.471225,317.957800,-858.911616
0.000000,0.000000,2.000000,1.000000,4.000000,357.526758,299.996666,-858.911616
0.000000,0.000000,2.000000,1.000000,5.000000,357.526758,335.923100,-858.911616
30.000000,0.000000,1.000000,0.000000,1.000000,366.476450,317.958841,-843.412249
30.000000,0.000000,1.000000,0.000000,2.000000,342.012818,317.958841,-849.917430
30.000000,0.000000,1.000000,0.000000,3.000000,373.129806,317.958841,-867.882832
30.000000,0.000000,1.000000,0.000000,4.000000,357.544248,299.916041,-858.884506
30.000000,0.000000,1.000000,0.000000,5.000000,357.544248,335.843308,-858.884506
30.000000,0.000000,2.000000,1.000000,1.000000,366.508088,317.879674,-843.422413
30.000000,0.000000,2.000000,1.000000,2.000000,342.016156,317.879674,-849.911251
30.000000,0.000000,2.000000,1.000000,3.000000,373.136753,317.879674,-867.878736
30.000000,0.000000,2.000000,1.000000,4.000000,357.575886,299.928540,-858.894670
30.000000,0.000000,2.000000,1.000000,5.000000,357.575886,335.854974,-858.894670
30.000000,90.000000,1.000000,0.000000,1.000000,357.577098,326.816400,-843.427940
30.000000,90.000000,1.000000,0.000000,2.000000,357.577098,302.391739,-849.955621
30.000000,90.000000,1.000000,0.000000,3.000000,357.577098,333.521718,-867.928523
30.000000,90.000000,1.000000,0.000000,4.000000,375.451565,317.884199,-858.900197
30.000000,90.000000,1.000000,0.000000,5.000000,339.563463,317.882602,-858.899270
30.000000,90.000000,2.000000,1.000000,1.000000,357.507513,326.889824,-843.467035
30.000000,90.000000,2.000000,1.000000,2.000000,357.507514,302.390107,-849.951383
30.000000,90.000000,2.000000,1.000000,3.000000,357.507514,333.520086,-867.924285
30.000000,90.000000,2.000000,1.000000,4.000000,375.465314,317.957623,-858.939293
30.000000,90.000000,2.000000,1.000000,5.000000,339.577212,317.956026,-858.938366
30.000000,180.000000,1.000000,0.000000,1.000000,348.572357,317.955034,-843.451233
30.000000,180.000000,1.000000,0.000000,2.000000,373.080568,317.956887,-849.930487
30.000000,180.000000,1.000000,0.000000,3.000000,341.982106,317.953180,-867.885566
30.000000,180.000000,1.000000,0.000000,4.000000,357.504238,335.805522,-858.923490
30.000000,180.000000,1.000000,0.000000,5.000000,357.504238,299.863254,-858.923490
30.000000,180.000000,2.000000,1.000000,1.000000,348.600264,317.837169,-843.437322
30.000000,180.000000,2.000000,1.000000,2.000000,373.077927,317.835315,-849.934586
30.000000,180.000000,2.000000,1.000000,3.000000,341.976810,317.836242,-867.890728
30.000000,180.000000,2.000000,1.000000,4.000000,357.532146,335.807657,-858.909579
30.000000,180.000000,2.000000,1.000000,5.000000,357.532465,299.861869,-858.909579
30.000000,270.000000,1.000000,0.000000,1.000000,357.527983,308.926093,-843.481754
30.000000,270.000000,1.000000,0.000000,2.000000,357.528910,333.610875,-849.859342
30.000000,270.000000,1.000000,0.000000,3.000000,357.529837,302.536472,-867.800254
30.000000,270.000000,1.000000,0.000000,4.000000,339.520088,317.858135,-858.954011
30.000000,270.000000,1.000000,0.000000,5.000000,375.455231,317.858773,-858.954011
30.000000,270.000000,2.000000,1.000000,1.000000,357.484878,309.140527,-843.359195
30.000000,270.000000,2.000000,1.000000,2.000000,357.487660,333.610565,-849.860949
30.000000,270.000000,2.000000,1.000000,3.000000,357.487659,302.541776,-867.798528
30.000000,270.000000,2.000000,1.000000,4.000000,339.515692,318.073207,-858.831452
30.000000,270.000000,2.000000,1.000000,5.000000,375.459897,318.073846,-858.830525
-30.000000,0.000000,1.000000,0.000000,1.000000,348.571302,318.074848,-843.384200
-30.000000,0.000000,1.000000,0.000000,2.000000,341.930934,318.074848,-867.847281
-30.000000,0.000000,1.000000,0.000000,3.000000,373.045916,318.074848,-849.883043
-30.000000,0.000000,1.000000,0.000000,4.000000,357.503502,300.006215,-858.856455
-30.000000,0.000000,1.000000,0.000000,5.000000,357.503502,335.934315,-858.856455
-30.000000,0.000000,2.000000,1.000000,1.000000,348.554565,317.970265,-843.392494
-30.000000,0.000000,2.000000,1.000000,2.000000,341.933683,317.970266,-867.844324
-30.000000,0.000000,2.000000,1.000000,3.000000,373.052273,317.970265,-849.878003
-30.000000,0.000000,2.000000,1.000000,4.000000,357.488366,300.007464,-858.863829
-30.000000,0.000000,2.000000,1.000000,5.000000,357.488366,335.933898,-858.863829
-30.000000,90.000000,1.000000,0.000000,1.000000,357.491592,309.009305,-843.339112
-30.000000,90.000000,1.000000,0.000000,2.000000,357.491592,302.496676,-867.728443
-30.000000,90.000000,1.000000,0.000000,3.000000,357.491592,333.560981,-849.793458
-30.000000,90.000000,1.000000,0.000000,4.000000,375.474393,317.943105,-858.810447
-30.000000,90.000000,1.000000,0.000000,5.000000,339.583791,317.941504,-858.811367
-30.000000,90.000000,2.000000,1.000000,1.000000,357.529092,309.095803,-843.289728
-30.000000,90.000000,2.000000,1.000000,2.000000,357.529092,302.498737,-867.727808
-30.000000,90.000000,2.000000,1.000000,3.000000,357.529092,333.560877,-849.794073
-30.000000,90.000000,2.000000,1.000000,4.000000,375.475226,318.028003,-858.761982
-30.000000,90.000000,2.000000,1.000000,5.000000,339.584625,318.028003,-858.761982
-30.000000,180.000000,1.000000,0.000000,1.000000,366.467375,318.027985,-843.281577
-30.000000,180.000000,1.000000,0.000000,2.000000,373.173418,318.028905,-867.782488
-30.000000,180.000000,1.000000,0.000000,3.000000,342.059714,318.026146,-849.819256
-30.000000,180.000000,1.000000,0.000000,4.000000,357.535495,335.952624,-858.753832
-30.000000,180.000000,1.000000,0.000000,5.000000,357.533894,300.010357,-858.752912
-30.000000,180.000000,2.000000,1.000000,1.000000,366.553107,317.982410,-843.323839
-30.000000,180.000000,2.000000,1.000000,2.000000,373.176314,317.983329,-867.776920
-30.000000,180.000000,2.000000,1.000000,3.000000,342.067986,317.983329,-849.816518
-30.000000,180.000000,2.000000,1.000000,4.000000,357.619306,335.951877,-858.795174
-30.000000,180.000000,2.000000,1.000000,5.000000,357.620907,300.009609,-858.796094
0.000000,0.000000,1.000000,0.000000,1.000000,357.286097,318.384502,-841.056815
0.000000,0.000000,1.000000,0.000000,2.000000,339.589963,318.384502,-858.922282
0.000000,0.000000,1.000000,0.000000,3.000000,375.472231,318.384502,-858.922282
0.000000,0.000000,1.000000,0.000000,4.000000,357.286097,300.001702,-858.922282
0.000000,0.000000,1.000000,0.000000,5.000000,357.286097,335.922302,-858.922282
0.000000,0.000000,2.000000,1.000000,1.000000,357.531097,317.962002,-841.046981
0.000000,0.000000,2.000000,1.000000,2.000000,339.589130,317.962002,-858.912448
0.000000,0.000000,2.000000,1.000000,3.000000,375.477231,317.962002,-858.912448
0.000000,0.000000,2.000000,1.000000,4.000000,357.531097,299.995035,-858.912448
0.000000,0.000000,2.000000,1.000000,5.000000,357.531097,335.925636,-858.912448
0.000000,90.000000,1.000000,0.000000,1.000000,357.532130,317.960849,-841.035481
0.000000,90.000000,1.000000,0.000000,2.000000,357.532126,299.902888,-858.900948
0.000000,90.000000,1.000000,0.000000,3.000000,357.532131,335.864482,-858.900948
0.000000,90.000000,1.000000,0.000000,4.000000,375.524098,317.960849,-858.900948
0.000000,90.000000,1.000000,0.000000,5.000000,339.639330,317.960849,-858.900948
0.000000,90.000000,2.000000,1.000000,1.000000,357.581714,317.883685,-841.035648
0.000000,90.000000,2.000000,1.000000,2.000000,357.581714,299.897552,-858.901115
0.000000,90.000000,2.000000,1.000000,3.000000,357.581714,335.861486,-858.901115
0.000000,90.000000,2.000000,1.000000,4.000000,375.521181,317.883685,-858.901115
0.000000,90.000000,2.000000,1.000000,5.000000,339.631413,317.883685,-858.901115
0.000000,180.000000,1.000000,0.000000,1.000000,357.579005,317.881602,-841.018314
0.000000,180.000000,1.000000,0.000000,2.000000,375.570139,317.881602,-858.883781
0.000000,180.000000,1.000000,0.000000,3.000000,339.689538,317.881602,-858.883781
0.000000,180.000000,1.000000,0.000000,4.000000,357.579006,335.886902,-858.883781
0.000000,180.000000,1.000000,0.000000,5.000000,357.579006,299.947968,-858.883781
0.000000,180.000000,2.000000,1.000000,1.000000,357.629839,317.917435,-841.016814
0.000000,180.000000,2.000000,1.000000,2.000000,375.566806,317.917435,-858.882281
0.000000,180.000000,2.000000,1.000000,3.000000,339.687038,317.917435,-858.882281
0.000000,180.000000,2.000000,1.000000,4.000000,357.629839,335.881902,-858.882281
0.000000,180.000000,2.000000,1.000000,5.000000,357.629839,299.944635,-858.882281
0.000000,270.000000,1.000000,0.000000,1.000000,357.628385,317.915512,-841.022814
0.000000,270.000000,1.000000,0.000000,2.000000,357.628376,335.974659,-858.888281
0.000000,270.000000,1.000000,0.000000,3.000000,357.628376,300.018225,-858.888281
0.000000,270.000000,1.000000,0.000000,4.000000,339.628905,317.915032,-858.888281
0.000000,270.000000,1.000000,0.000000,5.000000,375.559506,317.915032,-858.888281
0.000000,270.000000,2.000000,1.000000,1.000000,357.594200,317.996282,-841.021314
0.000000,270.000000,2.000000,1.000000,2.000000,357.594192,335.973762,-858.886781
0.000000,270.000000,2.000000,1.000000,3.000000,357.594214,300.023962,-858.886781
0.000000,270.000000,2.000000,1.000000,4.000000,339.625567,317.996282,-858.886781
0.000000,270.000000,2.000000,1.000000,5.000000,375.560321,317.995802,-858.886781
0.000000,0.000000,1.000000,0.000000,1.000000,357.593573,317.997452,-841.044814
0.000000,0.000000,1.000000,0.000000,2.000000,339.579939,317.997452,-858.910281
0.000000,0.000000,1.000000,0.000000,3.000000,375.472207,317.997452,-858.910281
0.000000,0.000000,1.000000,0.000000,4.000000,357.593573,299.994651,-858.910281
0.000000,0.000000,1.000000,0.000000,5.000000,357.593573,335.927752,-858.910281
0.000000,0.000000,2.000000,1.000000,1.000000,357.526073,317.961202,-841.044148
0.000000,0.000000,2.000000,1.000000,2.000000,339.583272,317.961202,-858.909615
0.000000,0.000000,2.000000,1.000000,3.000000,375.472207,317.961202,-858.909615
0.000000,0.000000,2.000000,1.000000,4.000000,357.526073,299.995901,-858.909615
0.000000,0.000000,2.000000,1.000000,5.000000,357.526073,335.924836,-858.909615
10.000000,0.000000,1.000000,0.000000,1.000000,360.631260,317.960785,-841.305130
10.000000,0.000000,1.000000,0.000000,2.000000,339.829437,317.960785,-855.778278
10.000000,0.000000,1.000000,0.000000,3.000000,375.291247,317.960785,-862.031152
10.000000,0.000000,1.000000,0.000000,4.000000,357.529156,299.985485,-858.899216
10.000000,0.000000,1.000000,0.000000,5.000000,357.529156,335.914419,-858.899216
0.000000,0.000000,1.000000,0.000000,1.000000,357.286097,318.384502,-841.053918
0.000000,0.000000,1.000000,0.000000,2.000000,339.592463,318.384502,-858.919385
0.000000,0.000000,1.000000,0.000000,3.000000,375.473898,318.384502,-858.919385
0.000000,0.000000,1.000000,0.000000,4.000000,357.286097,300.008368,-858.919385
0.000000,0.000000,1.000000,0.000000,5.000000,357.286097,335.930636,-858.919385
0.000000,0.000000,2.000000,1.000000,1.000000,357.533181,317.969502,-841.052418
0.000000,0.000000,2.000000,1.000000,2.000000,339.589547,317.969502,-858.917885
0.000000,0.000000,2.000000,1.000000,3.000000,375.479315,317.969502,-858.917885
0.000000,0.000000,2.000000,1.000000,4.000000,357.533180,300.004202,-858.917885
0.000000,0.000000,2.000000,1.000000,5.000000,357.533180,335.934802,-858.917885
10.000000,0.000000,1.000000,0.000000,1.000000,360.638449,317.969502,-841.311759
10.000000,0.000000,1.000000,0.000000,2.000000,339.825781,317.969503,-855.782991
10.000000,0.000000,1.000000,0.000000,3.000000,375.294332,317.969502,-862.037058
10.000000,0.000000,1.000000,0.000000,4.000000,357.536345,299.992535,-858.905846
10.000000,0.000000,1.000000,0.000000,5.000000,357.536345,335.921469,-858.905846
10.000000,0.000000,2.000000,1.000000,1.000000,360.662819,317.957002,-841.314569
10.000000,0.000000,2.000000,1.000000,2.000000,339.829634,317.957002,-855.782183
10.000000,0.000000,2.000000,1.000000,3.000000,375.309674,317.957002,-862.038276
10.000000,0.000000,2.000000,1.000000,4.000000,357.560715,299.994201,-858.908655
10.000000,0.000000,2.000000,1.000000,5.000000,357.560715,335.921469,-858.908655
10.000000,90.000000,1.000000,0.000000,1.000000,357.565184,321.056852,-841.332860
10.000000,90.000000,1.000000,0.000000,2.000000,357.565184,300.211534,-855.798339
10.000000,90.000000,1.000000,0.000000,3.000000,357.565184,335.597020,-862.037755
10.000000,90.000000,1.000000,0.000000,4.000000,375.519652,317.954749,-858.926947
10.000000,90.000000,1.000000,0.000000,5.000000,339.631550,317.952931,-858.926622
10.000000,90.000000,2.000000,1.000000,1.000000,357.575601,321.007329,-841.320948
10.000000,90.000000,2.000000,1.000000,2.000000,357.575601,300.207148,-855.794386
10.000000,90.000000,2.000000,1.000000,3.000000,357.575601,335.595096,-862.034236
10.000000,90.000000,2.000000,1.000000,4.000000,375.521735,317.905225,-858.915035
10.000000,90.000000,2.000000,1.000000,5.000000,339.631966,317.903407,-858.914710
10.000000,180.000000,1.000000,0.000000,1.000000,354.472821,317.902718,-841.304858
10.000000,180.000000,1.000000,0.000000,2.000000,375.383794,317.902718,-855.758761
10.000000,180.000000,1.000000,0.000000,3.000000,339.877668,317.902718,-862.019449
10.000000,180.000000,1.000000,0.000000,4.000000,357.574925,335.878852,-858.898945
10.000000,180.000000,1.000000,0.000000,5.000000,357.574925,299.934085,-858.898945
10.000000,180.000000,2.000000,1.000000,1.000000,354.530076,317.906468,-841.294964
10.000000,180.000000,2.000000,1.000000,2.000000,375.377856,317.906468,-855.760008
10.000000,180.000000,2.000000,1.000000,3.000000,339.875013,317.906468,-862.020118
10.000000,180.000000,2.000000,1.000000,4.000000,357.632180,335.875102,-858.889050
10.000000,180.000000,2.000000,1.000000,5.000000,357.632180,299.932834,-858.889050
10.000000,270.000000,1.000000,0.000000,1.000000,357.628657,314.805609,-841.313795
10.000000,270.000000,1.000000,0.000000,2.000000,357.629307,335.706232,-855.769579
10.000000,270.000000,1.000000,0.000000,3.000000,357.628982,300.327151,-862.007837
10.000000,270.000000,1.000000,0.000000,4.000000,339.609698,317.907553,-858.907882
10.000000,270.000000,1.000000,0.000000,5.000000,375.546458,317.907713,-858.907882
10.000000,270.000000,2.000000,1.000000,1.000000,357.579054,314.916654,-841.295347
10.000000,270.000000,2.000000,1.000000,2.000000,357.580029,335.708287,-855.770376
10.000000,270.000000,2.000000,1.000000,3.000000,357.579379,300.325764,-862.009214
10.000000,270.000000,2.000000,1.000000,4.000000,339.608611,318.018278,-858.889433
10.000000,270.000000,2.000000,1.000000,5.000000,375.548013,318.020735,-858.889109
-10.000000,0.000000,1.000000,0.000000,1.000000,354.479718,318.018266,-841.313771
-10.000000,0.000000,1.000000,0.000000,2.000000,339.800036,318.018266,-862.043265
-10.000000,0.000000,1.000000,0.000000,3.000000,375.305341,318.018266,-855.782722
-10.000000,0.000000,1.000000,0.000000,4.000000,357.581822,300.028799,-858.907856
-10.000000,0.000000,1.000000,0.000000,5.000000,357.581822,335.956067,-858.907856
-10.000000,0.000000,2.000000,1.000000,1.000000,354.449636,317.992433,-841.315894
-10.000000,0.000000,2.000000,1.000000,2.000000,339.801139,317.992433,-862.039890
-10.000000,0.000000,2.000000,1.000000,3.000000,375.308906,317.992433,-855.778912
-10.000000,0.000000,2.000000,1.000000,4.000000,357.551740,300.032133,-858.909980
-10.000000,0.000000,2.000000,1.000000,5.000000,357.551740,335.956900,-858.909980
-10.000000,90.000000,1.000000,0.000000,1.000000,357.553698,314.884040,-841.277302
-10.000000,90.000000,1.000000,0.000000,2.000000,357.553698,300.235543,-862.001297
-10.000000,90.000000,1.000000,0.000000,3.000000,357.553698,335.619388,-855.762171
-10.000000,90.000000,1.000000,0.000000,4.000000,375.513998,317.986144,-858.871388
-10.000000,90.000000,1.000000,0.000000,5.000000,339.629231,317.986144,-858.871388
-10.000000,90.000000,2.000000,1.000000,1.000000,357.571615,314.824704,-841.286276
-10.000000,90.000000,2.000000,1.000000,2.000000,357.571615,300.241040,-861.998840
-10.000000,90.000000,2.000000,1.000000,3.000000,357.571615,335.624242,-855.759831
-10.000000,90.000000,2.000000,1.000000,4.000000,375.514415,317.926807,-858.880362
-10.000000,90.000000,2.000000,1.000000,5.000000,339.632148,317.928626,-858.880045
-10.000000,180.000000,1.000000,0.000000,1.000000,360.679552,317.930179,-841.259691
-10.000000,180.000000,1.000000,0.000000,2.000000,375.374007,317.930179,-861.991790
-10.000000,180.000000,1.000000,0.000000,3.000000,339.918763,317.930179,-855.740074
-10.000000,180.000000,1.000000,0.000000,4.000000,357.577448,335.936312,-858.853777
-10.000000,180.000000,1.000000,0.000000,5.000000,357.577448,299.994045,-858.853777
-10.000000,180.000000,2.000000,1.000000,1.000000,360.749147,317.965178,-841.270474
-10.000000,180.000000,2.000000,1.000000,2.000000,375.376307,317.965178,-861.990707
-10.000000,180.000000,2.000000,1.000000,3.000000,339.916960,317.965178,-855.738268
-10.000000,180.000000,2.000000,1.000000,4.000000,357.647043,335.939646,-858.864560
-10.000000,180.000000,2.000000,1.000000,5.000000,357.647043,299.992378,-858.864560
-10.000000,270.000000,1.000000,0.000000,1.000000,357.647471,321.062972,-841.297789
-10.000000,270.000000,1.000000,0.000000,2.000000,357.646838,335.708507,-862.021205
-10.000000,270.000000,1.000000,0.000000,3.000000,357.647471,300.302183,-855.778172
-10.000000,270.000000,1.000000,0.000000,4.000000,339.641538,317.961189,-858.891874
-10.000000,270.000000,1.000000,0.000000,5.000000,375.580788,317.961029,-858.891874
0.000000,0.000000,1.000000,0.000000,1.000000,357.286097,318.384502,-841.061418
0.000000,0.000000,1.000000,0.000000,2.000000,339.609963,318.384502,-858.926885
0.000000,0.000000,1.000000,0.000000,3.000000,375.490564,318.384502,-858.926885
0.000000,0.000000,1.000000,0.000000,4.000000,357.286097,300.018368,-858.926885
0.000000,0.000000,1.000000,0.000000,5.000000,357.286097,335.947302,-858.926885
0.000000,0.000000,2.000000,1.000000,1.000000,357.550264,317.982835,-841.054085
0.000000,0.000000,2.000000,1.000000,2.000000,339.610797,317.982835,-858.919552
0.000000,0.000000,2.000000,1.000000,3.000000,375.501398,317.982835,-858.919552
0.000000,0.000000,2.000000,1.000000,4.000000,357.550264,300.018368,-858.919552
0.000000,0.000000,2.000000,1.000000,5.000000,357.550264,335.947302,-858.919552
10.000000,0.000000,1.000000,0.000000,1.000000,360.655717,317.982836,-841.314743
10.000000,0.000000,1.000000,0.000000,2.000000,339.855535,317.982836,-855.788180
10.000000,0.000000,1.000000,0.000000,3.000000,375.320627,317.982836,-862.041633
10.000000,0.000000,1.000000,0.000000,4.000000,357.553613,299.993369,-858.908829
10.000000,0.000000,1.000000,0.000000,5.000000,357.553613,335.933970,-858.908829
10.000000,0.000000,2.000000,1.000000,1.000000,360.691278,317.963669,-841.316987
10.000000,0.000000,2.000000,1.000000,2.000000,339.859090,317.963669,-855.784781
10.000000,0.000000,2.000000,1.000000,3.000000,375.325823,317.963669,-862.038523
10.000000,0.000000,2.000000,1.000000,4.000000,357.589174,300.006702,-858.911073
10.000000,0.000000,2.000000,1.000000,5.000000,357.589174,335.935636,-858.911073
10.000000,90.000000,1.000000,0.000000,1.000000,357.590815,321.066564,-841.336422
10.000000,90.000000,1.000000,0.000000,2.000000,357.591139,300.210560,-855.799985
10.000000,90.000000,1.000000,0.000000,3.000000,357.590815,335.620683,-862.043777
10.000000,90.000000,1.000000,0.000000,4.000000,375.532782,317.962642,-858.930184
10.000000,90.000000,1.000000,0.000000,5.000000,339.646348,317.964460,-858.930509
10.000000,90.000000,2.000000,1.000000,1.000000,357.589565,321.018381,-841.326439
10.000000,90.000000,2.000000,1.000000,2.000000,357.589565,300.213276,-855.799009
10.000000,90.000000,2.000000,1.000000,3.000000,357.589565,335.611072,-862.040595
10.000000,90.000000,2.000000,1.000000,4.000000,375.538199,317.916277,-858.920525
10.000000,90.000000,2.000000,1.000000,5.000000,339.645098,317.916277,-858.920525
10.000000,180.000000,1.000000,0.000000,1.000000,354.486108,317.914226,-841.314858
10.000000,180.000000,1.000000,0.000000,2.000000,375.416776,317.914226,-855.765288
10.000000,180.000000,1.000000,0.000000,3.000000,339.914754,317.914226,-862.025252
10.000000,180.000000,1.000000,0.000000,4.000000,357.588212,335.885359,-858.908945
10.000000,180.000000,1.000000,0.000000,5.000000,357.588212,299.943092,-858.908945
10.000000,180.000000,2.000000,1.000000,1.000000,354.563582,317.914226,-841.303095
10.000000,180.000000,2.000000,1.000000,2.000000,375.415466,317.914226,-855.767416
10.000000,180.000000,2.000000,1.000000,3.000000,339.912623,317.914226,-862.027525
10.000000,180.000000,2.000000,1.000000,4.000000,357.665686,335.894526,-858.897181
10.000000,180.000000,2.000000,1.000000,5.000000,357.665686,299.953925,-858.897181
10.000000,270.000000,1.000000,0.000000,1.000000,357.664216,314.820856,-841.317957
10.000000,270.000000,1.000000,0.000000,2.000000,357.664541,335.704906,-855.776635
10.000000,270.000000,1.000000,0.000000,3.000000,357.663566,300.333712,-862.013446
10.000000,270.000000,1.000000,0.000000,4.000000,339.628082,317.922960,-858.912044
10.000000,270.000000,1.000000,0.000000,5.000000,375.575166,317.923279,-858.912044
10.000000,270.000000,2.000000,1.000000,1.000000,357.601949,314.917432,-841.303700
10.000000,270.000000,2.000000,1.000000,2.000000,357.601298,335.706625,-855.779019
10.000000,270.000000,2.000000,1.000000,3.000000,357.602598,300.335730,-862.015975
10.000000,270.000000,2.000000,1.000000,4.000000,339.630165,318.019216,-858.897786
10.000000,270.000000,2.000000,1.000000,5.000000,375.568266,318.019216,-858.897786
-10.000000,0.000000,1.000000,0.000000,1.000000,354.501003,318.020197,-841.320238
-10.000000,0.000000,1.000000,0.000000,2.000000,339.847582,318.020197,-862.045102
-10.000000,0.000000,1.000000,0.000000,3.000000,375.351245,318.020197,-855.784848
-10.000000,0.000000,1.000000,0.000000,4.000000,357.603107,300.029896,-858.914324
-10.000000,0.000000,1.000000,0.000000,5.000000,357.603107,335.962164,-858.914324
-10.000000,0.000000,2.000000,1.000000,1.000000,354.496796,317.996030,-841.320338
-10.000000,0.000000,2.000000,1.000000,2.000000,339.848299,317.996030,-862.044333
-10.000000,0.000000,2.000000,1.000000,3.000000,375.354602,317.996030,-855.783618
-10.000000,0.000000,2.000000,1.000000,4.000000,357.598900,300.036563,-858.914423
-10.000000,0.000000,2.000000,1.000000,5.000000,357.598900,335.962997,-858.914423
-10.000000,90.000000,1.000000,0.000000,1.000000,357.600491,314.888616,-841.282632
-10.000000,90.000000,1.000000,0.000000,2.000000,357.600491,300.246684,-862.005470
-10.000000,90.000000,1.000000,0.000000,3.000000,357.600491,335.630529,-855.766343
-10.000000,90.000000,1.000000,0.000000,4.000000,375.562459,317.990719,-858.876717
-10.000000,90.000000,1.000000,0.000000,5.000000,339.677691,317.990719,-858.876717
-10.000000,90.000000,2.000000,1.000000,1.000000,357.620075,314.836278,-841.292910
-10.000000,90.000000,2.000000,1.000000,2.000000,357.620075,300.249332,-862.006053
-10.000000,90.000000,2.000000,1.000000,3.000000,357.620075,335.629073,-855.767650
-10.000000,90.000000,2.000000,1.000000,4.000000,375.563708,317.938382,-858.886996
-10.000000,90.000000,2.000000,1.000000,5.000000,339.678107,317.938382,-858.886996
-10.000000,180.000000,1.000000,0.000000,1.000000,360.728029,317.938792,-841.264383
-10.000000,180.000000,1.000000,0.000000,2.000000,375.425767,317.938792,-861.997061
-10.000000,180.000000,1.000000,0.000000,3.000000,339.965599,317.938792,-855.744477
-10.000000,180.000000,1.000000,0.000000,4.000000,357.625925,335.936592,-858.858469
-10.000000,180.000000,1.000000,0.000000,5.000000,357.625925,299.999325,-858.858469
-10.000000,180.000000,2.000000,1.000000,1.000000,360.798011,317.967959,-841.277773
-10.000000,180.000000,2.000000,1.000000,2.000000,375.424350,317.967959,-861.997861
-10.000000,180.000000,2.000000,1.000000,3.000000,339.965823,317.967959,-855.745566
-10.000000,180.000000,2.000000,1.000000,4.000000,357.695907,335.944926,-858.871859
-10.000000,180.000000,2.000000,1.000000,5.000000,357.695907,300.010992,-858.871859
-10.000000,270.000000,1.000000,0.000000,1.000000,357.696129,321.070915,-841.301769
-10.000000,270.000000,1.000000,0.000000,2.000000,357.695497,335.720553,-862.025909
-10.000000,270.000000,1.000000,0.000000,3.000000,357.696762,300.308164,-855.781862
-10.000000,270.000000,1.000000,0.000000,4.000000,339.681144,317.966832,-858.895538
-10.000000,270.000000,1.000000,0.000000,5.000000,375.622580,317.968651,-858.895854
-10.000000,270.000000,2.000000,1.000000,1.000000,357.652178,321.117105,-841.307607
-10.000000,270.000000,2.000000,1.000000,2.000000,357.651862,335.723087,-862.024078
-10.000000,270.000000,2.000000,1.000000,3.000000,357.651546,300.313141,-855.780321
-10.000000,270.000000,2.000000,1.000000,4.000000,339.696677,318.014681,-858.901693
-10.000000,270.000000,2.000000,1.000000,5.000000,375.635697,318.015482,-858.901693
0.000000,0.000000,1.000000,0.000000,1.000000,357.286097,318.384502,-841.073085
0.000000,0.000000,1.000000,0.000000,2.000000,339.670796,318.384502,-858.938552
0.000000,0.000000,1.000000,0.000000,3.000000,375.553897,318.384502,-858.938552
0.000000,0.000000,1.000000,0.000000,4.000000,357.286097,300.040035,-858.938552
0.000000,0.000000,1.000000,0.000000,5.000000,357.286097,335.961469,-858.938552
0.000000,0.000000,1.000000,0.000000,1.000000,357.286097,318.384502,-841.076418
0.000000,0.000000,1.000000,0.000000,2.000000,339.649130,318.384502,-858.941885
0.000000,0.000000,1.000000,0.000000,3.000000,375.528897,318.384502,-858.941885
0.000000,0.000000,1.000000,0.000000,4.000000,357.286097,300.011702,-858.941885
0.000000,0.000000,1.000000,0.000000,5.000000,357.286097,335.929802,-858.941885
0.000000,0.000000,2.000000,1.000000,1.000000,357.589014,317.970752,-841.069085
0.000000,0.000000,2.000000,1.000000,2.000000,339.642880,317.970752,-858.934552
0.000000,0.000000,2.000000,1.000000,3.000000,375.530981,317.970752,-858.934552
0.000000,0.000000,2.000000,1.000000,4.000000,357.589014,300.007952,-858.934552
0.000000,0.000000,2.000000,1.000000,5.000000,357.589014,335.935219,-858.934552
30.000000,0.000000,1.000000,0.000000,1.000000,366.541414,317.971168,-843.427967
30.000000,0.000000,1.000000,0.000000,2.000000,342.075616,317.971168,-849.931899
30.000000,0.000000,1.000000,0.000000,3.000000,373.183945,317.971168,-867.892300
30.000000,0.000000,1.000000,0.000000,4.000000,357.609212,299.926701,-858.900225
30.000000,0.000000,1.000000,0.000000,5.000000,357.607615,335.856469,-858.899298
30.000000,0.000000,2.000000,1.000000,1.000000,366.564959,317.891586,-843.433454
30.000000,0.000000,2.000000,1.000000,2.000000,342.078955,317.891585,-849.925719
30.000000,0.000000,2.000000,1.000000,3.000000,373.188726,317.891585,-867.886954
30.000000,0.000000,2.000000,1.000000,4.000000,357.632758,299.914618,-858.905712
30.000000,0.000000,2.000000,1.000000,5.000000,357.631161,335.842720,-858.904785
30.000000,90.000000,1.000000,0.000000,1.000000,357.631972,326.813062,-843.439417
30.000000,90.000000,1.000000,0.000000,2.000000,357.631044,302.415512,-849.982839
30.000000,90.000000,1.000000,0.000000,3.000000,357.631972,333.529205,-867.946250
30.000000,90.000000,1.000000,0.000000,4.000000,375.517273,317.880861,-858.911675
30.000000,90.000000,1.000000,0.000000,5.000000,339.630005,317.880861,-858.911675
30.000000,90.000000,2.000000,1.000000,1.000000,357.573638,326.907139,-843.486588
30.000000,90.000000,2.000000,1.000000,2.000000,357.573638,302.415929,-849.975843
30.000000,90.000000,2.000000,1.000000,3.000000,357.573639,333.529463,-867.939255
30.000000,90.000000,2.000000,1.000000,4.000000,375.518106,317.974938,-858.958846
30.000000,90.000000,2.000000,1.000000,5.000000,339.629171,317.974938,-858.958846
30.000000,180.000000,1.000000,0.000000,1.000000,348.628690,317.972890,-843.466046
30.000000,180.000000,1.000000,0.000000,2.000000,373.133293,317.974744,-849.947384
30.000000,180.000000,1.000000,0.000000,3.000000,342.038120,317.972890,-867.900379
30.000000,180.000000,1.000000,0.000000,4.000000,357.562488,335.836523,-858.937377
30.000000,180.000000,1.000000,0.000000,5.000000,357.560891,299.893424,-858.938304
30.000000,180.000000,2.000000,1.000000,1.000000,348.651472,317.864974,-843.450565
30.000000,180.000000,2.000000,1.000000,2.000000,373.133146,317.864974,-849.945329
30.000000,180.000000,2.000000,1.000000,3.000000,342.029148,317.864974,-867.903231
30.000000,180.000000,2.000000,1.000000,4.000000,357.585270,335.836107,-858.921895
30.000000,180.000000,2.000000,1.000000,5.000000,357.583673,299.893007,-858.922822
30.000000,270.000000,1.000000,0.000000,1.000000,357.583736,308.949400,-843.482408
30.000000,270.000000,1.000000,0.000000,2.000000,357.585591,333.630733,-849.862080
30.000000,270.000000,1.000000,0.000000,3.000000,357.585590,302.552562,-867.805075
30.000000,270.000000,1.000000,0.000000,4.000000,339.566123,317.881921,-858.954666
30.000000,270.000000,1.000000,0.000000,5.000000,375.490422,317.881122,-858.954666
30.000000,270.000000,2.000000,1.000000,1.000000,357.525491,309.158898,-843.363661
30.000000,270.000000,2.000000,1.000000,2.000000,357.525491,333.627736,-849.865832
30.000000,270.000000,2.000000,1.000000,3.000000,357.528272,302.557982,-867.804244
30.000000,270.000000,2.000000,1.000000,4.000000,339.559544,318.091418,-858.835918
30.000000,270.000000,2.000000,1.000000,5.000000,375.500979,318.093015,-858.834991
-30.000000,0.000000,1.000000,0.000000,1.000000,348.618462,318.092538,-843.403715
-30.000000,0.000000,1.000000,0.000000,2.000000,341.990363,318.092538,-867.859712
-30.000000,0.000000,1.000000,0.000000,3.000000,373.091475,318.092538,-849.903477
-30.000000,0.000000,1.000000,0.000000,4.000000,357.552263,300.009737,-858.875050
-30.000000,0.000000,1.000000,0.000000,5.000000,357.552263,335.935338,-858.875050
-30.000000,0.000000,2.000000,1.000000,1.000000,348.605810,317.972538,-843.406763
-30.000000,0.000000,2.000000,1.000000,2.000000,341.989258,317.972538,-867.856094
-30.000000,0.000000,2.000000,1.000000,3.000000,373.093256,317.972538,-849.898192
-30.000000,0.000000,2.000000,1.000000,4.000000,357.539611,300.012237,-858.878098
-30.000000,0.000000,2.000000,1.000000,5.000000,357.539611,335.937005,-858.878098
-30.000000,90.000000,1.000000,0.000000,1.000000,357.539515,309.009464,-843.352270
-30.000000,90.000000,1.000000,0.000000,2.000000,357.539514,302.500444,-867.739517
-30.000000,90.000000,1.000000,0.000000,3.000000,357.539514,333.572687,-849.799949
-30.000000,90.000000,1.000000,0.000000,4.000000,375.537316,317.943265,-858.823605
-30.000000,90.000000,1.000000,0.000000,5.000000,339.648381,317.943265,-858.823605
-30.000000,90.000000,2.000000,1.000000,1.000000,357.592848,309.103956,-843.299232
-30.000000,90.000000,2.000000,1.000000,2.000000,357.592848,302.498230,-867.742312
-30.000000,90.000000,2.000000,1.000000,3.000000,357.592849,333.574240,-849.800574
-30.000000,90.000000,2.000000,1.000000,4.000000,375.535649,318.037757,-858.770567
-30.000000,90.000000,2.000000,1.000000,5.000000,339.645881,318.036156,-858.771487
-30.000000,180.000000,1.000000,0.000000,1.000000,366.523488,318.035677,-843.298369
-30.000000,180.000000,1.000000,0.000000,2.000000,373.219987,318.034757,-867.793950
-30.000000,180.000000,1.000000,0.000000,3.000000,342.110536,318.036596,-849.832715
-30.000000,180.000000,1.000000,0.000000,4.000000,357.590008,335.990317,-858.769704
-30.000000,180.000000,1.000000,0.000000,5.000000,357.589366,300.046038,-858.769704
-30.000000,180.000000,2.000000,1.000000,1.000000,366.601108,318.020016,-843.337779
-30.000000,180.000000,2.000000,1.000000,2.000000,373.223433,318.020016,-867.790443
-30.000000,180.000000,2.000000,1.000000,3.000000,342.113103,318.021855,-849.828705
-30.000000,180.000000,2.000000,1.000000,4.000000,357.667467,335.993736,-858.809114
-30.000000,180.000000,2.000000,1.000000,5.000000,357.668587,300.050377,-858.810034
-30.000000,270.000000,1.000000,0.000000,1.000000,357.667228,326.926415,-843.383618
-30.000000,270.000000,1.000000,0.000000,2.000000,357.665389,333.577207,-867.852532
-30.000000,270.000000,1.000000,0.000000,3.000000,357.667228,302.464228,-849.889631
-30.000000,270.000000,1.000000,0.000000,4.000000,339.603422,317.994536,-858.855873
-30.000000,270.000000,1.000000,0.000000,5.000000,375.542356,317.992935,-858.854953
-30.000000,270.000000,2.000000,1.000000,1.000000,357.572889,326.956619,-843.394876
-30.000000,270.000000,2.000000,1.000000,2.000000,357.570131,333.580869,-867.848373
-30.000000,270.000000,2.000000,1.000000,3.000000,357.575647,302.467248,-849.885472
-30.000000,270.000000,2.000000,1.000000,4.000000,339.604830,318.023300,-858.866211
-30.000000,270.000000,2.000000,1.000000,5.000000,375.540948,318.023938,-858.867131
0.000000,0.000000,1.000000,0.000000,1.000000,357.572889,318.023839,-841.060663
0.000000,0.000000,1.000000,0.000000,2.000000,339.625922,318.023839,-858.926130
0.000000,0.000000,1.000000,0.000000,3.000000,375.514856,318.023839,-858.926130
0.000000,0.000000,1.000000,0.000000,4.000000,357.572889,300.001039,-858.926130
0.000000,0.000000,1.000000,0.000000,5.000000,357.572889,335.929139,-858.926130
0.000000,0.000000,2.000000,1.000000,1.000000,357.570389,317.965089,-841.059997
0.000000,0.000000,2.000000,1.000000,2.000000,339.628422,317.965089,-858.925464
0.000000,0.000000,2.000000,1.000000,3.000000,375.515689,317.965089,-858.925464
0.000000,0.000000,2.000000,1.000000,4.000000,357.570389,299.999789,-858.925464
0.000000,0.000000,2.000000,1.000000,5.000000,357.570389,335.932056,-858.925464
50.000000,0.000000,1.000000,0.000000,1.000000,371.310064,317.965505,-847.398546
50.000000,0.000000,1.000000,0.000000,2.000000,346.122874,317.965505,-845.175351
50.000000,0.000000,1.000000,0.000000,3.000000,369.187926,317.965505,-872.663210
50.000000,0.000000,1.000000,0.000000,4.000000,357.623796,299.848538,-858.881617
50.000000,0.000000,1.000000,0.000000,5.000000,357.624980,335.773305,-858.883034
50.000000,0.000000,2.000000,1.000000,1.000000,371.334872,317.810922,-847.442180
50.000000,0.000000,2.000000,1.000000,2.000000,346.118869,317.810921,-845.184654
50.000000,0.000000,2.000000,1.000000,3.000000,369.180707,317.810921,-872.668682
50.000000,0.000000,2.000000,1.000000,4.000000,357.648604,299.848121,-858.925251
50.000000,0.000000,2.000000,1.000000,5.000000,357.648604,335.772889,-858.925251
50.000000,90.000000,1.000000,0.000000,1.000000,357.646360,331.541668,-847.402981
50.000000,90.000000,1.000000,0.000000,2.000000,357.646360,306.398938,-845.232771
50.000000,90.000000,1.000000,0.000000,3.000000,357.646360,329.491421,-872.753327
50.000000,90.000000,1.000000,0.000000,4.000000,375.469994,317.856584,-858.887469
50.000000,90.000000,1.000000,0.000000,5.000000,339.580226,317.855401,-858.886052
50.000000,90.000000,2.000000,1.000000,1.000000,357.525110,331.634321,-847.505424
50.000000,90.000000,2.000000,1.000000,2.000000,357.525110,306.399035,-845.224917
50.000000,90.000000,2.000000,1.000000,3.000000,357.525110,329.491941,-872.745971
50.000000,90.000000,2.000000,1.000000,4.000000,375.471244,317.949237,-858.989912
50.000000,90.000000,2.000000,1.000000,5.000000,339.579809,317.948053,-858.988495
50.000000,180.000000,1.000000,0.000000,1.000000,343.734037,317.947066,-847.413993
50.000000,180.000000,1.000000,0.000000,2.000000,368.910938,317.947067,-845.203068
50.000000,180.000000,1.000000,0.000000,3.000000,345.843207,317.947067,-872.694119
50.000000,180.000000,1.000000,0.000000,4.000000,357.420305,335.784866,-858.897064
50.000000,180.000000,1.000000,0.000000,5.000000,357.420305,299.841766,-858.897064
50.000000,180.000000,2.000000,1.000000,1.000000,343.687929,317.813316,-847.460967
50.000000,180.000000,2.000000,1.000000,2.000000,368.905652,317.813316,-845.201385
50.000000,180.000000,2.000000,1.000000,3.000000,345.835242,317.813316,-872.695628
50.000000,180.000000,2.000000,1.000000,4.000000,357.374197,335.783616,-858.944038
50.000000,180.000000,2.000000,1.000000,5.000000,357.373013,299.843016,-858.945455
50.000000,270.000000,1.000000,0.000000,1.000000,357.369191,304.312813,-847.617556
50.000000,270.000000,1.000000,0.000000,2.000000,357.372026,329.781541,-845.059217
50.000000,270.000000,1.000000,0.000000,3.000000,357.366356,306.725917,-872.535087
50.000000,270.000000,1.000000,0.000000,4.000000,339.423057,317.997897,-859.102044
50.000000,270.000000,1.000000,0.000000,5.000000,375.353993,317.998216,-859.102044
50.000000,270.000000,2.000000,1.000000,1.000000,357.385690,304.558616,-847.307194
50.000000,270.000000,2.000000,1.000000,2.000000,357.388525,329.770229,-845.055273
50.000000,270.000000,2.000000,1.000000,3.000000,357.382855,306.716324,-872.529088
50.000000,270.000000,2.000000,1.000000,4.000000,339.411309,318.245362,-858.790265
50.000000,270.000000,2.000000,1.000000,5.000000,375.350905,318.244405,-858.790265
-50.000000,0.000000,1.000000,0.000000,1.000000,343.692431,318.244080,-847.304476
-50.000000,0.000000,1.000000,0.000000,2.000000,345.845521,318.244081,-872.532252
-50.000000,0.000000,1.000000,0.000000,3.000000,368.928905,318.244080,-845.022554
-50.000000,0.000000,1.000000,0.000000,4.000000,357.378702,299.995447,-858.787550
-50.000000,0.000000,1.000000,0.000000,5.000000,357.377512,335.921048,-858.788962
-50.000000,0.000000,2.000000,1.000000,1.000000,343.701904,317.958247,-847.292995
-50.000000,0.000000,2.000000,1.000000,2.000000,345.839996,317.958247,-872.538645
-50.000000,0.000000,2.000000,1.000000,3.000000,368.928081,317.958247,-845.023337
-50.000000,0.000000,2.000000,1.000000,4.000000,357.386985,299.991280,-858.777480
-50.000000,0.000000,2.000000,1.000000,5.000000,357.388175,335.926880,-858.776068
-50.000000,90.000000,1.000000,0.000000,1.000000,357.384398,304.356591,-847.366592
-50.000000,90.000000,1.000000,0.000000,2.000000,357.384398,306.719241,-872.344630
-50.000000,90.000000,1.000000,0.000000,3.000000,357.384398,329.773044,-844.870177
-50.000000,90.000000,1.000000,0.000000,4.000000,375.448031,318.041671,-858.851077
-50.000000,90.000000,1.000000,0.000000,5.000000,339.560764,318.042861,-858.849665
-50.000000,90.000000,2.000000,1.000000,1.000000,357.504398,304.550619,-847.114423
-50.000000,90.000000,2.000000,1.000000,2.000000,357.504397,306.706387,-872.339008
-50.000000,90.000000,2.000000,1.000000,3.000000,357.504398,329.761916,-844.862504
-50.000000,90.000000,2.000000,1.000000,4.000000,375.454698,318.235699,-858.598909
-50.000000,90.000000,2.000000,1.000000,5.000000,339.560764,318.235699,-858.598909
-50.000000,180.000000,1.000000,0.000000,1.000000,371.229676,318.234926,-847.083284
-50.000000,180.000000,1.000000,0.000000,2.000000,369.175563,318.234926,-872.429024
-50.000000,180.000000,1.000000,0.000000,3.000000,346.125628,318.234925,-844.959175
-50.000000,180.000000,1.000000,0.000000,4.000000,357.544595,336.015226,-858.567769
-50.000000,180.000000,1.000000,0.000000,5.000000,357.543405,300.072126,-858.566357
-50.000000,180.000000,2.000000,1.000000,1.000000,371.340373,318.043676,-847.205941
-50.000000,180.000000,2.000000,1.000000,2.000000,369.185140,318.043676,-872.431164
-50.000000,180.000000,2.000000,1.000000,3.000000,346.129611,318.043676,-844.954660
-50.000000,180.000000,2.000000,1.000000,4.000000,357.654102,336.019810,-858.689014
-50.000000,180.000000,2.000000,1.000000,5.000000,357.654102,300.063376,-858.689014
-50.000000,270.000000,1.000000,0.000000,1.000000,357.652916,331.638806,-847.284029
-50.000000,270.000000,1.000000,0.000000,2.000000,357.650092,329.504666,-872.534013
-50.000000,270.000000,1.000000,0.000000,3.000000,357.655739,306.402547,-845.002745
-50.000000,270.000000,1.000000,0.000000,4.000000,339.542105,317.953404,-858.768514
-50.000000,270.000000,1.000000,0.000000,5.000000,375.481873,317.953404,-858.768514
-50.000000,270.000000,2.000000,1.000000,1.000000,357.509166,331.642982,-847.283239
-50.000000,270.000000,2.000000,1.000000,2.000000,357.506343,329.506282,-872.530166
-50.000000,270.000000,2.000000,1.000000,3.000000,357.511989,306.405651,-845.000678
-50.000000,270.000000,2.000000,1.000000,4.000000,339.545210,317.958222,-858.767724
-50.000000,270.000000,2.000000,1.000000,5.000000,375.470623,317.956390,-858.766312
0.000000,0.000000,1.000000,0.000000,1.000000,357.508541,317.956636,-841.062586
0.000000,0.000000,1.000000,0.000000,2.000000,339.603241,317.956636,-858.928053
0.000000,0.000000,1.000000,0.000000,3.000000,375.510508,317.956636,-858.928053
0.000000,0.000000,1.000000,0.000000,4.000000,357.508541,299.998836,-858.928053
0.000000,0.000000,1.000000,0.000000,5.000000,357.508541,335.925270,-858.928053
0.000000,0.000000,2.000000,1.000000,1.000000,357.556875,317.962053,-841.062753
0.000000,0.000000,2.000000,1.000000,2.000000,339.621574,317.962053,-858.928220
0.000000,0.000000,2.000000,1.000000,3.000000,375.493009,317.962053,-858.928220
0.000000,0.000000,2.000000,1.000000,4.000000,357.556875,300.002586,-858.928220
0.000000,0.000000,2.000000,1.000000,5.000000,357.556875,335.933187,-858.928220
0.000000,0.000000,1.000000,0.000000,1.000000,357.556875,317.962053,-841.060420
0.000000,0.000000,1.000000,0.000000,2.000000,339.599908,317.962053,-858.925887
0.000000,0.000000,1.000000,0.000000,3.000000,375.493008,317.962053,-858.925887
0.000000,0.000000,1.000000,0.000000,4.000000,357.556874,300.011753,-858.925887
0.000000,0.000000,1.000000,0.000000,5.000000,357.556874,335.930687,-858.925887
0.000000,0.000000,2.000000,1.000000,1.000000,357.546458,317.971220,-841.061419
0.000000,0.000000,2.000000,1.000000,2.000000,339.599491,317.971220,-858.926886
0.000000,0.000000,2.000000,1.000000,3.000000,375.492592,317.971220,-858.926886
0.000000,0.000000,2.000000,1.000000,4.000000,357.546458,300.012586,-858.926886
0.000000,0.000000,2.000000,1.000000,5.000000,357.546458,335.939853,-858.926886
0.000000,90.000000,1.000000,0.000000,1.000000,357.546254,317.973880,-841.044920
0.000000,90.000000,1.000000,0.000000,2.000000,357.546253,299.928579,-858.910387
0.000000,90.000000,1.000000,0.000000,3.000000,357.546253,335.883347,-858.910387
0.000000,90.000000,1.000000,0.000000,4.000000,375.566554,317.973880,-858.910387
0.000000,90.000000,1.000000,0.000000,5.000000,339.695120,317.973880,-858.910387
0.000000,90.000000,2.000000,1.000000,1.000000,357.630837,317.905963,-841.041753
0.000000,90.000000,2.000000,1.000000,2.000000,357.630837,299.928163,-858.907220
0.000000,90.000000,2.000000,1.000000,3.000000,357.630837,335.882097,-858.907220
0.000000,90.000000,2.000000,1.000000,4.000000,375.567804,317.905963,-858.907220
0.000000,90.000000,2.000000,1.000000,5.000000,339.675537,317.905963,-858.907220
0.000000,0.000000,1.000000,0.000000,1.000000,357.286097,318.384502,-841.068085
0.000000,0.000000,1.000000,0.000000,2.000000,339.600797,318.384502,-858.933552
0.000000,0.000000,1.000000,0.000000,3.000000,375.485564,318.384502,-858.933552
0.000000,0.000000,1.000000,0.000000,4.000000,357.286097,300.008368,-858.933552
0.000000,0.000000,1.000000,0.000000,5.000000,357.286097,335.937302,-858.933552
0.000000,0.000000,2.000000,1.000000,1.000000,357.543181,317.972835,-841.059085
0.000000,0.000000,2.000000,1.000000,2.000000,339.598714,317.972835,-858.924552
0.000000,0.000000,2.000000,1.000000,3.000000,375.491815,317.972835,-858.924552
0.000000,0.000000,2.000000,1.000000,4.000000,357.543181,300.012535,-858.924552
0.000000,0.000000,2.000000,1.000000,5.000000,357.543181,335.938136,-858.924552
0.000000,90.000000,1.000000,0.000000,1.000000,357.544214,317.973765,-841.045085
0.000000,90.000000,1.000000,0.000000,2.000000,357.544214,299.928465,-858.910552
0.000000,90.000000,1.000000,0.000000,3.000000,357.544214,335.888232,-858.910552
0.000000,90.000000,1.000000,0.000000,4.000000,375.584514,317.973765,-858.910552
0.000000,90.000000,1.000000,0.000000,5.000000,339.692246,317.973765,-858.910552
0.000000,90.000000,2.000000,1.000000,1.000000,357.638380,317.908349,-841.041918
0.000000,90.000000,2.000000,1.000000,2.000000,357.638380,299.925548,-858.907385
0.000000,90.000000,2.000000,1.000000,3.000000,357.638380,335.866149,-858.907385
0.000000,90.000000,2.000000,1.000000,4.000000,375.585348,317.908349,-858.907385
0.000000,90.000000,2.000000,1.000000,5.000000,339.673080,317.908349,-858.907385
0.000000,180.000000,1.000000,0.000000,1.000000,357.633797,317.902099,-841.025418
0.000000,180.000000,1.000000,0.000000,2.000000,375.604258,317.902094,-858.890885
0.000000,180.000000,1.000000,0.000000,3.000000,339.721670,317.902103,-858.890885
0.000000,180.000000,1.000000,0.000000,4.000000,357.634117,335.924057,-858.890885
0.000000,180.000000,1.000000,0.000000,5.000000,357.633477,299.996807,-858.890885
0.000000,180.000000,2.000000,1.000000,1.000000,357.663284,317.960423,-841.024752
0.000000,180.000000,2.000000,1.000000,2.000000,375.602431,317.960432,-858.890219
0.000000,180.000000,2.000000,1.000000,3.000000,339.723303,317.960414,-858.890219
0.000000,180.000000,2.000000,1.000000,4.000000,357.663444,335.922386,-858.890219
0.000000,180.000000,2.000000,1.000000,5.000000,357.662964,299.997632,-858.890219
0.000000,270.000000,1.000000,0.000000,1.000000,357.663027,317.959896,-841.038252
0.000000,270.000000,1.000000,0.000000,2.000000,357.663036,336.009683,-858.903719
0.000000,270.000000,1.000000,0.000000,3.000000,357.663027,300.057929,-858.903719
0.000000,270.000000,1.000000,0.000000,4.000000,339.631902,317.960216,-858.903719
0.000000,270.000000,1.000000,0.000000,5.000000,375.588336,317.960216,-858.903719
0.000000,270.000000,2.000000,1.000000,1.000000,357.610123,318.033966,-841.036752
0.000000,270.000000,2.000000,1.000000,2.000000,357.610132,336.012920,-858.902219
0.000000,270.000000,2.000000,1.000000,3.000000,357.610127,300.045492,-858.902219
0.000000,270.000000,2.000000,1.000000,4.000000,339.630656,318.033966,-858.902219
0.000000,270.000000,2.000000,1.000000,5.000000,375.587081,318.033646,-858.902219
0.000000,0.000000,1.000000,0.000000,1.000000,357.609499,318.031506,-841.059418
0.000000,0.000000,1.000000,0.000000,2.000000,339.614198,318.031506,-858.924885
0.000000,0.000000,1.000000,0.000000,3.000000,375.491466,318.031506,-858.924885
0.000000,0.000000,1.000000,0.000000,4.000000,357.609499,300.009539,-858.924885
0.000000,0.000000,1.000000,0.000000,5.000000,357.609499,335.940973,-858.924885
0.000000,0.000000,2.000000,1.000000,1.000000,357.552832,317.975256,-841.057918
0.000000,0.000000,2.000000,1.000000,2.000000,339.597531,317.975256,-858.923385
0.000000,0.000000,2.000000,1.000000,3.000000,375.488966,317.975256,-858.923385
0.000000,0.000000,2.000000,1.000000,4.000000,357.552832,300.012456,-858.923385
0.000000,0.000000,2.000000,1.000000,5.000000,357.552832,335.940556,-858.923385
10.000000,0.000000,1.000000,0.000000,1.000000,360.650721,317.975882,-841.317755
10.000000,0.000000,1.000000,0.000000,2.000000,339.842977,317.975882,-855.789856
10.000000,0.000000,1.000000,0.000000,3.000000,375.329583,317.975881,-862.047106
10.000000,0.000000,1.000000,0.000000,4.000000,357.548617,299.964748,-858.911842
10.000000,0.000000,1.000000,0.000000,5.000000,357.548617,335.892849,-858.911842
10.000000,0.000000,2.000000,1.000000,1.000000,360.687884,317.928798,-841.329590
10.000000,0.000000,2.000000,1.000000,2.000000,339.842566,317.928798,-855.795069
10.000000,0.000000,2.000000,1.000000,3.000000,375.332278,317.928798,-862.052863
10.000000,0.000000,2.000000,1.000000,4.000000,357.585780,299.965998,-858.923677
10.000000,0.000000,2.000000,1.000000,5.000000,357.583963,335.890766,-858.923352
10.000000,90.000000,1.000000,0.000000,1.000000,357.585496,321.027189,-841.339448
10.000000,90.000000,1.000000,0.000000,2.000000,357.585496,300.208952,-855.809702
10.000000,90.000000,1.000000,0.000000,3.000000,357.585821,335.598702,-862.049842
10.000000,90.000000,1.000000,0.000000,4.000000,375.564963,317.925085,-858.933534
10.000000,90.000000,1.000000,0.000000,5.000000,339.674361,317.923267,-858.933210
10.000000,90.000000,2.000000,1.000000,1.000000,357.619663,321.006008,-841.337610
10.000000,90.000000,2.000000,1.000000,2.000000,357.619662,300.200726,-855.810145
10.000000,90.000000,2.000000,1.000000,3.000000,357.619663,335.594596,-862.051043
10.000000,90.000000,2.000000,1.000000,4.000000,375.566630,317.903904,-858.931697
10.000000,90.000000,2.000000,1.000000,5.000000,339.675196,317.903905,-858.931697
10.000000,180.000000,1.000000,0.000000,1.000000,354.514052,317.900783,-841.315992
10.000000,180.000000,1.000000,0.000000,2.000000,375.411073,317.900783,-855.772355
10.000000,180.000000,1.000000,0.000000,3.000000,339.927766,317.901108,-862.028991
10.000000,180.000000,1.000000,0.000000,4.000000,357.615996,335.881408,-858.910079
10.000000,180.000000,1.000000,0.000000,5.000000,357.616476,299.937333,-858.910079
10.000000,180.000000,2.000000,1.000000,1.000000,354.566919,317.910021,-841.308511
10.000000,180.000000,2.000000,1.000000,2.000000,375.405352,317.910671,-855.775148
10.000000,180.000000,2.000000,1.000000,3.000000,339.923666,317.909371,-862.031639
10.000000,180.000000,2.000000,1.000000,4.000000,357.668543,335.876296,-858.902598
10.000000,180.000000,2.000000,1.000000,5.000000,357.669343,299.944904,-858.902598
10.000000,270.000000,1.000000,0.000000,1.000000,357.667376,314.810617,-841.323131
10.000000,270.000000,1.000000,0.000000,2.000000,357.667051,335.698451,-855.781085
10.000000,270.000000,1.000000,0.000000,3.000000,357.666726,300.326756,-862.018041
10.000000,270.000000,1.000000,0.000000,4.000000,339.618925,317.912401,-858.917217
10.000000,270.000000,1.000000,0.000000,5.000000,375.560360,317.912401,-858.917217
10.000000,270.000000,2.000000,1.000000,1.000000,357.589967,314.910732,-841.308250
10.000000,270.000000,2.000000,1.000000,2.000000,357.590617,335.715336,-855.780964
10.000000,270.000000,2.000000,1.000000,3.000000,357.589317,300.329210,-862.020380
10.000000,270.000000,2.000000,1.000000,4.000000,339.617167,318.012836,-858.902336
10.000000,270.000000,2.000000,1.000000,5.000000,375.562626,318.012356,-858.902336
-10.000000,0.000000,1.000000,0.000000,1.000000,354.491076,318.017435,-841.328204
-10.000000,0.000000,1.000000,0.000000,2.000000,339.827807,318.017435,-862.054804
-10.000000,0.000000,1.000000,0.000000,3.000000,375.312595,318.017435,-855.797879
-10.000000,0.000000,1.000000,0.000000,4.000000,357.593180,299.997134,-858.922290
-10.000000,0.000000,1.000000,0.000000,5.000000,357.593180,335.926902,-858.922290
-10.000000,0.000000,2.000000,1.000000,1.000000,354.467584,317.962018,-841.331704
-10.000000,0.000000,2.000000,1.000000,2.000000,339.829755,317.962018,-862.053819
-10.000000,0.000000,2.000000,1.000000,3.000000,375.314543,317.962018,-855.796893
-10.000000,0.000000,2.000000,1.000000,4.000000,357.569687,299.998385,-858.925790
-10.000000,0.000000,2.000000,1.000000,5.000000,357.569687,335.928152,-858.925790
-10.000000,90.000000,1.000000,0.000000,1.000000,357.571235,314.852775,-841.290722
-10.000000,90.000000,1.000000,0.000000,2.000000,357.571552,300.214143,-862.012954
-10.000000,90.000000,1.000000,0.000000,3.000000,357.571235,335.605357,-855.772552
-10.000000,90.000000,1.000000,0.000000,4.000000,375.564035,317.954878,-858.884808
-10.000000,90.000000,1.000000,0.000000,5.000000,339.670934,317.954878,-858.884808
-10.000000,90.000000,2.000000,1.000000,1.000000,357.617485,314.807858,-841.302231
-10.000000,90.000000,2.000000,1.000000,2.000000,357.617485,300.214346,-862.016531
-10.000000,90.000000,2.000000,1.000000,3.000000,357.617485,335.609681,-855.775378
-10.000000,90.000000,2.000000,1.000000,4.000000,375.563618,317.909962,-858.896316
-10.000000,90.000000,2.000000,1.000000,5.000000,339.670517,317.909962,-858.896316
-10.000000,180.000000,1.000000,0.000000,1.000000,360.724540,317.911304,-841.276057
-10.000000,180.000000,1.000000,0.000000,2.000000,375.425400,317.910988,-862.009314
-10.000000,180.000000,1.000000,0.000000,3.000000,339.935028,317.911304,-855.751375
-10.000000,180.000000,1.000000,0.000000,4.000000,357.622436,335.930771,-858.870143
-10.000000,180.000000,1.000000,0.000000,5.000000,357.622436,299.990170,-858.870143
-10.000000,180.000000,2.000000,1.000000,1.000000,360.782689,317.960470,-841.286514
-10.000000,180.000000,2.000000,1.000000,2.000000,375.428725,317.960470,-862.010076
-10.000000,180.000000,2.000000,1.000000,3.000000,339.934909,317.960470,-855.751558
-10.000000,180.000000,2.000000,1.000000,4.000000,357.680586,335.929104,-858.880600
-10.000000,180.000000,2.000000,1.000000,5.000000,357.680586,299.992670,-858.880600
-10.000000,270.000000,1.000000,0.000000,1.000000,357.680568,321.059710,-841.308229
-10.000000,270.000000,1.000000,0.000000,2.000000,357.681201,335.704604,-862.031646
-10.000000,270.000000,1.000000,0.000000,3.000000,357.679936,300.309910,-855.790493
-10.000000,270.000000,1.000000,0.000000,4.000000,339.646302,317.957926,-858.902315
-10.000000,270.000000,1.000000,0.000000,5.000000,375.585236,317.957926,-858.902315
-10.000000,270.000000,2.000000,1.000000,1.000000,357.616402,321.109699,-841.315612
-10.000000,270.000000,2.000000,1.000000,2.000000,357.617035,335.711097,-862.031359
-10.000000,270.000000,2.000000,1.000000,3.000000,357.616718,300.309357,-855.789049
-10.000000,270.000000,2.000000,1.000000,4.000000,339.644951,318.005936,-858.909381
-10.000000,270.000000,2.000000,1.000000,5.000000,375.584403,318.007915,-858.909697
0.000000,0.000000,1.000000,0.000000,1.000000,357.615777,318.008576,-841.058738
0.000000,0.000000,1.000000,0.000000,2.000000,339.605476,318.008576,-858.924205
0.000000,0.000000,1.000000,0.000000,3.000000,375.517744,318.008576,-858.924205
0.000000,0.000000,1.000000,0.000000,4.000000,357.615777,300.013276,-858.924205
0.000000,0.000000,1.000000,0.000000,5.000000,357.615777,335.938043,-858.924205
0.000000,0.000000,2.000000,1.000000,1.000000,357.561610,317.975660,-841.057238
0.000000,0.000000,2.000000,1.000000,2.000000,339.608809,317.975660,-858.922705
0.000000,0.000000,2.000000,1.000000,3.000000,375.499410,317.975660,-858.922705
0.000000,0.000000,2.000000,1.000000,4.000000,357.561610,300.010359,-858.922705
0.000000,0.000000,2.000000,1.000000,5.000000,357.561610,335.937627,-858.922705
30.000000,0.000000,1.000000,0.000000,1.000000,366.505954,317.974827,-843.421688
30.000000,0.000000,1.000000,0.000000,2.000000,342.041600,317.974826,-849.926453
30.000000,0.000000,1.000000,0.000000,3.000000,373.159311,317.974826,-867.892271
30.000000,0.000000,1.000000,0.000000,4.000000,357.573753,299.915360,-858.893946
30.000000,0.000000,1.000000,0.000000,5.000000,357.573753,335.848460,-858.893946
30.000000,0.000000,2.000000,1.000000,1.000000,366.541398,317.881910,-843.424427
30.000000,0.000000,2.000000,1.000000,2.000000,342.053075,317.881910,-849.915349
30.000000,0.000000,2.000000,1.000000,3.000000,373.167330,317.881909,-867.879177
30.000000,0.000000,2.000000,1.000000,4.000000,357.609197,299.916609,-858.896684
30.000000,0.000000,2.000000,1.000000,5.000000,357.607600,335.846377,-858.895758
30.000000,90.000000,1.000000,0.000000,1.000000,357.611154,326.808032,-843.433975
30.000000,90.000000,1.000000,0.000000,2.000000,357.612082,302.401573,-849.972073
30.000000,90.000000,1.000000,0.000000,3.000000,357.611154,333.505411,-867.929975
30.000000,90.000000,1.000000,0.000000,4.000000,375.518121,317.874234,-858.905306
30.000000,90.000000,1.000000,0.000000,5.000000,339.627521,317.875831,-858.906232
30.000000,90.000000,2.000000,1.000000,1.000000,357.572820,326.886567,-843.476022
30.000000,90.000000,2.000000,1.000000,2.000000,357.572820,302.398398,-849.967037
30.000000,90.000000,2.000000,1.000000,3.000000,357.572820,333.515386,-867.932438
30.000000,90.000000,2.000000,1.000000,4.000000,375.518953,317.952769,-858.947353
30.000000,90.000000,2.000000,1.000000,5.000000,339.626686,317.952769,-858.947353
30.000000,180.000000,1.000000,0.000000,1.000000,348.624219,317.955758,-843.450621
30.000000,180.000000,1.000000,0.000000,2.000000,373.132347,317.953903,-849.930292
30.000000,180.000000,1.000000,0.000000,3.000000,342.027556,317.957612,-867.888287
30.000000,180.000000,1.000000,0.000000,4.000000,357.557698,335.825412,-858.921951
30.000000,180.000000,1.000000,0.000000,5.000000,357.558336,299.881936,-858.921951
30.000000,180.000000,2.000000,1.000000,1.000000,348.646350,317.854601,-843.437346
30.000000,180.000000,2.000000,1.000000,2.000000,373.130663,317.852746,-849.930768
30.000000,180.000000,2.000000,1.000000,3.000000,342.022826,317.857383,-867.890430
30.000000,180.000000,2.000000,1.000000,4.000000,357.578552,335.829069,-858.909604
30.000000,180.000000,2.000000,1.000000,5.000000,357.578871,299.890780,-858.909604
30.000000,270.000000,1.000000,0.000000,1.000000,357.578655,308.950879,-843.484346
30.000000,270.000000,1.000000,0.000000,2.000000,357.577728,333.635188,-849.862027
30.000000,270.000000,1.000000,0.000000,3.000000,357.577728,302.557171,-867.804929
30.000000,270.000000,1.000000,0.000000,4.000000,339.555115,317.884837,-858.955676
30.000000,270.000000,1.000000,0.000000,5.000000,375.491455,317.883080,-858.956603
30.000000,270.000000,2.000000,1.000000,1.000000,357.521431,309.158708,-843.355107
30.000000,270.000000,2.000000,1.000000,2.000000,357.519577,333.635887,-849.852278
30.000000,270.000000,2.000000,1.000000,3.000000,357.520503,302.561484,-867.793190
30.000000,270.000000,2.000000,1.000000,4.000000,339.554276,318.090590,-858.827364
30.000000,270.000000,2.000000,1.000000,5.000000,375.494512,318.091388,-858.827364
-30.000000,0.000000,1.000000,0.000000,1.000000,348.610857,318.094837,-843.391353
-30.000000,0.000000,1.000000,0.000000,2.000000,341.966160,318.094837,-867.856933
-30.000000,0.000000,1.000000,0.000000,3.000000,373.068715,318.094837,-849.899865
-30.000000,0.000000,1.000000,0.000000,4.000000,357.543057,300.001204,-858.863608
-30.000000,0.000000,1.000000,0.000000,5.000000,357.543057,335.930138,-858.863608
-30.000000,0.000000,2.000000,1.000000,1.000000,348.584828,317.965671,-843.407898
-30.000000,0.000000,2.000000,1.000000,2.000000,341.964668,317.965671,-867.859312
-30.000000,0.000000,2.000000,1.000000,3.000000,373.073154,317.965670,-849.898824
-30.000000,0.000000,2.000000,1.000000,4.000000,357.517028,300.001204,-858.880153
-30.000000,0.000000,2.000000,1.000000,5.000000,357.518629,335.930137,-858.879233
-30.000000,90.000000,1.000000,0.000000,1.000000,357.517450,309.001972,-843.354751
-30.000000,90.000000,1.000000,0.000000,2.000000,357.516531,302.492390,-867.742415
-30.000000,90.000000,1.000000,0.000000,3.000000,357.517450,333.560865,-849.804930
-30.000000,90.000000,1.000000,0.000000,4.000000,375.533585,317.935773,-858.826086
-30.000000,90.000000,1.000000,0.000000,5.000000,339.641317,317.935773,-858.826086
-30.000000,90.000000,2.000000,1.000000,1.000000,357.587451,309.094767,-843.300774
-30.000000,90.000000,2.000000,1.000000,2.000000,357.587452,302.492807,-867.741684
-30.000000,90.000000,2.000000,1.000000,3.000000,357.587451,333.564171,-849.802619
-30.000000,90.000000,2.000000,1.000000,4.000000,375.532752,318.026966,-858.773028
-30.000000,90.000000,2.000000,1.000000,5.000000,339.640484,318.026966,-858.773028
-30.000000,180.000000,1.000000,0.000000,1.000000,366.520126,318.027728,-843.297559
-30.000000,180.000000,1.000000,0.000000,2.000000,373.217186,318.025889,-867.793557
-30.000000,180.000000,1.000000,0.000000,3.000000,342.105169,318.029567,-849.830655
-30.000000,180.000000,1.000000,0.000000,4.000000,357.586004,335.982023,-858.768895
-30.000000,180.000000,1.000000,0.000000,5.000000,357.588247,300.038433,-858.769814
-30.000000,180.000000,2.000000,1.000000,1.000000,366.596191,318.012067,-843.337996
-30.000000,180.000000,2.000000,1.000000,2.000000,373.220120,318.012986,-867.791494
-30.000000,180.000000,2.000000,1.000000,3.000000,342.104735,318.013905,-849.826925
-30.000000,180.000000,2.000000,1.000000,4.000000,357.662069,335.983029,-858.809331
-30.000000,180.000000,2.000000,1.000000,5.000000,357.664312,300.037772,-858.810251
-30.000000,270.000000,1.000000,0.000000,1.000000,357.664648,326.920045,-843.380856
-30.000000,270.000000,1.000000,0.000000,2.000000,357.663728,333.582066,-867.856350
-30.000000,270.000000,1.000000,0.000000,3.000000,357.666487,302.452485,-849.883951
-30.000000,270.000000,1.000000,0.000000,4.000000,339.603342,317.986565,-858.852191
-30.000000,270.000000,1.000000,0.000000,5.000000,375.542363,317.988006,-858.853111
-30.000000,270.000000,2.000000,1.000000,1.000000,357.571013,326.952309,-843.396004
-30.000000,270.000000,2.000000,1.000000,2.000000,357.572852,333.586582,-867.855752
-30.000000,270.000000,2.000000,1.000000,3.000000,357.569175,302.463741,-849.886600
-30.000000,270.000000,2.000000,1.000000,4.000000,339.600627,318.020270,-858.868259
-30.000000,270.000000,2.000000,1.000000,5.000000,375.542808,318.020430,-858.868259
0.000000,0.000000,1.000000,0.000000,1.000000,357.571365,318.022756,-841.060251
0.000000,0.000000,1.000000,0.000000,2.000000,339.591898,318.022756,-858.925718
0.000000,0.000000,1.000000,0.000000,3.000000,375.485833,318.022756,-858.925718
0.000000,0.000000,1.000000,0.000000,4.000000,357.571365,300.000789,-858.925718
0.000000,0.000000,1.000000,0.000000,5.000000,357.571365,335.931390,-858.925718
0.000000,0.000000,2.000000,1.000000,1.000000,357.538865,317.966089,-841.060417
0.000000,0.000000,2.000000,1.000000,2.000000,339.606898,317.966089,-858.925884
0.000000,0.000000,2.000000,1.000000,3.000000,375.504166,317.966089,-858.925884
0.000000,0.000000,2.000000,1.000000,4.000000,357.538865,300.012456,-858.925884
0.000000,0.000000,2.000000,1.000000,5.000000,357.538865,335.926390,-858.925884
50.000000,0.000000,1.000000,0.000000,1.000000,371.283487,317.967756,-847.401109
50.000000,0.000000,1.000000,0.000000,2.000000,346.101653,317.967756,-845.184298
50.000000,0.000000,1.000000,0.000000,3.000000,369.155569,317.967755,-872.658892
50.000000,0.000000,1.000000,0.000000,4.000000,357.597219,299.844122,-858.884180
50.000000,0.000000,1.000000,0.000000,5.000000,357.597219,335.770556,-858.884180
50.000000,0.000000,2.000000,1.000000,1.000000,371.321491,317.807339,-847.433244
50.000000,0.000000,2.000000,1.000000,2.000000,346.108053,317.807339,-845.178769
50.000000,0.000000,2.000000,1.000000,3.000000,369.164648,317.807339,-872.656555
50.000000,0.000000,2.000000,1.000000,4.000000,357.635223,299.842872,-858.916315
50.000000,0.000000,2.000000,1.000000,5.000000,357.635223,335.772639,-858.916315
50.000000,90.000000,1.000000,0.000000,1.000000,357.634369,331.538662,-847.394010
50.000000,90.000000,1.000000,0.000000,2.000000,357.632951,306.393094,-845.220609
50.000000,90.000000,1.000000,0.000000,3.000000,357.634369,329.478237,-872.732227
50.000000,90.000000,1.000000,0.000000,4.000000,375.458002,317.852394,-858.877081
50.000000,90.000000,1.000000,0.000000,5.000000,339.569901,317.852394,-858.877081
50.000000,90.000000,2.000000,1.000000,1.000000,357.513952,331.624123,-847.491778
50.000000,90.000000,2.000000,1.000000,2.000000,357.513951,306.393009,-845.216237
50.000000,90.000000,2.000000,1.000000,3.000000,357.513951,329.477880,-872.727715
50.000000,90.000000,2.000000,1.000000,4.000000,375.459252,317.937855,-858.974849
50.000000,90.000000,2.000000,1.000000,5.000000,339.566984,317.937855,-858.974849
50.000000,180.000000,1.000000,0.000000,1.000000,343.731989,317.935232,-847.408117
50.000000,180.000000,1.000000,0.000000,2.000000,368.924959,317.935232,-845.178041
50.000000,180.000000,1.000000,0.000000,3.000000,345.844644,317.933814,-872.684272
50.000000,180.000000,1.000000,0.000000,4.000000,357.417073,335.776366,-858.892605
50.000000,180.000000,1.000000,0.000000,5.000000,357.418257,299.841598,-858.891188
50.000000,180.000000,2.000000,1.000000,1.000000,343.690506,317.808982,-847.439206
50.000000,180.000000,2.000000,1.000000,2.000000,368.905174,317.807564,-845.183455
50.000000,180.000000,2.000000,1.000000,3.000000,345.827906,317.810400,-872.685498
50.000000,180.000000,2.000000,1.000000,4.000000,357.375749,335.781198,-858.923695
50.000000,180.000000,2.000000,1.000000,5.000000,357.375749,299.844764,-858.923695
50.000000,270.000000,1.000000,0.000000,1.000000,357.368309,304.318232,-847.608931
50.000000,270.000000,1.000000,0.000000,2.000000,357.371144,329.782140,-845.056338
50.000000,270.000000,1.000000,0.000000,3.000000,357.371144,306.727801,-872.531429
50.000000,270.000000,1.000000,0.000000,4.000000,339.404340,318.002997,-859.093419
50.000000,270.000000,1.000000,0.000000,5.000000,375.338275,318.004181,-859.092002
50.000000,270.000000,2.000000,1.000000,1.000000,357.368473,304.568516,-847.308781
50.000000,270.000000,2.000000,1.000000,2.000000,357.371308,329.781624,-845.055085
50.000000,270.000000,2.000000,1.000000,3.000000,357.367056,306.728526,-872.528120
50.000000,270.000000,2.000000,1.000000,4.000000,339.402838,318.254465,-858.791852
50.000000,270.000000,2.000000,1.000000,5.000000,375.344607,318.253600,-858.793269
-50.000000,0.000000,1.000000,0.000000,1.000000,343.690060,318.254554,-847.313370
-50.000000,0.000000,1.000000,0.000000,2.000000,345.847554,318.254553,-872.535904
-50.000000,0.000000,1.000000,0.000000,3.000000,368.919570,318.254553,-845.039746
-50.000000,0.000000,1.000000,0.000000,4.000000,357.376331,299.980086,-858.796443
-50.000000,0.000000,1.000000,0.000000,5.000000,357.376331,335.907354,-858.796443
-50.000000,0.000000,2.000000,1.000000,1.000000,343.682379,317.943720,-847.292507
-50.000000,0.000000,2.000000,1.000000,2.000000,345.824875,317.943720,-872.532915
-50.000000,0.000000,2.000000,1.000000,3.000000,368.910282,317.943720,-845.020798
-50.000000,0.000000,2.000000,1.000000,4.000000,357.368650,299.978420,-858.775580
-50.000000,0.000000,2.000000,1.000000,5.000000,357.367460,335.908188,-858.776992
-50.000000,90.000000,1.000000,0.000000,1.000000,357.366405,304.334330,-847.355906
-50.000000,90.000000,1.000000,0.000000,2.000000,357.367817,306.689737,-872.342378
-50.000000,90.000000,1.000000,0.000000,3.000000,357.366405,329.747987,-844.862818
-50.000000,90.000000,1.000000,0.000000,4.000000,375.461706,318.019410,-858.840391
-50.000000,90.000000,1.000000,0.000000,5.000000,339.573605,318.020600,-858.838979
-50.000000,90.000000,2.000000,1.000000,1.000000,357.517655,304.533050,-847.120178
-50.000000,90.000000,2.000000,1.000000,2.000000,357.517656,306.688938,-872.344627
-50.000000,90.000000,2.000000,1.000000,3.000000,357.517656,329.749705,-844.861875
-50.000000,90.000000,2.000000,1.000000,4.000000,375.462956,318.218131,-858.604663
-50.000000,90.000000,2.000000,1.000000,5.000000,339.567354,318.218131,-858.604663
-50.000000,180.000000,1.000000,0.000000,1.000000,371.231396,318.215903,-847.094372
-50.000000,180.000000,1.000000,0.000000,2.000000,369.176427,318.213080,-872.439473
-50.000000,180.000000,1.000000,0.000000,3.000000,346.126480,318.218727,-844.968851
-50.000000,180.000000,1.000000,0.000000,4.000000,357.545447,335.999860,-858.577446
-50.000000,180.000000,1.000000,0.000000,5.000000,357.545447,300.072593,-858.577446
-50.000000,180.000000,2.000000,1.000000,1.000000,371.350491,318.039050,-847.208503
-50.000000,180.000000,2.000000,1.000000,2.000000,369.187973,318.036226,-872.425427
-50.000000,180.000000,2.000000,1.000000,3.000000,346.141122,318.041873,-844.958499
-50.000000,180.000000,2.000000,1.000000,4.000000,357.663899,336.001527,-858.691576
-50.000000,180.000000,2.000000,1.000000,5.000000,357.664928,300.057014,-858.692988
-50.000000,270.000000,1.000000,0.000000,1.000000,357.661657,331.634249,-847.279492
-50.000000,270.000000,1.000000,0.000000,2.000000,357.658834,329.503442,-872.533441
-50.000000,270.000000,1.000000,0.000000,3.000000,357.664480,306.409239,-845.011614
-50.000000,270.000000,1.000000,0.000000,4.000000,339.542513,317.947657,-858.762565
-50.000000,270.000000,1.000000,0.000000,5.000000,375.484135,317.949490,-858.763977
-50.000000,270.000000,2.000000,1.000000,1.000000,357.510500,331.640693,-847.289190
-50.000000,270.000000,2.000000,1.000000,2.000000,357.513323,329.502280,-872.534841
-50.000000,270.000000,2.000000,1.000000,3.000000,357.513323,306.415683,-845.021312
-50.000000,270.000000,2.000000,1.000000,4.000000,339.543278,317.955452,-858.773675
-50.000000,270.000000,2.000000,1.000000,5.000000,375.479967,317.954423,-858.772263
0.000000,0.000000,1.000000,0.000000,1.000000,357.512473,317.956960,-841.062723
0.000000,0.000000,1.000000,0.000000,2.000000,339.609672,317.956960,-858.928190
0.000000,0.000000,1.000000,0.000000,3.000000,375.477773,317.956960,-858.928190
0.000000,0.000000,1.000000,0.000000,4.000000,357.512473,299.996659,-858.928190
0.000000,0.000000,1.000000,0.000000,5.000000,357.512473,335.918927,-858.928190
0.000000,0.000000,2.000000,1.000000,1.000000,357.543723,317.957793,-841.060389
0.000000,0.000000,2.000000,1.000000,2.000000,339.589256,317.957793,-858.925856
0.000000,0.000000,2.000000,1.000000,3.000000,375.478190,317.957793,-858.925856
0.000000,0.000000,2.000000,1.000000,4.000000,357.543723,300.009159,-858.925856
0.000000,0.000000,2.000000,1.000000,5.000000,357.543723,335.935593,-858.925856
60.000000,0.000000,1.000000,0.000000,1.000000,373.041701,317.965085,-849.974497
60.000000,0.000000,1.000000,0.000000,2.000000,348.599124,317.965085,-843.369650
60.000000,0.000000,1.000000,0.000000,3.000000,366.541939,317.965085,-874.447509
60.000000,0.000000,1.000000,0.000000,4.000000,357.569446,299.789785,-858.906697
60.000000,0.000000,1.000000,0.000000,5.000000,357.569446,335.733719,-858.906697
60.000000,0.000000,2.000000,1.000000,1.000000,373.043398,317.761751,-849.976738
60.000000,0.000000,2.000000,1.000000,2.000000,348.600734,317.761752,-843.371733
60.000000,0.000000,2.000000,1.000000,3.000000,366.542802,317.761752,-874.448307
60.000000,0.000000,2.000000,1.000000,4.000000,357.572063,299.810617,-858.910539
60.000000,0.000000,2.000000,1.000000,5.000000,357.572063,335.736218,-858.910539
60.000000,90.000000,1.000000,0.000000,1.000000,357.573517,333.301231,-849.943438
60.000000,90.000000,1.000000,0.000000,2.000000,357.575119,308.921313,-843.446844
60.000000,90.000000,1.000000,0.000000,3.000000,357.573517,326.874386,-874.542746
60.000000,90.000000,1.000000,0.000000,4.000000,375.461317,317.828977,-858.875637
60.000000,90.000000,1.000000,0.000000,5.000000,339.547383,317.828977,-858.875637
0.000000,0.000000,1.000000,0.000000,1.000000,357.286097,318.384502,-841.071418
0.000000,0.000000,1.000000,0.000000,2.000000,339.614130,318.384502,-858.936885
0.000000,0.000000,1.000000,0.000000,3.000000,375.517231,318.384502,-858.936885
0.000000,0.000000,1.000000,0.000000,4.000000,357.286097,300.005035,-858.936885
0.000000,0.000000,1.000000,0.000000,5.000000,357.286097,335.913969,-858.936885
0.000000,0.000000,2.000000,1.000000,1.000000,357.565680,317.959502,-841.058252
0.000000,0.000000,2.000000,1.000000,2.000000,339.616213,317.959502,-858.923719
0.000000,0.000000,2.000000,1.000000,3.000000,375.505981,317.959502,-858.923719
0.000000,0.000000,2.000000,1.000000,4.000000,357.565680,300.000868,-858.923719
0.000000,0.000000,2.000000,1.000000,5.000000,357.565680,335.928969,-858.923719
60.000000,0.000000,1.000000,0.000000,1.000000,373.054297,317.962210,-849.981460
60.000000,0.000000,1.000000,0.000000,2.000000,348.613299,317.962210,-843.379342
60.000000,0.000000,1.000000,0.000000,3.000000,366.549118,317.962210,-874.445091
60.000000,0.000000,1.000000,0.000000,4.000000,357.582961,299.801076,-858.915261
60.000000,0.000000,1.000000,0.000000,5.000000,357.582042,335.725844,-858.913660
60.000000,0.000000,2.000000,1.000000,1.000000,373.054597,317.763460,-849.977941
60.000000,0.000000,2.000000,1.000000,2.000000,348.611516,317.763460,-843.372215
60.000000,0.000000,2.000000,1.000000,3.000000,366.553584,317.763460,-874.448789
60.000000,0.000000,2.000000,1.000000,4.000000,357.583261,299.805660,-858.911742
60.000000,0.000000,2.000000,1.000000,5.000000,357.582342,335.731261,-858.910141
60.000000,90.000000,1.000000,0.000000,1.000000,357.579472,333.299653,-849.941445
60.000000,90.000000,1.000000,0.000000,2.000000,357.581074,308.925481,-843.454797
60.000000,90.000000,1.000000,0.000000,3.000000,357.579472,326.869057,-874.534258
60.000000,90.000000,1.000000,0.000000,4.000000,375.447273,317.828317,-858.875246
60.000000,90.000000,1.000000,0.000000,5.000000,339.555005,317.827398,-858.873645
0.000000,0.000000,1.000000,0.000000,1.000000,468.486099,324.284502,-841.074689
0.000000,0.000000,1.000000,0.000000,2.000000,451.374965,324.284502,-858.940156
0.000000,0.000000,1.000000,0.000000,3.000000,487.266400,324.284502,-858.940156
0.000000,0.000000,1.000000,0.000000,4.000000,468.486099,306.208368,-858.940156
0.000000,0.000000,1.000000,0.000000,5.000000,468.486099,342.110636,-858.940156
0.000000,0.000000,2.000000,1.000000,1.000000,469.320683,324.159502,-841.046523
0.000000,0.000000,2.000000,1.000000,2.000000,451.376216,324.159502,-858.911990
0.000000,0.000000,2.000000,1.000000,3.000000,487.268483,324.159502,-858.911990
0.000000,0.000000,2.000000,1.000000,4.000000,469.320683,306.185868,-858.911990
0.000000,0.000000,2.000000,1.000000,5.000000,469.320683,342.129802,-858.911990
0.000000,90.000000,1.000000,0.000000,1.000000,469.321516,324.158669,-841.028356
0.000000,90.000000,1.000000,0.000000,2.000000,469.321516,306.118368,-858.893823
0.000000,90.000000,1.000000,0.000000,3.000000,469.321516,342.050636,-858.893823
0.000000,90.000000,1.000000,0.000000,4.000000,487.350150,324.158669,-858.893823
0.000000,90.000000,1.000000,0.000000,5.000000,451.382882,324.158669,-858.893823
0.000000,90.000000,2.000000,1.000000,1.000000,469.366516,324.084502,-841.026023
0.000000,90.000000,2.000000,1.000000,2.000000,469.366516,306.116701,-858.891490
0.000000,90.000000,2.000000,1.000000,3.000000,469.366516,342.047302,-858.891490
0.000000,90.000000,2.000000,1.000000,4.000000,487.350983,324.084502,-858.891490
0.000000,90.000000,2.000000,1.000000,5.000000,451.384549,324.084502,-858.891490
0.000000,180.000000,1.000000,0.000000,1.000000,469.367461,324.083243,-841.015356
0.000000,180.000000,1.000000,0.000000,2.000000,487.397442,324.083252,-858.880823
0.000000,180.000000,1.000000,0.000000,3.000000,451.503667,324.083247,-858.880823
0.000000,180.000000,1.000000,0.000000,4.000000,469.367141,342.129386,-858.880823
0.000000,180.000000,1.000000,0.000000,5.000000,469.367781,306.179600,-858.880823
0.000000,180.000000,2.000000,1.000000,1.000000,469.450875,324.154484,-841.009689
0.000000,180.000000,2.000000,1.000000,2.000000,487.393002,324.154480,-858.875156
0.000000,180.000000,2.000000,1.000000,3.000000,451.500894,324.154475,-858.875156
0.000000,180.000000,2.000000,1.000000,4.000000,469.450715,342.124789,-858.875156
0.000000,180.000000,2.000000,1.000000,5.000000,469.451195,306.182508,-858.875156
0.000000,270.000000,1.000000,0.000000,1.000000,469.448960,324.154383,-841.019022
0.000000,270.000000,1.000000,0.000000,2.000000,469.448956,342.182023,-858.884489
0.000000,270.000000,1.000000,0.000000,3.000000,469.448951,306.252930,-858.884489
0.000000,270.000000,1.000000,0.000000,4.000000,451.428668,324.154703,-858.884489
0.000000,270.000000,1.000000,0.000000,5.000000,487.325090,324.154223,-858.884489
0.000000,270.000000,2.000000,1.000000,1.000000,469.376874,324.217316,-841.016689
0.000000,270.000000,2.000000,1.000000,2.000000,469.376883,342.184603,-858.882156
0.000000,270.000000,2.000000,1.000000,3.000000,469.376883,306.257336,-858.882156
0.000000,270.000000,2.000000,1.000000,4.000000,451.429083,324.217637,-858.882156
0.000000,270.000000,2.000000,1.000000,5.000000,487.326337,324.217156,-858.882156
0.000000,0.000000,1.000000,0.000000,1.000000,469.377297,324.219183,-841.046022
0.000000,0.000000,1.000000,0.000000,2.000000,451.379496,324.219183,-858.911489
0.000000,0.000000,1.000000,0.000000,3.000000,487.270097,324.219183,-858.911489
0.000000,0.000000,1.000000,0.000000,4.000000,469.377296,306.186383,-858.911489
0.000000,0.000000,1.000000,0.000000,5.000000,469.377296,342.131150,-858.911489
0.000000,0.000000,2.000000,1.000000,1.000000,469.324796,324.158767,-841.047022
0.000000,0.000000,2.000000,1.000000,2.000000,451.379496,324.158767,-858.912489
0.000000,0.000000,2.000000,1.000000,3.000000,487.266764,324.158767,-858.912489
0.000000,0.000000,2.000000,1.000000,4.000000,469.324796,306.186800,-858.912489
0.000000,0.000000,2.000000,1.000000,5.000000,469.324796,342.129900,-858.912489
10.000000,0.000000,1.000000,0.000000,1.000000,472.429185,324.158558,-841.303081
10.000000,0.000000,1.000000,0.000000,2.000000,451.598639,324.158558,-855.771164
10.000000,0.000000,1.000000,0.000000,3.000000,487.025980,324.158558,-862.017960
10.000000,0.000000,1.000000,0.000000,4.000000,469.325264,306.176592,-858.896842
10.000000,0.000000,1.000000,0.000000,5.000000,469.325264,342.119693,-858.896842
10.000000,0.000000,2.000000,1.000000,1.000000,472.414493,324.148142,-841.302387
10.000000,0.000000,2.000000,1.000000,2.000000,451.597898,324.148142,-855.772931
10.000000,0.000000,2.000000,1.000000,3.000000,487.022777,324.148142,-862.019293
10.000000,0.000000,2.000000,1.000000,4.000000,469.312389,306.177842,-858.896474
10.000000,0.000000,2.000000,1.000000,5.000000,469.312389,342.119276,-858.896474
10.000000,90.000000,1.000000,0.000000,1.000000,469.311363,327.247206,-841.322994
10.000000,90.000000,1.000000,0.000000,2.000000,469.311038,306.388596,-855.786157
10.000000,90.000000,1.000000,0.000000,3.000000,469.311688,341.789996,-862.028323
10.000000,90.000000,1.000000,0.000000,4.000000,487.347496,324.143284,-858.916756
10.000000,90.000000,1.000000,0.000000,5.000000,451.381896,324.145102,-858.917080
10.000000,90.000000,2.000000,1.000000,1.000000,469.364696,327.191769,-841.313424
10.000000,90.000000,2.000000,1.000000,2.000000,469.364696,306.381739,-855.785125
10.000000,90.000000,2.000000,1.000000,3.000000,469.364696,341.786922,-862.028014
10.000000,90.000000,2.000000,1.000000,4.000000,487.347497,324.089665,-858.907510
10.000000,90.000000,2.000000,1.000000,5.000000,451.380229,324.089665,-858.907510
0.000000,0.000000,1.000000,0.000000,1.000000,468.486099,324.284502,-841.073718
0.000000,0.000000,1.000000,0.000000,2.000000,451.387465,324.284502,-858.939185
0.000000,0.000000,1.000000,0.000000,3.000000,487.276399,324.284502,-858.939185
0.000000,0.000000,1.000000,0.000000,4.000000,468.486099,306.203368,-858.939185
0.000000,0.000000,1.000000,0.000000,5.000000,468.486099,342.105636,-858.939185
0.000000,0.000000,2.000000,1.000000,1.000000,469.331932,324.154502,-841.048051
0.000000,0.000000,2.000000,1.000000,2.000000,451.382465,324.154502,-858.913518
0.000000,0.000000,2.000000,1.000000,3.000000,487.270566,324.154502,-858.913518
0.000000,0.000000,2.000000,1.000000,4.000000,469.331932,306.180868,-858.913518
0.000000,0.000000,2.000000,1.000000,5.000000,469.331932,342.125636,-858.913518
0.000000,90.000000,1.000000,0.000000,1.000000,469.329219,324.153717,-841.030718
0.000000,90.000000,1.000000,0.000000,2.000000,469.329215,306.115757,-858.896185
0.000000,90.000000,1.000000,0.000000,3.000000,469.329219,342.048184,-858.896185
0.000000,90.000000,1.000000,0.000000,4.000000,487.350353,324.153717,-858.896185
0.000000,90.000000,1.000000,0.000000,5.000000,451.388085,324.153717,-858.896185
0.000000,90.000000,2.000000,1.000000,1.000000,469.369219,324.081970,-841.026718
0.000000,90.000000,2.000000,1.000000,2.000000,469.369219,306.113337,-858.892185
0.000000,90.000000,2.000000,1.000000,3.000000,469.369219,342.047271,-858.892185
0.000000,90.000000,2.000000,1.000000,4.000000,487.351187,324.081970,-858.892185
0.000000,90.000000,2.000000,1.000000,5.000000,451.386419,324.081970,-858.892185
0.000000,180.000000,1.000000,0.000000,1.000000,469.368851,324.081141,-841.020218
0.000000,180.000000,1.000000,0.000000,2.000000,487.400498,324.081150,-858.885685
0.000000,180.000000,1.000000,0.000000,3.000000,451.506371,324.081133,-858.885685
0.000000,180.000000,1.000000,0.000000,4.000000,469.369171,342.129766,-858.885685
0.000000,180.000000,1.000000,0.000000,5.000000,469.368531,306.184183,-858.885685
0.000000,180.000000,2.000000,1.000000,1.000000,469.453275,324.156979,-841.014551
0.000000,180.000000,2.000000,1.000000,2.000000,487.398415,324.156984,-858.880018
0.000000,180.000000,2.000000,1.000000,3.000000,451.503294,324.156970,-858.880018
0.000000,180.000000,2.000000,1.000000,4.000000,469.453115,342.125617,-858.880018
0.000000,180.000000,2.000000,1.000000,5.000000,469.452955,306.185854,-858.880018
0.000000,270.000000,1.000000,0.000000,1.000000,469.451949,324.156516,-841.023051
0.000000,270.000000,1.000000,0.000000,2.000000,469.451940,342.181497,-858.888518
0.000000,270.000000,1.000000,0.000000,3.000000,469.451944,306.254389,-858.888518
0.000000,270.000000,1.000000,0.000000,4.000000,451.429982,324.156516,-858.888518
0.000000,270.000000,1.000000,0.000000,5.000000,487.327245,324.156356,-858.888518
0.000000,270.000000,2.000000,1.000000,1.000000,469.378613,324.217943,-841.025718
0.000000,270.000000,2.000000,1.000000,2.000000,469.378622,342.185230,-858.891185
0.000000,270.000000,2.000000,1.000000,3.000000,469.378613,306.258476,-858.891185
0.000000,270.000000,2.000000,1.000000,4.000000,451.429155,324.218263,-858.891185
0.000000,270.000000,2.000000,1.000000,5.000000,487.327238,324.217623,-858.891185
0.000000,0.000000,1.000000,0.000000,1.000000,469.378407,324.219898,-841.050051
0.000000,0.000000,1.000000,0.000000,2.000000,451.380607,324.219898,-858.915518
0.000000,0.000000,1.000000,0.000000,3.000000,487.267874,324.219898,-858.915518
0.000000,0.000000,1.000000,0.000000,4.000000,469.378407,306.190431,-858.915518
0.000000,0.000000,1.000000,0.000000,5.000000,469.378407,342.133532,-858.915518
0.000000,0.000000,2.000000,1.000000,1.000000,469.324240,324.161981,-841.046884
0.000000,0.000000,2.000000,1.000000,2.000000,451.379773,324.161981,-858.912351
0.000000,0.000000,2.000000,1.000000,3.000000,487.268708,324.161981,-858.912351
0.000000,0.000000,2.000000,1.000000,4.000000,469.324240,306.190847,-858.912351
0.000000,0.000000,2.000000,1.000000,5.000000,469.324240,342.132281,-858.912351
10.000000,0.000000,1.000000,0.000000,1.000000,472.428450,324.161773,-841.308687
10.000000,0.000000,1.000000,0.000000,2.000000,451.597727,324.161773,-855.776736
10.000000,0.000000,1.000000,0.000000,3.000000,487.022782,324.161773,-862.023133
10.000000,0.000000,1.000000,0.000000,4.000000,469.326346,306.178139,-858.902774
10.000000,0.000000,1.000000,0.000000,5.000000,469.326346,342.121240,-858.902774
10.000000,0.000000,2.000000,1.000000,1.000000,472.412872,324.149689,-841.305299
10.000000,0.000000,2.000000,1.000000,2.000000,451.600380,324.149689,-855.776566
10.000000,0.000000,2.000000,1.000000,3.000000,487.023618,324.149689,-862.022639
10.000000,0.000000,2.000000,1.000000,4.000000,469.310768,306.179389,-858.899386
10.000000,0.000000,2.000000,1.000000,5.000000,469.310768,342.123323,-858.899386
10.000000,90.000000,1.000000,0.000000,1.000000,469.311708,327.249393,-841.327016
10.000000,90.000000,1.000000,0.000000,2.000000,469.311383,306.386504,-855.789421
10.000000,90.000000,1.000000,0.000000,3.000000,469.311708,341.790382,-862.032055
10.000000,90.000000,1.000000,0.000000,4.000000,487.345342,324.145471,-858.920778
10.000000,90.000000,1.000000,0.000000,5.000000,451.380575,324.147289,-858.921102
10.000000,90.000000,2.000000,1.000000,1.000000,469.362958,327.191207,-841.315269
10.000000,90.000000,2.000000,1.000000,2.000000,469.362958,306.381178,-855.786970
10.000000,90.000000,2.000000,1.000000,3.000000,469.362958,341.788002,-862.030148
10.000000,90.000000,2.000000,1.000000,4.000000,487.347426,324.089103,-858.909355
10.000000,90.000000,2.000000,1.000000,5.000000,451.380991,324.089103,-858.909355
10.000000,180.000000,1.000000,0.000000,1.000000,466.259151,324.087171,-841.294300
10.000000,180.000000,1.000000,0.000000,2.000000,487.173742,324.086845,-855.747588
10.000000,180.000000,1.000000,0.000000,3.000000,451.682873,324.087171,-862.005562
10.000000,180.000000,1.000000,0.000000,4.000000,469.361415,342.117980,-858.888386
10.000000,180.000000,1.000000,0.000000,5.000000,469.361415,306.170712,-858.888386
10.000000,180.000000,2.000000,1.000000,1.000000,466.325688,324.144346,-841.281926
10.000000,180.000000,2.000000,1.000000,2.000000,487.164441,324.144346,-855.748563
10.000000,180.000000,2.000000,1.000000,3.000000,451.672267,324.144346,-862.006791
10.000000,180.000000,2.000000,1.000000,4.000000,469.427792,342.117980,-858.876012
10.000000,180.000000,2.000000,1.000000,5.000000,469.427792,306.171546,-858.876012
10.000000,270.000000,1.000000,0.000000,1.000000,469.422424,321.047053,-841.302400
10.000000,270.000000,1.000000,0.000000,2.000000,469.422424,341.941611,-855.759197
10.000000,270.000000,1.000000,0.000000,3.000000,469.422424,306.533146,-862.002664
10.000000,270.000000,1.000000,0.000000,4.000000,451.409440,324.151294,-858.896162
10.000000,270.000000,1.000000,0.000000,5.000000,487.308741,324.148837,-858.896487
10.000000,270.000000,2.000000,1.000000,1.000000,469.359740,321.135515,-841.288756
10.000000,270.000000,2.000000,1.000000,2.000000,469.359091,341.945401,-855.760422
10.000000,270.000000,2.000000,1.000000,3.000000,469.359090,306.535118,-862.004214
10.000000,270.000000,2.000000,1.000000,4.000000,451.408423,324.237939,-858.882842
10.000000,270.000000,2.000000,1.000000,5.000000,487.308049,324.237459,-858.882842
-10.000000,0.000000,1.000000,0.000000,1.000000,466.258072,324.238979,-841.299432
-10.000000,0.000000,1.000000,0.000000,2.000000,451.552948,324.238979,-862.033412
-10.000000,0.000000,1.000000,0.000000,3.000000,487.073846,324.238979,-855.770119
-10.000000,0.000000,1.000000,0.000000,4.000000,469.360175,306.223679,-858.893517
-10.000000,0.000000,1.000000,0.000000,5.000000,469.360175,342.165947,-858.893517
-10.000000,0.000000,2.000000,1.000000,1.000000,466.210924,324.194813,-841.307949
-10.000000,0.000000,2.000000,1.000000,2.000000,451.554220,324.194813,-862.033392
-10.000000,0.000000,2.000000,1.000000,3.000000,487.070194,324.194813,-855.770967
-10.000000,0.000000,2.000000,1.000000,4.000000,469.313028,306.222846,-858.902035
-10.000000,0.000000,2.000000,1.000000,5.000000,469.313028,342.165113,-858.902035
-10.000000,90.000000,1.000000,0.000000,1.000000,469.312617,321.085556,-841.272181
-10.000000,90.000000,1.000000,0.000000,2.000000,469.312301,306.413420,-862.000373
-10.000000,90.000000,1.000000,0.000000,3.000000,469.312617,341.819263,-855.757339
-10.000000,90.000000,1.000000,0.000000,4.000000,487.346251,324.187660,-858.866266
-10.000000,90.000000,1.000000,0.000000,5.000000,451.382317,324.187660,-858.866266
-10.000000,90.000000,2.000000,1.000000,1.000000,469.364284,321.013577,-841.283384
-10.000000,90.000000,2.000000,1.000000,2.000000,469.364284,306.412679,-861.998987
-10.000000,90.000000,2.000000,1.000000,3.000000,469.364285,341.816398,-855.756360
-10.000000,90.000000,2.000000,1.000000,4.000000,487.345418,324.115680,-858.877470
-10.000000,90.000000,2.000000,1.000000,5.000000,451.381483,324.115680,-858.877470
-10.000000,180.000000,1.000000,0.000000,1.000000,472.469297,324.115110,-841.256356
-10.000000,180.000000,1.000000,0.000000,2.000000,487.140613,324.114794,-861.984403
-10.000000,180.000000,1.000000,0.000000,3.000000,451.715733,324.114794,-855.738041
-10.000000,180.000000,1.000000,0.000000,4.000000,469.367193,342.166244,-858.850441
-10.000000,180.000000,1.000000,0.000000,5.000000,469.367193,306.222310,-858.850441
0.000000,0.000000,1.000000,0.000000,1.000000,468.486099,324.284502,-841.082114
0.000000,0.000000,1.000000,0.000000,2.000000,451.392465,324.284502,-858.947581
0.000000,0.000000,1.000000,0.000000,3.000000,487.285566,324.284502,-858.947581
0.000000,0.000000,1.000000,0.000000,4.000000,468.486099,306.225035,-858.947581
0.000000,0.000000,1.000000,0.000000,5.000000,468.486099,342.127302,-858.947581
0.000000,0.000000,2.000000,1.000000,1.000000,469.339016,324.176169,-841.056447
0.000000,0.000000,2.000000,1.000000,2.000000,451.391215,324.176169,-858.921914
0.000000,0.000000,2.000000,1.000000,3.000000,487.282650,324.176169,-858.921914
0.000000,0.000000,2.000000,1.000000,4.000000,469.339016,306.206702,-858.921914
0.000000,0.000000,2.000000,1.000000,5.000000,469.339016,342.149802,-858.921914
-10.000000,180.000000,1.000000,0.000000,1.000000,472.454293,324.177526,-841.261119
-10.000000,180.000000,1.000000,0.000000,2.000000,487.140541,324.177526,-861.991771
-10.000000,180.000000,1.000000,0.000000,3.000000,451.727293,324.178159,-855.747407
-10.000000,180.000000,1.000000,0.000000,4.000000,469.352029,342.174176,-858.855204
-10.000000,180.000000,1.000000,0.000000,5.000000,469.351868,306.232426,-858.855204
-10.000000,180.000000,2.000000,1.000000,1.000000,472.536851,324.203934,-841.274977
-10.000000,180.000000,2.000000,1.000000,2.000000,487.142172,324.204566,-861.991303
-10.000000,180.000000,2.000000,1.000000,3.000000,451.730424,324.204566,-855.747257
-10.000000,180.000000,2.000000,1.000000,4.000000,469.434747,342.175067,-858.869063
-10.000000,180.000000,2.000000,1.000000,5.000000,469.432607,306.229668,-858.868746
-10.000000,270.000000,1.000000,0.000000,1.000000,469.434988,327.301165,-841.302358
-10.000000,270.000000,1.000000,0.000000,2.000000,469.435620,341.926362,-862.022301
-10.000000,270.000000,1.000000,0.000000,3.000000,469.435619,306.528388,-855.780687
-10.000000,270.000000,1.000000,0.000000,4.000000,451.439054,324.199381,-858.896443
-10.000000,270.000000,1.000000,0.000000,5.000000,487.336438,324.198901,-858.896443
-10.000000,270.000000,2.000000,1.000000,1.000000,469.387113,327.330323,-841.306800
-10.000000,270.000000,2.000000,1.000000,2.000000,469.387746,341.925977,-862.021535
-10.000000,270.000000,2.000000,1.000000,3.000000,469.387745,306.526361,-855.779631
-10.000000,270.000000,2.000000,1.000000,4.000000,451.436612,324.227899,-858.900886
-10.000000,270.000000,2.000000,1.000000,5.000000,487.336781,324.228540,-858.900886
0.000000,0.000000,1.000000,0.000000,1.000000,468.956099,324.284502,-841.087051
0.000000,0.000000,1.000000,0.000000,2.000000,451.404132,324.284502,-858.952518
0.000000,0.000000,1.000000,0.000000,3.000000,487.286400,324.284502,-858.952518
0.000000,0.000000,1.000000,0.000000,4.000000,468.956099,306.228368,-858.952518
0.000000,0.000000,1.000000,0.000000,5.000000,468.956099,342.160636,-858.952518
0.000000,0.000000,2.000000,1.000000,1.000000,469.345266,324.194502,-841.075551
0.000000,0.000000,2.000000,1.000000,2.000000,451.407466,324.194502,-858.941018
0.000000,0.000000,2.000000,1.000000,3.000000,487.294733,324.194502,-858.941018
0.000000,0.000000,2.000000,1.000000,4.000000,469.345266,306.222535,-858.941018
0.000000,0.000000,2.000000,1.000000,5.000000,469.345266,342.161469,-858.941018
30.000000,0.000000,1.000000,0.000000,1.000000,478.291624,324.193252,-843.451754
30.000000,0.000000,1.000000,0.000000,2.000000,453.817889,324.193251,-849.951102
30.000000,0.000000,1.000000,0.000000,3.000000,484.899514,324.193251,-867.896087
30.000000,0.000000,1.000000,0.000000,4.000000,469.359423,306.120451,-858.924012
30.000000,0.000000,1.000000,0.000000,5.000000,469.357826,342.063553,-858.923085
30.000000,0.000000,2.000000,1.000000,1.000000,478.287630,324.092002,-843.455775
30.000000,0.000000,2.000000,1.000000,2.000000,453.819668,324.092002,-849.958457
30.000000,0.000000,2.000000,1.000000,3.000000,484.896242,324.092002,-867.900525
30.000000,0.000000,2.000000,1.000000,4.000000,469.355429,306.120868,-858.928032
30.000000,0.000000,2.000000,1.000000,5.000000,469.353832,342.060637,-858.927106
30.000000,90.000000,1.000000,0.000000,1.000000,469.355365,333.027645,-843.447721
30.000000,90.000000,1.000000,0.000000,2.000000,469.355364,308.581902,-849.963226
30.000000,90.000000,1.000000,0.000000,3.000000,469.355364,339.708994,-867.934461
30.000000,90.000000,1.000000,0.000000,4.000000,487.304832,324.095444,-858.919978
30.000000,90.000000,1.000000,0.000000,5.000000,451.343397,324.093847,-858.919051
30.000000,90.000000,2.000000,1.000000,1.000000,469.324115,333.080971,-843.473293
30.000000,90.000000,2.000000,1.000000,2.000000,469.324115,308.588472,-849.961808
30.000000,90.000000,2.000000,1.000000,3.000000,469.324114,339.708193,-867.928783
30.000000,90.000000,2.000000,1.000000,4.000000,487.306915,324.147173,-858.944624
30.000000,90.000000,2.000000,1.000000,5.000000,451.344647,324.147173,-858.944624
30.000000,180.000000,1.000000,0.000000,1.000000,460.390353,324.149607,-843.471573
30.000000,180.000000,1.000000,0.000000,2.000000,484.952691,324.151461,-849.919577
30.000000,180.000000,1.000000,0.000000,3.000000,453.797772,324.149607,-867.907062
30.000000,180.000000,1.000000,0.000000,4.000000,469.322395,342.066669,-858.943830
30.000000,180.000000,1.000000,0.000000,5.000000,469.322874,306.124953,-858.943830
30.000000,180.000000,2.000000,1.000000,1.000000,460.439491,324.094884,-843.437118
30.000000,180.000000,2.000000,1.000000,2.000000,484.939450,324.097666,-849.921049
30.000000,180.000000,2.000000,1.000000,3.000000,453.784372,324.096738,-867.908534
30.000000,180.000000,2.000000,1.000000,4.000000,469.373609,342.062496,-858.908448
30.000000,180.000000,2.000000,1.000000,5.000000,469.371373,306.123938,-858.909375
30.000000,270.000000,1.000000,0.000000,1.000000,469.369055,315.188337,-843.485374
30.000000,270.000000,1.000000,0.000000,2.000000,469.367202,339.850990,-849.875462
30.000000,270.000000,1.000000,0.000000,3.000000,469.367201,308.777149,-867.815957
30.000000,270.000000,1.000000,0.000000,4.000000,451.352922,324.122136,-858.956705
30.000000,270.000000,1.000000,0.000000,5.000000,487.241022,324.120538,-858.957631
30.000000,270.000000,2.000000,1.000000,1.000000,469.296044,315.380965,-843.374627
30.000000,270.000000,2.000000,1.000000,2.000000,469.294191,339.851648,-849.875548
30.000000,270.000000,2.000000,1.000000,3.000000,469.296971,308.780451,-867.814793
30.000000,270.000000,2.000000,1.000000,4.000000,451.349911,324.314763,-858.845957
30.000000,270.000000,2.000000,1.000000,5.000000,487.243199,324.313485,-858.846884
-30.000000,0.000000,1.000000,0.000000,1.000000,460.385893,324.315086,-843.410457
-30.000000,0.000000,1.000000,0.000000,2.000000,453.736301,324.315086,-867.878868
-30.000000,0.000000,1.000000,0.000000,3.000000,484.863957,324.315087,-849.907303
-30.000000,0.000000,1.000000,0.000000,4.000000,469.318093,306.227286,-858.882712
-30.000000,0.000000,1.000000,0.000000,5.000000,469.319694,342.161220,-858.881792
-30.000000,0.000000,2.000000,1.000000,1.000000,460.369120,324.194253,-843.421663
-30.000000,0.000000,2.000000,1.000000,2.000000,453.735248,324.194253,-867.880993
-30.000000,0.000000,2.000000,1.000000,3.000000,484.868993,324.194252,-849.905922
-30.000000,0.000000,2.000000,1.000000,4.000000,469.301320,306.226453,-858.893918
-30.000000,0.000000,2.000000,1.000000,5.000000,469.301320,342.163720,-858.893918
-30.000000,90.000000,1.000000,0.000000,1.000000,469.300801,315.224720,-843.358233
-30.000000,90.000000,1.000000,0.000000,2.000000,469.299881,308.700705,-867.754231
-30.000000,90.000000,1.000000,0.000000,3.000000,469.300801,339.773668,-849.814159
-30.000000,90.000000,1.000000,0.000000,4.000000,487.344435,324.156920,-858.830488
-30.000000,90.000000,1.000000,0.000000,5.000000,451.377168,324.158521,-858.829568
-30.000000,90.000000,2.000000,1.000000,1.000000,469.360801,315.304973,-843.314379
-30.000000,90.000000,2.000000,1.000000,2.000000,469.360801,308.702855,-867.755376
-30.000000,90.000000,2.000000,1.000000,3.000000,469.360802,339.774535,-849.816138
-30.000000,90.000000,2.000000,1.000000,4.000000,487.345268,324.237173,-858.786634
-30.000000,90.000000,2.000000,1.000000,5.000000,451.374667,324.237173,-858.786634
-30.000000,180.000000,1.000000,0.000000,1.000000,478.290238,324.238853,-843.320745
-30.000000,180.000000,1.000000,0.000000,2.000000,484.967093,324.237934,-867.804989
-30.000000,180.000000,1.000000,0.000000,3.000000,453.875842,324.239772,-849.854257
-30.000000,180.000000,1.000000,0.000000,4.000000,469.358359,342.201826,-858.793000
-30.000000,180.000000,1.000000,0.000000,5.000000,469.358198,306.267805,-858.793000
-30.000000,180.000000,2.000000,1.000000,1.000000,478.354048,324.236655,-843.356035
-30.000000,180.000000,2.000000,1.000000,2.000000,484.970198,324.238493,-867.804949
-30.000000,180.000000,2.000000,1.000000,3.000000,453.878469,324.238493,-849.854131
-30.000000,180.000000,2.000000,1.000000,4.000000,469.422169,342.205461,-858.828290
-30.000000,180.000000,2.000000,1.000000,5.000000,469.419926,306.262849,-858.827370
-30.000000,270.000000,1.000000,0.000000,1.000000,469.423610,333.144607,-843.400040
-30.000000,270.000000,1.000000,0.000000,2.000000,469.422691,339.777918,-867.858954
-30.000000,270.000000,1.000000,0.000000,3.000000,469.425449,308.656118,-849.891053
-30.000000,270.000000,1.000000,0.000000,4.000000,451.408223,324.210966,-858.871375
-30.000000,270.000000,1.000000,0.000000,5.000000,487.306238,324.212728,-858.872295
-30.000000,270.000000,2.000000,1.000000,1.000000,469.357231,333.151730,-843.400859
-30.000000,270.000000,2.000000,1.000000,2.000000,469.355392,339.785201,-867.859773
-30.000000,270.000000,2.000000,1.000000,3.000000,469.355392,308.658109,-849.888538
-30.000000,270.000000,2.000000,1.000000,4.000000,451.409603,324.219209,-858.873114
-30.000000,270.000000,2.000000,1.000000,5.000000,487.306037,324.219209,-858.873114
0.000000,0.000000,1.000000,0.000000,1.000000,469.356606,324.220432,-841.073334
0.000000,0.000000,1.000000,0.000000,2.000000,451.413805,324.220432,-858.938801
0.000000,0.000000,1.000000,0.000000,3.000000,487.281907,324.220432,-858.938801
0.000000,0.000000,1.000000,0.000000,4.000000,469.356606,306.210965,-858.938801
0.000000,0.000000,1.000000,0.000000,5.000000,469.356606,342.157399,-858.938801
0.000000,0.000000,2.000000,1.000000,1.000000,469.347856,324.184182,-841.071834
0.000000,0.000000,2.000000,1.000000,2.000000,451.399222,324.184182,-858.937301
0.000000,0.000000,2.000000,1.000000,3.000000,487.286490,324.184182,-858.937301
0.000000,0.000000,2.000000,1.000000,4.000000,469.347856,306.218048,-858.937301
0.000000,0.000000,2.000000,1.000000,5.000000,469.347856,342.156983,-858.937301
50.000000,0.000000,1.000000,0.000000,1.000000,483.075992,324.185849,-847.414859
50.000000,0.000000,1.000000,0.000000,2.000000,457.873915,324.185849,-845.173930
50.000000,0.000000,1.000000,0.000000,3.000000,480.950752,324.185849,-872.675833
50.000000,0.000000,1.000000,0.000000,4.000000,469.389724,306.068882,-858.897930
50.000000,0.000000,1.000000,0.000000,5.000000,469.390907,342.006983,-858.899347
50.000000,0.000000,2.000000,1.000000,1.000000,483.104576,324.037932,-847.437065
50.000000,0.000000,2.000000,1.000000,2.000000,457.879890,324.037932,-845.169185
50.000000,0.000000,2.000000,1.000000,3.000000,480.955768,324.037932,-872.669951
50.000000,0.000000,2.000000,1.000000,4.000000,469.418308,306.065965,-858.920136
50.000000,0.000000,2.000000,1.000000,5.000000,469.418308,342.004899,-858.920136
50.000000,90.000000,1.000000,0.000000,1.000000,469.419486,337.738751,-847.421514
50.000000,90.000000,1.000000,0.000000,2.000000,469.420903,312.572611,-845.223216
50.000000,90.000000,1.000000,0.000000,3.000000,469.419486,335.664822,-872.743631
50.000000,90.000000,1.000000,0.000000,4.000000,487.260620,324.053667,-858.906002
50.000000,90.000000,1.000000,0.000000,5.000000,451.300019,324.053667,-858.906002
50.000000,90.000000,2.000000,1.000000,1.000000,469.280319,337.806533,-847.496910
50.000000,90.000000,2.000000,1.000000,2.000000,469.280319,312.571669,-845.216901
50.000000,90.000000,2.000000,1.000000,3.000000,469.280319,335.663504,-872.736678
50.000000,90.000000,2.000000,1.000000,4.000000,487.260619,324.120265,-858.979981
50.000000,90.000000,2.000000,1.000000,5.000000,451.302519,324.121449,-858.981398
50.000000,180.000000,1.000000,0.000000,1.000000,455.551744,324.117804,-847.457368
50.000000,180.000000,1.000000,0.000000,2.000000,480.752590,324.119222,-845.217716
50.000000,180.000000,1.000000,0.000000,3.000000,457.693006,324.119222,-872.699051
50.000000,180.000000,1.000000,0.000000,4.000000,469.236510,342.022607,-858.941856
50.000000,180.000000,1.000000,0.000000,5.000000,469.236669,306.078922,-858.941856
50.000000,180.000000,2.000000,1.000000,1.000000,455.535279,324.049347,-847.474396
50.000000,180.000000,2.000000,1.000000,2.000000,480.748181,324.049347,-845.220560
50.000000,180.000000,2.000000,1.000000,3.000000,457.685158,324.049347,-872.706006
50.000000,180.000000,2.000000,1.000000,4.000000,469.220522,342.019063,-858.958885
50.000000,180.000000,2.000000,1.000000,5.000000,469.220682,306.075378,-858.958885
50.000000,270.000000,1.000000,0.000000,1.000000,469.215801,310.514586,-847.604159
50.000000,270.000000,1.000000,0.000000,2.000000,469.212966,335.967678,-845.063694
50.000000,270.000000,1.000000,0.000000,3.000000,469.212966,312.911197,-872.541339
50.000000,270.000000,1.000000,0.000000,4.000000,451.245166,324.200535,-859.087230
50.000000,270.000000,1.000000,0.000000,5.000000,487.124770,324.201172,-859.087230
50.000000,270.000000,2.000000,1.000000,1.000000,469.182133,310.754634,-847.318799
50.000000,270.000000,2.000000,1.000000,2.000000,469.179297,335.968711,-845.063188
50.000000,270.000000,2.000000,1.000000,3.000000,469.183550,312.912172,-872.541472
50.000000,270.000000,2.000000,1.000000,4.000000,451.240165,324.439718,-858.803287
50.000000,270.000000,2.000000,1.000000,5.000000,487.132932,324.440583,-858.801870
-50.000000,0.000000,1.000000,0.000000,1.000000,455.512083,324.440296,-847.329294
-50.000000,0.000000,1.000000,0.000000,2.000000,457.667851,324.440296,-872.553879
-50.000000,0.000000,1.000000,0.000000,3.000000,480.741057,324.440296,-845.056309
-50.000000,0.000000,1.000000,0.000000,4.000000,469.198354,306.202495,-858.812368
-50.000000,0.000000,1.000000,0.000000,5.000000,469.197164,342.145597,-858.813780
-50.000000,0.000000,2.000000,1.000000,1.000000,455.511485,324.174046,-847.314257
-50.000000,0.000000,2.000000,1.000000,2.000000,457.664575,324.174046,-872.542034
-50.000000,0.000000,2.000000,1.000000,3.000000,480.734984,324.174046,-845.047791
-50.000000,0.000000,2.000000,1.000000,4.000000,469.197756,306.207912,-858.797331
-50.000000,0.000000,2.000000,1.000000,5.000000,469.196566,342.147680,-858.798743
-50.000000,90.000000,1.000000,0.000000,1.000000,469.199882,310.551097,-847.362953
-50.000000,90.000000,1.000000,0.000000,2.000000,469.198470,312.889685,-872.369853
-50.000000,90.000000,1.000000,0.000000,3.000000,469.199882,335.948267,-844.889520
-50.000000,90.000000,1.000000,0.000000,4.000000,487.261016,324.236177,-858.847438
-50.000000,90.000000,1.000000,0.000000,5.000000,451.300415,324.237367,-858.846026
-50.000000,90.000000,2.000000,1.000000,1.000000,469.280715,310.729238,-847.143972
-50.000000,90.000000,2.000000,1.000000,2.000000,469.280715,312.883399,-872.370471
-50.000000,90.000000,2.000000,1.000000,3.000000,469.280715,335.945238,-844.886443
-50.000000,90.000000,2.000000,1.000000,4.000000,487.260182,324.414319,-858.628457
-50.000000,90.000000,2.000000,1.000000,5.000000,451.300415,324.414319,-858.628457
-50.000000,180.000000,1.000000,0.000000,1.000000,483.017598,324.415730,-847.103143
-50.000000,180.000000,1.000000,0.000000,2.000000,480.958408,324.417141,-872.442634
-50.000000,180.000000,1.000000,0.000000,3.000000,457.896505,324.412907,-844.959109
-50.000000,180.000000,1.000000,0.000000,4.000000,469.332517,342.226030,-858.587628
-50.000000,180.000000,1.000000,0.000000,5.000000,469.332356,306.301518,-858.587628
-50.000000,180.000000,2.000000,1.000000,1.000000,483.105226,324.265185,-847.225335
-50.000000,180.000000,2.000000,1.000000,2.000000,480.955392,324.266597,-872.456806
-50.000000,180.000000,2.000000,1.000000,3.000000,457.888530,324.263773,-844.967167
-50.000000,180.000000,2.000000,1.000000,4.000000,469.420306,342.246064,-858.709820
-50.000000,180.000000,2.000000,1.000000,5.000000,469.418634,306.302062,-858.708408
-50.000000,270.000000,1.000000,0.000000,1.000000,469.423538,337.839066,-847.323095
-50.000000,270.000000,1.000000,0.000000,2.000000,469.420715,335.671299,-872.532997
-50.000000,270.000000,1.000000,0.000000,3.000000,469.423538,312.588785,-845.024710
-50.000000,270.000000,1.000000,0.000000,4.000000,451.315737,324.152796,-858.806168
-50.000000,270.000000,1.000000,0.000000,5.000000,487.214995,324.152475,-858.806168
-50.000000,270.000000,2.000000,1.000000,1.000000,469.262542,337.823237,-847.288097
-50.000000,270.000000,2.000000,1.000000,2.000000,469.259719,335.678503,-872.525449
-50.000000,270.000000,2.000000,1.000000,3.000000,469.265365,312.594477,-845.015751
-50.000000,270.000000,2.000000,1.000000,4.000000,451.334742,324.136966,-858.771171
-50.000000,270.000000,2.000000,1.000000,5.000000,487.214833,324.136645,-858.771171
0.000000,0.000000,1.000000,0.000000,1.000000,469.268665,324.136647,-841.069751
0.000000,0.000000,1.000000,0.000000,2.000000,451.378364,324.136647,-858.935218
0.000000,0.000000,1.000000,0.000000,3.000000,487.288132,324.136647,-858.935218
0.000000,0.000000,1.000000,0.000000,4.000000,469.268665,306.200514,-858.935218
0.000000,0.000000,1.000000,0.000000,5.000000,469.268665,342.131948,-858.935218
0.000000,0.000000,2.000000,1.000000,1.000000,469.333248,324.166231,-841.070752
0.000000,0.000000,2.000000,1.000000,2.000000,451.377114,324.166231,-858.936219
0.000000,0.000000,2.000000,1.000000,3.000000,487.265215,324.166231,-858.936219
0.000000,0.000000,2.000000,1.000000,4.000000,469.333248,306.199264,-858.936219
0.000000,0.000000,2.000000,1.000000,5.000000,469.333248,342.135698,-858.936219
60.000000,0.000000,1.000000,0.000000,1.000000,484.791214,324.166856,-850.007359
60.000000,0.000000,1.000000,0.000000,2.000000,460.344800,324.166856,-843.395859
60.000000,0.000000,1.000000,0.000000,3.000000,478.275705,324.166856,-874.453105
60.000000,0.000000,1.000000,0.000000,4.000000,469.319879,306.027389,-858.941160
60.000000,0.000000,1.000000,0.000000,5.000000,469.318959,341.947990,-858.939559
60.000000,0.000000,2.000000,1.000000,1.000000,484.788694,323.987689,-849.987289
60.000000,0.000000,2.000000,1.000000,2.000000,460.352697,323.987689,-843.393831
60.000000,0.000000,2.000000,1.000000,3.000000,478.283099,323.987689,-874.450198
60.000000,0.000000,2.000000,1.000000,4.000000,469.316439,306.022389,-858.919489
60.000000,0.000000,2.000000,1.000000,5.000000,469.316439,341.966323,-858.919489
60.000000,90.000000,1.000000,0.000000,1.000000,469.315567,339.498894,-849.966476
60.000000,90.000000,1.000000,0.000000,2.000000,469.313965,315.102320,-843.441578
60.000000,90.000000,1.000000,0.000000,3.000000,469.315567,333.050051,-874.527692
60.000000,90.000000,1.000000,0.000000,4.000000,487.231701,324.027559,-858.900277
60.000000,90.000000,1.000000,0.000000,5.000000,451.271099,324.027559,-858.900277
60.000000,90.000000,2.000000,1.000000,1.000000,469.251400,339.546749,-850.051991
60.000000,90.000000,2.000000,1.000000,2.000000,469.251400,315.093668,-843.428944
60.000000,90.000000,2.000000,1.000000,3.000000,469.251400,333.045320,-874.522117
60.000000,90.000000,2.000000,1.000000,4.000000,487.233367,324.074494,-858.984191
60.000000,90.000000,2.000000,1.000000,5.000000,451.273599,324.075414,-858.985792
60.000000,180.000000,1.000000,0.000000,1.000000,453.766380,324.069020,-850.038485
60.000000,180.000000,1.000000,0.000000,2.000000,478.237034,324.067419,-843.385285
60.000000,180.000000,1.000000,0.000000,3.000000,460.284574,324.072224,-874.479021
60.000000,180.000000,1.000000,0.000000,4.000000,469.237556,341.955923,-858.972286
60.000000,180.000000,1.000000,0.000000,5.000000,469.237397,306.019424,-858.972286
60.000000,180.000000,2.000000,1.000000,1.000000,453.778973,323.986071,-849.992911
60.000000,180.000000,2.000000,1.000000,2.000000,478.226122,323.982868,-843.380690
60.000000,180.000000,2.000000,1.000000,3.000000,460.269826,323.987673,-874.481079
60.000000,180.000000,2.000000,1.000000,4.000000,469.251547,341.954002,-858.925111
60.000000,180.000000,2.000000,1.000000,5.000000,469.251547,306.017568,-858.925111
60.000000,270.000000,1.000000,0.000000,1.000000,469.251362,308.837779,-850.181638
60.000000,270.000000,1.000000,0.000000,2.000000,469.252964,333.476019,-843.238162
60.000000,270.000000,1.000000,0.000000,3.000000,469.249760,315.531046,-874.319224
60.000000,270.000000,1.000000,0.000000,4.000000,451.193561,324.310034,-859.113838
60.000000,270.000000,1.000000,0.000000,5.000000,487.074865,324.309433,-859.115439
60.000000,270.000000,2.000000,1.000000,1.000000,469.137416,309.025410,-849.841500
60.000000,270.000000,2.000000,1.000000,2.000000,469.140620,333.469642,-843.234330
60.000000,270.000000,2.000000,1.000000,3.000000,469.134214,315.524437,-874.315234
60.000000,270.000000,2.000000,1.000000,4.000000,451.192246,324.497346,-858.773700
60.000000,270.000000,2.000000,1.000000,5.000000,487.080855,324.497223,-858.775301
-60.000000,0.000000,1.000000,0.000000,1.000000,453.703289,324.497162,-849.863283
-60.000000,0.000000,1.000000,0.000000,2.000000,460.258377,324.497162,-874.240466
-60.000000,0.000000,1.000000,0.000000,3.000000,478.205539,324.497162,-843.155078
-60.000000,0.000000,1.000000,0.000000,4.000000,469.175547,306.159361,-858.795484
-60.000000,0.000000,1.000000,0.000000,5.000000,469.175547,342.098295,-858.795484
-60.000000,0.000000,2.000000,1.000000,1.000000,453.757850,324.128828,-849.763081
-60.000000,0.000000,2.000000,1.000000,2.000000,460.256781,324.128828,-874.237539
-60.000000,0.000000,2.000000,1.000000,3.000000,478.205933,324.128828,-843.148696
-60.000000,0.000000,2.000000,1.000000,4.000000,469.230107,306.156861,-858.695282
-60.000000,0.000000,2.000000,1.000000,5.000000,469.230107,342.096628,-858.695282
-60.000000,90.000000,1.000000,0.000000,1.000000,469.232329,308.838064,-849.868189
-60.000000,90.000000,1.000000,0.000000,2.000000,469.232329,315.504819,-874.051960
-60.000000,90.000000,1.000000,0.000000,3.000000,469.232329,333.454897,-842.961520
-60.000000,90.000000,1.000000,0.000000,4.000000,487.231796,324.310321,-858.800390
-60.000000,90.000000,1.000000,0.000000,5.000000,451.276195,324.310321,-858.800390
-60.000000,90.000000,2.000000,1.000000,1.000000,469.253996,309.002863,-849.570382
-60.000000,90.000000,2.000000,1.000000,2.000000,469.253996,315.499711,-874.048448
-60.000000,90.000000,2.000000,1.000000,3.000000,469.253996,333.445946,-842.964657
-60.000000,90.000000,2.000000,1.000000,4.000000,487.239297,324.475120,-858.502583
-60.000000,90.000000,2.000000,1.000000,5.000000,451.277029,324.474193,-858.504180
-60.000000,180.000000,1.000000,0.000000,1.000000,484.733636,324.472146,-849.568192
-60.000000,180.000000,1.000000,0.000000,2.000000,478.295054,324.470549,-874.147448
-60.000000,180.000000,1.000000,0.000000,3.000000,460.365231,324.468953,-843.092371
-60.000000,180.000000,1.000000,0.000000,4.000000,469.261539,342.239877,-858.500393
-60.000000,180.000000,1.000000,0.000000,5.000000,469.262466,306.295109,-858.501990
-60.000000,180.000000,2.000000,1.000000,1.000000,484.808441,324.264299,-849.682614
-60.000000,180.000000,2.000000,1.000000,2.000000,478.303837,324.265896,-874.146968
-60.000000,180.000000,2.000000,1.000000,3.000000,460.367119,324.261106,-843.080497
-60.000000,180.000000,2.000000,1.000000,4.000000,469.336949,342.236336,-858.616412
-60.000000,180.000000,2.000000,1.000000,5.000000,469.336023,306.290736,-858.614815
-60.000000,270.000000,1.000000,0.000000,1.000000,469.339176,339.574409,-849.776162
-60.000000,270.000000,1.000000,0.000000,2.000000,469.335982,333.063716,-874.229690
-60.000000,270.000000,1.000000,0.000000,3.000000,469.337579,315.111904,-843.136518
-60.000000,270.000000,1.000000,0.000000,4.000000,451.293181,324.102474,-858.708363
-60.000000,270.000000,1.000000,0.000000,5.000000,487.189337,324.102758,-858.709960
-60.000000,270.000000,2.000000,1.000000,1.000000,469.238066,339.563709,-849.749697
-60.000000,270.000000,2.000000,1.000000,2.000000,469.234872,333.069359,-874.231525
-60.000000,270.000000,2.000000,1.000000,3.000000,469.239662,315.120465,-843.143972
-60.000000,270.000000,2.000000,1.000000,4.000000,451.294292,324.091130,-858.681898
-60.000000,270.000000,2.000000,1.000000,5.000000,487.187672,324.091773,-858.681898
0.000000,0.000000,1.000000,0.000000,1.000000,469.239125,324.093182,-841.067023
0.000000,0.000000,1.000000,0.000000,2.000000,451.371324,324.093182,-858.932490
0.000000,0.000000,1.000000,0.000000,3.000000,487.263592,324.093182,-858.932490
0.000000,0.000000,1.000000,0.000000,4.000000,469.239124,306.198715,-858.932490
0.000000,0.000000,1.000000,0.000000,5.000000,469.239124,342.133482,-858.932490
0.000000,0.000000,2.000000,1.000000,1.000000,469.317458,324.166098,-841.068023
0.000000,0.000000,2.000000,1.000000,2.000000,451.375491,324.166098,-858.933490
0.000000,0.000000,2.000000,1.000000,3.000000,487.264425,324.166098,-858.933490
0.000000,0.000000,2.000000,1.000000,4.000000,469.317458,306.197465,-858.933490
0.000000,0.000000,2.000000,1.000000,5.000000,469.317458,342.133899,-858.933490
0.000000,0.000000,1.000000,0.000000,1.000000,469.317458,324.166098,-841.072356
0.000000,0.000000,1.000000,0.000000,2.000000,451.374657,324.166098,-858.937823
0.000000,0.000000,1.000000,0.000000,3.000000,487.262758,324.166098,-858.937823
0.000000,0.000000,1.000000,0.000000,4.000000,469.317458,306.193298,-858.937823
0.000000,0.000000,1.000000,0.000000,5.000000,469.317458,342.132232,-858.937823
0.000000,0.000000,2.000000,1.000000,1.000000,469.318708,324.162765,-841.070856
0.000000,0.000000,2.000000,1.000000,2.000000,451.371741,324.162765,-858.936323
0.000000,0.000000,2.000000,1.000000,3.000000,487.261509,324.162765,-858.936323
0.000000,0.000000,2.000000,1.000000,4.000000,469.318708,306.194965,-858.936323
0.000000,0.000000,2.000000,1.000000,5.000000,469.318708,342.131399,-858.936323
90.000000,0.000000,1.000000,0.000000,1.000000,487.127133,324.162973,-858.936323
90.000000,0.000000,1.000000,0.000000,2.000000,469.261666,324.162973,-840.983523
90.000000,0.000000,1.000000,0.000000,3.000000,469.261666,324.162973,-876.903290
90.000000,0.000000,1.000000,0.000000,4.000000,469.261666,305.963506,-858.936323
90.000000,0.000000,1.000000,0.000000,5.000000,469.261666,341.904940,-858.936323
90.000000,0.000000,2.000000,1.000000,1.000000,487.126134,323.934223,-858.943406
90.000000,0.000000,2.000000,1.000000,2.000000,469.260666,323.934223,-840.983939
90.000000,0.000000,2.000000,1.000000,3.000000,469.260666,323.934223,-876.905373
90.000000,0.000000,2.000000,1.000000,4.000000,469.260666,305.963923,-858.943406
90.000000,0.000000,2.000000,1.000000,5.000000,469.260666,341.903691,-858.943406
90.000000,90.000000,1.000000,0.000000,1.000000,469.260666,341.735149,-858.944031
90.000000,90.000000,1.000000,0.000000,2.000000,469.258819,323.869523,-841.061231
90.000000,90.000000,1.000000,0.000000,3.000000,469.260666,323.869682,-876.971832
90.000000,90.000000,1.000000,0.000000,4.000000,487.281800,323.869682,-858.944031
90.000000,90.000000,1.000000,0.000000,5.000000,451.322866,323.869682,-858.944031
90.000000,90.000000,2.000000,1.000000,1.000000,469.302333,341.735815,-859.016531
90.000000,90.000000,2.000000,1.000000,2.000000,469.302333,323.870348,-841.057898
90.000000,90.000000,2.000000,1.000000,3.000000,469.302333,323.870348,-876.971832
90.000000,90.000000,2.000000,1.000000,4.000000,487.280967,323.870348,-859.016531
90.000000,90.000000,2.000000,1.000000,5.000000,451.321199,323.870348,-859.016531
90.000000,180.000000,1.000000,0.000000,1.000000,451.459067,323.868501,-859.015698
90.000000,180.000000,1.000000,0.000000,2.000000,469.324375,323.870348,-840.977064
90.000000,180.000000,1.000000,0.000000,3.000000,469.324693,323.866654,-876.879332
90.000000,180.000000,1.000000,0.000000,4.000000,469.324853,341.902608,-859.015698
90.000000,180.000000,1.000000,0.000000,5.000000,469.324693,305.963021,-859.015698
90.000000,180.000000,2.000000,1.000000,1.000000,451.447726,323.930967,-858.928198
90.000000,180.000000,2.000000,1.000000,2.000000,469.313352,323.929121,-840.982898
90.000000,180.000000,2.000000,1.000000,3.000000,469.313352,323.929121,-876.879332
90.000000,180.000000,2.000000,1.000000,4.000000,469.313193,341.904601,-858.928198
90.000000,180.000000,2.000000,1.000000,5.000000,469.313034,305.963347,-858.928198
90.000000,270.000000,1.000000,0.000000,1.000000,469.309539,306.854262,-858.929656
90.000000,270.000000,1.000000,0.000000,2.000000,469.305845,324.719410,-840.799356
90.000000,270.000000,1.000000,0.000000,3.000000,469.311386,324.719888,-876.703290
90.000000,270.000000,1.000000,0.000000,4.000000,451.201266,324.720047,-858.929656
90.000000,270.000000,1.000000,0.000000,5.000000,487.086146,324.719410,-858.929656
90.000000,270.000000,2.000000,1.000000,1.000000,469.140012,306.853277,-858.751323
90.000000,270.000000,2.000000,1.000000,2.000000,469.136318,324.718425,-840.799356
90.000000,270.000000,2.000000,1.000000,3.000000,469.143706,324.719062,-876.706623
90.000000,270.000000,2.000000,1.000000,4.000000,451.200072,324.719062,-858.751323
90.000000,270.000000,2.000000,1.000000,5.000000,487.093466,324.718584,-858.751323
-90.000000,0.000000,1.000000,0.000000,1.000000,451.289756,324.718783,-858.752156
-90.000000,0.000000,1.000000,0.000000,2.000000,469.155224,324.718783,-876.268290
-90.000000,0.000000,1.000000,0.000000,3.000000,469.155224,324.718783,-840.399356
-90.000000,0.000000,1.000000,0.000000,4.000000,469.155224,306.085150,-858.752156
-90.000000,0.000000,1.000000,0.000000,5.000000,469.155224,342.013251,-858.752156
-90.000000,0.000000,2.000000,1.000000,1.000000,451.278256,324.049200,-858.333823
-90.000000,0.000000,2.000000,1.000000,2.000000,469.143723,324.049200,-876.279957
-90.000000,0.000000,2.000000,1.000000,3.000000,469.143723,324.049200,-840.384356
-90.000000,0.000000,2.000000,1.000000,4.000000,469.143723,306.080566,-858.333823
-90.000000,0.000000,2.000000,1.000000,5.000000,469.143723,342.015334,-858.333823
-90.000000,90.000000,1.000000,0.000000,1.000000,469.143723,306.679108,-858.332990
-90.000000,90.000000,1.000000,0.000000,2.000000,469.145570,324.544414,-876.076623
-90.000000,90.000000,1.000000,0.000000,3.000000,469.143723,324.544575,-840.172689
-90.000000,90.000000,1.000000,0.000000,4.000000,487.354024,324.544575,-858.332990
-90.000000,90.000000,1.000000,0.000000,5.000000,451.395090,324.544575,-858.332990
-90.000000,90.000000,2.000000,1.000000,1.000000,469.374557,306.661775,-858.124656
-90.000000,90.000000,2.000000,1.000000,2.000000,469.374557,324.527242,-876.078290
-90.000000,90.000000,2.000000,1.000000,3.000000,469.374557,324.527242,-840.171856
-90.000000,90.000000,2.000000,1.000000,4.000000,487.349024,324.527242,-858.124656
-90.000000,90.000000,2.000000,1.000000,5.000000,451.387590,324.527242,-858.124656
-90.000000,180.000000,1.000000,0.000000,1.000000,487.309072,324.525395,-858.124865
-90.000000,180.000000,1.000000,0.000000,2.000000,469.443283,324.521703,-876.245998
-90.000000,180.000000,1.000000,0.000000,3.000000,469.443765,324.527242,-840.330398
-90.000000,180.000000,1.000000,0.000000,4.000000,469.443444,342.295516,-858.124865
-90.000000,180.000000,1.000000,0.000000,5.000000,469.443444,306.355749,-858.124865
-90.000000,180.000000,2.000000,1.000000,1.000000,487.304066,324.327479,-858.288198
-90.000000,180.000000,2.000000,1.000000,2.000000,469.438760,324.329325,-876.243498
-90.000000,180.000000,2.000000,1.000000,3.000000,469.438599,324.327479,-840.328731
-90.000000,180.000000,2.000000,1.000000,4.000000,469.438760,342.291292,-858.288198
-90.000000,180.000000,2.000000,1.000000,5.000000,469.438760,306.352358,-858.288198
-90.000000,270.000000,1.000000,0.000000,1.000000,469.436873,341.928075,-858.287156
-90.000000,270.000000,1.000000,0.000000,2.000000,469.433181,324.062929,-876.330790
-90.000000,270.000000,1.000000,0.000000,3.000000,469.440565,324.062286,-840.426023
-90.000000,270.000000,1.000000,0.000000,4.000000,451.314547,324.062929,-858.287156
-90.000000,270.000000,1.000000,0.000000,5.000000,487.216520,324.062447,-858.287156
-90.000000,270.000000,2.000000,1.000000,1.000000,469.269225,341.923420,-858.378406
-90.000000,270.000000,2.000000,1.000000,2.000000,469.272918,324.057631,-876.332874
-90.000000,270.000000,2.000000,1.000000,3.000000,469.265533,324.058274,-840.420606
-90.000000,270.000000,2.000000,1.000000,4.000000,451.297079,324.058113,-858.378406
-90.000000,270.000000,2.000000,1.000000,5.000000,487.197026,324.057953,-858.378406
0.000000,0.000000,1.000000,0.000000,1.000000,469.258139,324.057993,-841.065606
0.000000,0.000000,1.000000,0.000000,2.000000,451.373672,324.057993,-858.931073
0.000000,0.000000,1.000000,0.000000,3.000000,487.265939,324.057993,-858.931073
0.000000,0.000000,1.000000,0.000000,4.000000,469.258139,306.186859,-858.931073
0.000000,0.000000,1.000000,0.000000,5.000000,469.258139,342.126626,-858.931073
0.000000,0.000000,2.000000,1.000000,1.000000,469.319806,324.156743,-841.064939
0.000000,0.000000,2.000000,1.000000,2.000000,451.379505,324.156743,-858.930406
0.000000,0.000000,2.000000,1.000000,3.000000,487.265939,324.156743,-858.930406
0.000000,0.000000,2.000000,1.000000,4.000000,469.319805,306.186442,-858.930406
0.000000,0.000000,2.000000,1.000000,5.000000,469.319805,342.124543,-858.930406
0.000000,0.000000,1.000000,0.000000,1.000000,468.956099,324.284502,-841.186785
0.000000,0.000000,1.000000,0.000000,2.000000,451.414132,324.284502,-859.052252
0.000000,0.000000,1.000000,0.000000,3.000000,487.301400,324.284502,-859.052252
0.000000,0.000000,1.000000,0.000000,4.000000,468.956099,306.247535,-859.052252
0.000000,0.000000,1.000000,0.000000,5.000000,468.956099,342.173136,-859.052252
0.000000,0.000000,2.000000,1.000000,1.000000,469.357766,324.210335,-841.143618
0.000000,0.000000,2.000000,1.000000,2.000000,451.417466,324.210335,-859.009085
0.000000,0.000000,2.000000,1.000000,3.000000,487.308067,324.210335,-859.009085
0.000000,0.000000,2.000000,1.000000,4.000000,469.357766,306.242535,-859.009085
0.000000,0.000000,2.000000,1.000000,5.000000,469.357766,342.179802,-859.009085
0.000000,90.000000,1.000000,0.000000,1.000000,469.360262,324.210592,-841.123785
0.000000,90.000000,1.000000,0.000000,2.000000,469.360258,306.187631,-858.989252
0.000000,90.000000,1.000000,0.000000,3.000000,469.360262,342.117559,-858.989252
0.000000,90.000000,1.000000,0.000000,4.000000,487.391396,324.210592,-858.989252
0.000000,90.000000,1.000000,0.000000,5.000000,451.430795,324.210592,-858.989252
0.000000,90.000000,2.000000,1.000000,1.000000,469.411095,324.152595,-841.120618
0.000000,90.000000,2.000000,1.000000,2.000000,469.411095,306.188962,-858.986085
0.000000,90.000000,2.000000,1.000000,3.000000,469.411095,342.115396,-858.986085
0.000000,90.000000,2.000000,1.000000,4.000000,487.391396,324.152595,-858.986085
0.000000,90.000000,2.000000,1.000000,5.000000,451.429962,324.152595,-858.986085
0.000000,180.000000,1.000000,0.000000,1.000000,469.410887,324.152387,-841.108285
0.000000,180.000000,1.000000,0.000000,2.000000,487.422854,324.152387,-858.973752
0.000000,180.000000,1.000000,0.000000,3.000000,451.530587,324.152387,-858.973752
0.000000,180.000000,1.000000,0.000000,4.000000,469.411047,342.208516,-858.973752
0.000000,180.000000,1.000000,0.000000,5.000000,469.411047,306.262082,-858.973752
0.000000,180.000000,2.000000,1.000000,1.000000,469.476400,324.235308,-841.106785
0.000000,180.000000,2.000000,1.000000,2.000000,487.421028,324.235304,-858.972252
0.000000,180.000000,2.000000,1.000000,3.000000,451.530427,324.235304,-858.972252
0.000000,180.000000,2.000000,1.000000,4.000000,469.476081,342.205617,-858.972252
0.000000,180.000000,2.000000,1.000000,5.000000,469.476721,306.260832,-858.972252
0.000000,270.000000,1.000000,0.000000,1.000000,469.476068,324.234424,-841.114451
0.000000,270.000000,1.000000,0.000000,2.000000,469.476068,342.243058,-858.979918
0.000000,270.000000,1.000000,0.000000,3.000000,469.476059,306.317970,-858.979918
0.000000,270.000000,1.000000,0.000000,4.000000,451.444105,324.234584,-858.979918
0.000000,270.000000,1.000000,0.000000,5.000000,487.344702,324.234424,-858.979918
0.000000,270.000000,2.000000,1.000000,1.000000,469.394399,324.280354,-841.116285
0.000000,270.000000,2.000000,1.000000,2.000000,469.394391,342.246167,-858.981752
0.000000,270.000000,2.000000,1.000000,3.000000,469.394408,306.321207,-858.981752
0.000000,270.000000,2.000000,1.000000,4.000000,451.445757,324.280034,-858.981752
0.000000,270.000000,2.000000,1.000000,5.000000,487.346358,324.280034,-858.981752
0.000000,0.000000,1.000000,0.000000,1.000000,469.395228,324.281861,-841.139785
0.000000,0.000000,1.000000,0.000000,2.000000,451.414095,324.281861,-859.005252
0.000000,0.000000,1.000000,0.000000,3.000000,487.303029,324.281861,-859.005252
0.000000,0.000000,1.000000,0.000000,4.000000,469.395228,306.249060,-859.005252
0.000000,0.000000,1.000000,0.000000,5.000000,469.395228,342.185494,-859.005252
0.000000,0.000000,2.000000,1.000000,1.000000,469.358562,324.217277,-841.140785
0.000000,0.000000,2.000000,1.000000,2.000000,451.417428,324.217277,-859.006252
0.000000,0.000000,2.000000,1.000000,3.000000,487.304696,324.217277,-859.006252
0.000000,0.000000,2.000000,1.000000,4.000000,469.358561,306.249477,-859.006252
0.000000,0.000000,2.000000,1.000000,5.000000,469.358561,342.189244,-859.006252
10.000000,0.000000,1.000000,0.000000,1.000000,472.459887,324.218320,-841.415394
10.000000,0.000000,1.000000,0.000000,2.000000,451.615390,324.218319,-855.881017
10.000000,0.000000,1.000000,0.000000,3.000000,487.053399,324.218319,-862.129695
10.000000,0.000000,1.000000,0.000000,4.000000,469.357784,306.217186,-859.009480
10.000000,0.000000,1.000000,0.000000,5.000000,469.357784,342.156953,-859.009480
10.000000,0.000000,2.000000,1.000000,1.000000,472.437446,324.187069,-841.408257
10.000000,0.000000,2.000000,1.000000,2.000000,451.617569,324.187069,-855.878222
10.000000,0.000000,2.000000,1.000000,3.000000,487.048193,324.187069,-862.125597
10.000000,0.000000,2.000000,1.000000,4.000000,469.335342,306.215936,-859.002343
10.000000,0.000000,2.000000,1.000000,5.000000,469.335342,342.156536,-859.002343
10.000000,90.000000,1.000000,0.000000,1.000000,469.334436,327.285813,-841.428006
10.000000,90.000000,1.000000,0.000000,2.000000,469.334761,306.427523,-855.891170
10.000000,90.000000,1.000000,0.000000,3.000000,469.334436,341.840753,-862.135506
10.000000,90.000000,1.000000,0.000000,4.000000,487.403070,324.183709,-859.022093
10.000000,90.000000,1.000000,0.000000,5.000000,451.442469,324.183709,-859.022093
10.000000,90.000000,2.000000,1.000000,1.000000,469.422770,327.237187,-841.416253
10.000000,90.000000,2.000000,1.000000,2.000000,469.422770,306.425517,-855.887665
10.000000,90.000000,2.000000,1.000000,3.000000,469.422770,341.838085,-862.131856
10.000000,90.000000,2.000000,1.000000,4.000000,487.403904,324.135084,-859.010339
10.000000,90.000000,2.000000,1.000000,5.000000,451.442469,324.133265,-859.010015
10.000000,180.000000,1.000000,0.000000,1.000000,466.315989,324.133638,-841.392353
10.000000,180.000000,1.000000,0.000000,2.000000,487.204643,324.133963,-855.850163
10.000000,180.000000,1.000000,0.000000,3.000000,451.726740,324.133313,-862.105930
10.000000,180.000000,1.000000,0.000000,4.000000,469.418253,342.170280,-858.986439
10.000000,180.000000,1.000000,0.000000,5.000000,469.417773,306.227321,-858.986439
10.000000,180.000000,2.000000,1.000000,1.000000,466.362785,324.198800,-841.381768
10.000000,180.000000,2.000000,1.000000,2.000000,487.201395,324.199449,-855.848370
10.000000,180.000000,2.000000,1.000000,3.000000,451.726097,324.198150,-862.103738
10.000000,180.000000,2.000000,1.000000,4.000000,469.464569,342.167251,-858.975854
10.000000,180.000000,2.000000,1.000000,5.000000,469.465209,306.227017,-858.975854
10.000000,270.000000,1.000000,0.000000,1.000000,469.464967,321.098853,-841.399372
10.000000,270.000000,1.000000,0.000000,2.000000,469.464967,341.998336,-855.855301
10.000000,270.000000,1.000000,0.000000,3.000000,469.465618,306.591188,-862.098589
10.000000,270.000000,1.000000,0.000000,4.000000,451.442350,324.200637,-858.993459
10.000000,270.000000,1.000000,0.000000,5.000000,487.343601,324.200957,-858.993459
10.000000,270.000000,2.000000,1.000000,1.000000,469.392326,321.192688,-841.387206
10.000000,270.000000,2.000000,1.000000,2.000000,469.391676,341.996653,-855.859921
10.000000,270.000000,2.000000,1.000000,3.000000,469.392975,306.590469,-862.103099
10.000000,270.000000,2.000000,1.000000,4.000000,451.443508,324.295111,-858.981293
10.000000,270.000000,2.000000,1.000000,5.000000,487.344293,324.296610,-858.980968
-10.000000,0.000000,1.000000,0.000000,1.000000,466.290351,324.294711,-841.385862
-10.000000,0.000000,1.000000,0.000000,2.000000,451.603282,324.294711,-862.116659
-10.000000,0.000000,1.000000,0.000000,3.000000,487.091353,324.294711,-855.859154
-10.000000,0.000000,1.000000,0.000000,4.000000,469.392454,306.254410,-858.979948
-10.000000,0.000000,1.000000,0.000000,5.000000,469.392454,342.192511,-858.979948
-10.000000,0.000000,2.000000,1.000000,1.000000,466.244410,324.223461,-841.391628
-10.000000,0.000000,2.000000,1.000000,2.000000,451.595092,324.223461,-862.115768
-10.000000,0.000000,2.000000,1.000000,3.000000,487.093832,324.223461,-855.856383
-10.000000,0.000000,2.000000,1.000000,4.000000,469.346514,306.253994,-858.985714
-10.000000,0.000000,2.000000,1.000000,5.000000,469.346514,342.193761,-858.985714
-10.000000,90.000000,1.000000,0.000000,1.000000,469.345804,321.114958,-841.357610
-10.000000,90.000000,1.000000,0.000000,2.000000,469.345804,306.467282,-862.081460
-10.000000,90.000000,1.000000,0.000000,3.000000,469.345804,341.870823,-855.838861
-10.000000,90.000000,1.000000,0.000000,4.000000,487.401106,324.218882,-858.951378
-10.000000,90.000000,1.000000,0.000000,5.000000,451.441338,324.218882,-858.951378
-10.000000,90.000000,2.000000,1.000000,1.000000,469.421222,321.066435,-841.365523
-10.000000,90.000000,2.000000,1.000000,2.000000,469.421223,306.468177,-862.080664
-10.000000,90.000000,2.000000,1.000000,3.000000,469.421222,341.869899,-855.838382
-10.000000,90.000000,2.000000,1.000000,4.000000,487.400689,324.168539,-858.959609
-10.000000,90.000000,2.000000,1.000000,5.000000,451.440921,324.168539,-858.959609
-10.000000,180.000000,1.000000,0.000000,1.000000,472.527234,324.168472,-841.343591
-10.000000,180.000000,1.000000,0.000000,2.000000,487.167684,324.168788,-862.066139
-10.000000,180.000000,1.000000,0.000000,3.000000,451.726071,324.168155,-855.816883
-10.000000,180.000000,1.000000,0.000000,4.000000,469.425290,342.212422,-858.937677
-10.000000,180.000000,1.000000,0.000000,5.000000,469.425290,306.273488,-858.937677
-10.000000,180.000000,2.000000,1.000000,1.000000,472.550493,324.242638,-841.340309
-10.000000,180.000000,2.000000,1.000000,2.000000,487.171248,324.242955,-862.059384
-10.000000,180.000000,2.000000,1.000000,3.000000,451.729635,324.242322,-855.810128
-10.000000,180.000000,2.000000,1.000000,4.000000,469.448229,342.210955,-858.934394
-10.000000,180.000000,2.000000,1.000000,5.000000,469.448549,306.270988,-858.934394
-10.000000,270.000000,1.000000,0.000000,1.000000,469.448782,327.338521,-841.375227
-10.000000,270.000000,1.000000,0.000000,2.000000,469.449415,341.948125,-862.092421
-10.000000,270.000000,1.000000,0.000000,3.000000,469.449099,306.557875,-855.852137
-10.000000,270.000000,1.000000,0.000000,4.000000,451.471182,324.236737,-858.969312
-10.000000,270.000000,1.000000,0.000000,5.000000,487.367216,324.236097,-858.969312
-10.000000,270.000000,2.000000,1.000000,1.000000,469.418566,327.355656,-841.379242
-10.000000,270.000000,2.000000,1.000000,2.000000,469.418882,341.952291,-862.094121
-10.000000,270.000000,2.000000,1.000000,3.000000,469.417932,306.553976,-855.852362
-10.000000,270.000000,2.000000,1.000000,4.000000,451.471799,324.253873,-858.973328
-10.000000,270.000000,2.000000,1.000000,5.000000,487.370217,324.253713,-858.973328
0.000000,0.000000,1.000000,0.000000,1.000000,469.419708,324.253463,-841.135484
0.000000,0.000000,1.000000,0.000000,2.000000,451.420240,324.253463,-859.000951
0.000000,0.000000,1.000000,0.000000,3.000000,487.302508,324.253463,-859.000951
0.000000,0.000000,1.000000,0.000000,4.000000,469.419708,306.239829,-859.000951
0.000000,0.000000,1.000000,0.000000,5.000000,469.419708,342.175430,-859.000951
0.000000,0.000000,2.000000,1.000000,1.000000,469.361374,324.207630,-841.133984
0.000000,0.000000,2.000000,1.000000,2.000000,451.417740,324.207630,-858.999451
0.000000,0.000000,2.000000,1.000000,3.000000,487.305008,324.207630,-858.999451
0.000000,0.000000,2.000000,1.000000,4.000000,469.361374,306.236496,-858.999451
0.000000,0.000000,2.000000,1.000000,5.000000,469.361374,342.177097,-858.999451
30.000000,0.000000,1.000000,0.000000,1.000000,478.293149,324.207213,-843.530394
30.000000,0.000000,1.000000,0.000000,2.000000,453.799052,324.207214,-850.017982
30.000000,0.000000,1.000000,0.000000,3.000000,484.871451,324.207213,-867.957644
30.000000,0.000000,1.000000,0.000000,4.000000,469.360948,306.156079,-859.002651
30.000000,0.000000,1.000000,0.000000,5.000000,469.359351,342.098347,-859.001725
30.000000,0.000000,2.000000,1.000000,1.000000,478.263762,324.127214,-843.520717
30.000000,0.000000,2.000000,1.000000,2.000000,453.794202,324.127214,-850.022472
30.000000,0.000000,2.000000,1.000000,3.000000,484.869487,324.127213,-867.963800
30.000000,0.000000,2.000000,1.000000,4.000000,469.331561,306.157746,-858.992974
30.000000,0.000000,2.000000,1.000000,5.000000,469.331561,342.097514,-858.992974
30.000000,90.000000,1.000000,0.000000,1.000000,469.330775,333.050356,-843.535340
30.000000,90.000000,1.000000,0.000000,2.000000,469.331702,308.567244,-850.029178
30.000000,90.000000,1.000000,0.000000,3.000000,469.330775,339.698661,-868.003006
30.000000,90.000000,1.000000,0.000000,4.000000,487.330242,324.118155,-859.007597
30.000000,90.000000,1.000000,0.000000,5.000000,451.367141,324.118155,-859.007597
30.000000,90.000000,2.000000,1.000000,1.000000,469.348692,333.067624,-843.542019
30.000000,90.000000,2.000000,1.000000,2.000000,469.348691,308.566310,-850.025440
30.000000,90.000000,2.000000,1.000000,3.000000,469.348692,339.704382,-868.003018
30.000000,90.000000,2.000000,1.000000,4.000000,487.330660,324.135423,-859.014276
30.000000,90.000000,2.000000,1.000000,5.000000,451.366724,324.133825,-859.013349
30.000000,180.000000,1.000000,0.000000,1.000000,460.430181,324.134985,-843.564245
30.000000,180.000000,1.000000,0.000000,2.000000,485.018103,324.134058,-849.997759
30.000000,180.000000,1.000000,0.000000,3.000000,453.864462,324.134057,-867.984318
30.000000,180.000000,1.000000,0.000000,4.000000,469.362222,342.103713,-859.036502
30.000000,180.000000,1.000000,0.000000,5.000000,469.362222,306.162278,-859.036502
30.000000,180.000000,2.000000,1.000000,1.000000,460.501392,324.133923,-843.508201
30.000000,180.000000,2.000000,1.000000,2.000000,485.003989,324.134850,-849.990789
30.000000,180.000000,2.000000,1.000000,3.000000,453.855252,324.133923,-867.974617
30.000000,180.000000,2.000000,1.000000,4.000000,469.433593,342.103390,-858.980458
30.000000,180.000000,2.000000,1.000000,5.000000,469.433593,306.162789,-858.980458
30.000000,270.000000,1.000000,0.000000,1.000000,469.432534,315.235456,-843.570259
30.000000,270.000000,1.000000,0.000000,2.000000,469.430679,339.926100,-849.944190
30.000000,270.000000,1.000000,0.000000,3.000000,469.434389,308.861866,-867.879498
30.000000,270.000000,1.000000,0.000000,4.000000,451.364921,324.169574,-859.041589
30.000000,270.000000,1.000000,0.000000,5.000000,487.263667,324.167657,-859.042516
30.000000,270.000000,2.000000,1.000000,1.000000,469.312439,315.460223,-843.439901
30.000000,270.000000,2.000000,1.000000,2.000000,469.314294,339.932112,-849.940499
30.000000,270.000000,2.000000,1.000000,3.000000,469.312439,308.866766,-867.875901
30.000000,270.000000,2.000000,1.000000,4.000000,451.360284,324.392104,-858.912158
30.000000,270.000000,2.000000,1.000000,5.000000,487.256907,324.394021,-858.911232
-30.000000,0.000000,1.000000,0.000000,1.000000,460.389973,324.396250,-843.455845
-30.000000,0.000000,1.000000,0.000000,2.000000,453.776465,324.396250,-867.903422
-30.000000,0.000000,1.000000,0.000000,3.000000,484.924329,324.396251,-849.920191
-30.000000,0.000000,1.000000,0.000000,4.000000,469.322172,306.262617,-858.928100
-30.000000,0.000000,1.000000,0.000000,5.000000,469.322172,342.199051,-858.928100
-30.000000,0.000000,2.000000,1.000000,1.000000,460.418555,324.230834,-843.438940
-30.000000,0.000000,2.000000,1.000000,2.000000,453.771692,324.230834,-867.905771
-30.000000,0.000000,2.000000,1.000000,3.000000,484.918992,324.230834,-849.922869
-30.000000,0.000000,2.000000,1.000000,4.000000,469.350755,306.263034,-858.911195
-30.000000,0.000000,2.000000,1.000000,5.000000,469.352356,342.201133,-858.910275
-30.000000,90.000000,1.000000,0.000000,1.000000,469.349369,315.270707,-843.389865
-30.000000,90.000000,1.000000,0.000000,2.000000,469.348449,308.761847,-867.777113
-30.000000,90.000000,1.000000,0.000000,3.000000,469.349369,339.836975,-849.835791
-30.000000,90.000000,1.000000,0.000000,4.000000,487.374669,324.202906,-858.862120
-30.000000,90.000000,1.000000,0.000000,5.000000,451.410735,324.202906,-858.862120
-30.000000,90.000000,2.000000,1.000000,1.000000,469.392702,315.365947,-843.334471
-30.000000,90.000000,2.000000,1.000000,2.000000,469.392703,308.761101,-867.777048
-30.000000,90.000000,2.000000,1.000000,3.000000,469.392702,339.835352,-849.836316
-30.000000,90.000000,2.000000,1.000000,4.000000,487.366336,324.299748,-858.805805
-30.000000,90.000000,2.000000,1.000000,5.000000,451.401568,324.299749,-858.805805
-30.000000,180.000000,1.000000,0.000000,1.000000,478.307443,324.298067,-843.358835
-30.000000,180.000000,1.000000,0.000000,2.000000,484.962806,324.297148,-867.830666
-30.000000,180.000000,1.000000,0.000000,3.000000,453.876291,324.298988,-849.882678
-30.000000,180.000000,1.000000,0.000000,4.000000,469.375243,342.260034,-858.831090
-30.000000,180.000000,1.000000,0.000000,5.000000,469.373802,306.315354,-858.830170
-30.000000,180.000000,2.000000,1.000000,1.000000,478.352063,324.286775,-843.382362
-30.000000,180.000000,2.000000,1.000000,2.000000,484.965009,324.287695,-867.829522
-30.000000,180.000000,2.000000,1.000000,3.000000,453.878732,324.285856,-849.882038
-30.000000,180.000000,2.000000,1.000000,4.000000,469.420185,342.252248,-858.854617
-30.000000,180.000000,2.000000,1.000000,5.000000,469.418583,306.308314,-858.853697
-30.000000,270.000000,1.000000,0.000000,1.000000,469.418788,333.180625,-843.446531
-30.000000,270.000000,1.000000,0.000000,2.000000,469.420627,339.786752,-867.890029
-30.000000,270.000000,1.000000,0.000000,3.000000,469.416949,308.668963,-849.923794
-30.000000,270.000000,1.000000,0.000000,4.000000,451.404981,324.247145,-858.917866
-30.000000,270.000000,1.000000,0.000000,5.000000,487.303083,324.248747,-858.918786
-30.000000,270.000000,2.000000,1.000000,1.000000,469.355871,333.162229,-843.432802
-30.000000,270.000000,2.000000,1.000000,2.000000,469.357711,339.795780,-867.892132
-30.000000,270.000000,2.000000,1.000000,3.000000,469.354032,308.667729,-849.919977
-30.000000,270.000000,2.000000,1.000000,4.000000,451.420398,324.228749,-858.904136
-30.000000,270.000000,2.000000,1.000000,5.000000,487.319678,324.229708,-858.905057
0.000000,0.000000,1.000000,0.000000,1.000000,469.362955,324.230491,-841.139192
0.000000,0.000000,1.000000,0.000000,2.000000,451.411821,324.230491,-859.004659
0.000000,0.000000,1.000000,0.000000,3.000000,487.301589,324.230491,-859.004659
0.000000,0.000000,1.000000,0.000000,4.000000,469.362955,306.238524,-859.004659
0.000000,0.000000,1.000000,0.000000,5.000000,469.362955,342.178292,-859.004659
0.000000,0.000000,2.000000,1.000000,1.000000,469.356705,324.208408,-841.139359
0.000000,0.000000,2.000000,1.000000,2.000000,451.415571,324.208408,-859.004826
0.000000,0.000000,2.000000,1.000000,3.000000,487.304505,324.208408,-859.004826
0.000000,0.000000,2.000000,1.000000,4.000000,469.356705,306.238108,-859.004826
0.000000,0.000000,2.000000,1.000000,5.000000,469.356705,342.174542,-859.004826
50.000000,0.000000,1.000000,0.000000,1.000000,483.052620,324.207367,-847.512915
50.000000,0.000000,1.000000,0.000000,2.000000,457.824184,324.207367,-845.240566
50.000000,0.000000,1.000000,0.000000,3.000000,480.888278,324.207366,-872.727289
50.000000,0.000000,1.000000,0.000000,4.000000,469.367536,306.089566,-858.997403
50.000000,0.000000,1.000000,0.000000,5.000000,469.367536,342.031833,-858.997403
50.000000,0.000000,2.000000,1.000000,1.000000,483.049111,324.060699,-847.495577
50.000000,0.000000,2.000000,1.000000,2.000000,457.831388,324.060700,-845.235995
50.000000,0.000000,2.000000,1.000000,3.000000,480.893226,324.060700,-872.720024
50.000000,0.000000,2.000000,1.000000,4.000000,469.362842,306.093732,-858.978648
50.000000,0.000000,2.000000,1.000000,5.000000,469.362842,342.035167,-858.978648
50.000000,90.000000,1.000000,0.000000,1.000000,469.362574,337.723628,-847.514272
50.000000,90.000000,1.000000,0.000000,2.000000,469.362574,312.529474,-845.282779
50.000000,90.000000,1.000000,0.000000,3.000000,469.362575,335.620350,-872.801420
50.000000,90.000000,1.000000,0.000000,4.000000,487.278708,324.037360,-858.997343
50.000000,90.000000,1.000000,0.000000,5.000000,451.314774,324.038544,-858.998760
50.000000,90.000000,2.000000,1.000000,1.000000,469.296741,337.765238,-847.555891
50.000000,90.000000,2.000000,1.000000,2.000000,469.296741,312.537338,-845.284180
50.000000,90.000000,2.000000,1.000000,3.000000,469.296741,335.624465,-872.798353
50.000000,90.000000,2.000000,1.000000,4.000000,487.282041,324.078970,-859.038962
50.000000,90.000000,2.000000,1.000000,5.000000,451.316440,324.078970,-859.038962
50.000000,180.000000,1.000000,0.000000,1.000000,455.612931,324.078518,-847.558192
50.000000,180.000000,1.000000,0.000000,2.000000,480.853528,324.079936,-845.271160
50.000000,180.000000,1.000000,0.000000,3.000000,457.777649,324.079936,-872.771927
50.000000,180.000000,1.000000,0.000000,4.000000,469.297856,342.046070,-859.042680
50.000000,180.000000,1.000000,0.000000,5.000000,469.297856,306.099636,-859.042680
50.000000,180.000000,2.000000,1.000000,1.000000,455.622803,324.072853,-847.533271
50.000000,180.000000,2.000000,1.000000,2.000000,480.845723,324.074271,-845.267306
50.000000,180.000000,2.000000,1.000000,3.000000,457.771451,324.074271,-872.766157
50.000000,180.000000,2.000000,1.000000,4.000000,469.307886,342.040654,-859.017759
50.000000,180.000000,2.000000,1.000000,5.000000,469.309390,306.095550,-859.016342
50.000000,270.000000,1.000000,0.000000,1.000000,469.311448,310.583543,-847.700486
50.000000,270.000000,1.000000,0.000000,2.000000,469.312866,336.078360,-845.110867
50.000000,270.000000,1.000000,0.000000,3.000000,469.312866,313.018128,-872.592981
50.000000,270.000000,1.000000,0.000000,4.000000,451.263312,324.268308,-859.184974
50.000000,270.000000,1.000000,0.000000,5.000000,487.150580,324.269492,-859.183557
50.000000,270.000000,2.000000,1.000000,1.000000,469.209781,310.861337,-847.368317
50.000000,270.000000,2.000000,1.000000,2.000000,469.212617,336.080450,-845.107458
50.000000,270.000000,2.000000,1.000000,3.000000,469.211199,313.017268,-872.592904
50.000000,270.000000,2.000000,1.000000,4.000000,451.258398,324.546580,-858.852805
50.000000,270.000000,2.000000,1.000000,5.000000,487.154832,324.546580,-858.852805
-50.000000,0.000000,1.000000,0.000000,1.000000,455.528421,324.547719,-847.370834
-50.000000,0.000000,1.000000,0.000000,2.000000,457.731446,324.547719,-872.539106
-50.000000,0.000000,1.000000,0.000000,3.000000,480.806676,324.547719,-845.039118
-50.000000,0.000000,1.000000,0.000000,4.000000,469.213502,306.236586,-858.855319
-50.000000,0.000000,1.000000,0.000000,5.000000,469.214692,342.172186,-858.853907
-50.000000,0.000000,2.000000,1.000000,1.000000,455.581284,324.204386,-847.305043
-50.000000,0.000000,2.000000,1.000000,2.000000,457.732350,324.204386,-872.535237
-50.000000,0.000000,2.000000,1.000000,3.000000,480.800081,324.204386,-845.044187
-50.000000,0.000000,2.000000,1.000000,4.000000,469.267554,306.231585,-858.788116
-50.000000,0.000000,2.000000,1.000000,5.000000,469.266365,342.168853,-858.789528
-50.000000,90.000000,1.000000,0.000000,1.000000,469.265175,310.593846,-847.371620
-50.000000,90.000000,1.000000,0.000000,2.000000,469.266587,312.965323,-872.338942
-50.000000,90.000000,1.000000,0.000000,3.000000,469.265175,336.020358,-844.863212
-50.000000,90.000000,1.000000,0.000000,4.000000,487.290476,324.280116,-858.854694
-50.000000,90.000000,1.000000,0.000000,5.000000,451.336541,324.278926,-858.856106
-50.000000,90.000000,2.000000,1.000000,1.000000,469.313509,310.806304,-847.115637
-50.000000,90.000000,2.000000,1.000000,2.000000,469.313509,312.962608,-872.339584
-50.000000,90.000000,2.000000,1.000000,3.000000,469.313509,336.020815,-844.859888
-50.000000,90.000000,2.000000,1.000000,4.000000,487.291309,324.491384,-858.600123
-50.000000,90.000000,2.000000,1.000000,5.000000,451.327376,324.492574,-858.598711
-50.000000,180.000000,1.000000,0.000000,1.000000,483.009980,324.490434,-847.103918
-50.000000,180.000000,1.000000,0.000000,2.000000,480.941780,324.489022,-872.433060
-50.000000,180.000000,1.000000,0.000000,3.000000,457.874370,324.491846,-844.942010
-50.000000,180.000000,1.000000,0.000000,4.000000,469.325060,342.275479,-858.588404
-50.000000,180.000000,1.000000,0.000000,5.000000,469.323709,306.328467,-858.586991
-50.000000,180.000000,2.000000,1.000000,1.000000,483.098883,324.300561,-847.200788
-50.000000,180.000000,2.000000,1.000000,2.000000,480.948471,324.300561,-872.431756
-50.000000,180.000000,2.000000,1.000000,3.000000,457.877902,324.299149,-844.937514
-50.000000,180.000000,2.000000,1.000000,4.000000,469.412451,342.273616,-858.683861
-50.000000,180.000000,2.000000,1.000000,5.000000,469.413963,306.330006,-858.685273
-50.000000,270.000000,1.000000,0.000000,1.000000,469.410373,337.842830,-847.320714
-50.000000,270.000000,1.000000,0.000000,2.000000,469.411785,335.676723,-872.533170
-50.000000,270.000000,1.000000,0.000000,3.000000,469.413196,312.584073,-845.012619
-50.000000,270.000000,1.000000,0.000000,4.000000,451.345650,324.156399,-858.803788
-50.000000,270.000000,1.000000,0.000000,5.000000,487.247595,324.157910,-858.805200
-50.000000,270.000000,2.000000,1.000000,1.000000,469.299446,337.819357,-847.285153
-50.000000,270.000000,2.000000,1.000000,2.000000,469.300858,335.679915,-872.529391
-50.000000,270.000000,2.000000,1.000000,3.000000,469.299446,312.587823,-845.009111
-50.000000,270.000000,2.000000,1.000000,4.000000,451.345303,324.133955,-858.769638
-50.000000,270.000000,2.000000,1.000000,5.000000,487.246923,324.134598,-858.769638
0.000000,0.000000,1.000000,0.000000,1.000000,469.298133,324.134073,-841.136644
0.000000,0.000000,1.000000,0.000000,2.000000,451.417832,324.134073,-859.002111
0.000000,0.000000,1.000000,0.000000,3.000000,487.304266,324.134073,-859.002111
0.000000,0.000000,1.000000,0.000000,4.000000,469.298132,306.240439,-859.002111
0.000000,0.000000,1.000000,0.000000,5.000000,469.298132,342.176040,-859.002111
0.000000,0.000000,2.000000,1.000000,1.000000,469.361049,324.208239,-841.137644
0.000000,0.000000,2.000000,1.000000,2.000000,451.417416,324.208239,-859.003111
0.000000,0.000000,2.000000,1.000000,3.000000,487.305517,324.208239,-859.003111
0.000000,0.000000,2.000000,1.000000,4.000000,469.361049,306.237939,-859.003111
0.000000,0.000000,2.000000,1.000000,5.000000,469.361049,342.178540,-859.003111
