abs_b_deg,abs_c_deg,pass_num,accepted,b_ssi_abs_position_deg,b_ssi_zeroed_position_deg,c_ssi_abs_position_deg,c_ssi_zeroed_position_deg,b_ssi_rawcounts,c_ssi_rawcounts,b_following_error_udeg,c_following_error_udeg,b_axis_fb_udeg,c_axis_fb_udeg
0.000000,0.000000,1.000000,0.000000,-182.894554,0.020646,180.858994,-0.011306,-532719.000000,-526790.000000,0.000000,0.000000,0.000000,0.000000
0.000000,0.000000,2.000000,1.000000,-182.894554,0.020646,180.858994,-0.011306,-532719.000000,-526790.000000,0.000000,0.000000,0.000000,0.000000
30.000000,0.000000,1.000000,0.000000,-152.894669,30.020531,180.858994,-0.011306,-445338.000000,-526790.000000,-114.440918,0.000000,29999885.559082,0.000000
0.000000,0.000000,1.000000,0.000000,-182.894554,0.020646,180.858994,-0.011306,-532719.000000,-526790.000000,0.000000,0.000000,0.000000,0.000000
0.000000,0.000000,2.000000,1.000000,-182.894554,0.020646,180.858994,-0.011306,-532719.000000,-526790.000000,0.000000,0.000000,0.000000,0.000000
30.000000,0.000000,1.000000,0.000000,-152.894669,30.020531,180.858994,-0.011306,-445338.000000,-526790.000000,-114.440918,0.000000,29999885.559082,0.000000
0.000000,0.000000,1.000000,0.000000,-182.894554,0.020646,180.858994,-0.011306,-532719.000000,-526790.000000,0.000000,0.000000,0.000000,0.000000
0.000000,0.000000,2.000000,1.000000,-182.894554,0.020646,180.858994,-0.011306,-532719.000000,-526790.000000,0.000000,0.000000,0.000000,0.000000
30.000000,0.000000,1.000000,0.000000,-152.894669,30.020531,180.858994,-0.011306,-445338.000000,-526790.000000,-114.440918,0.000000,29999885.559082,0.000000
30.000000,0.000000,2.000000,1.000000,-152.894325,30.020875,180.858994,-0.011306,-445338.000000,-526790.000000,228.881836,0.000000,30000228.881836,0.000000
-30.000000,0.000000,1.000000,0.000000,-212.894440,-29.979240,180.858994,-0.011306,-620100.000000,-526790.000000,114.440918,0.000000,-29999885.559082,0.000000
-30.000000,0.000000,2.000000,1.000000,-212.894440,-29.979240,180.858994,-0.011306,-620100.000000,-526790.000000,114.440918,0.000000,-29999885.559082,0.000000
60.000000,0.000000,1.000000,0.000000,-122.894783,60.020417,180.858994,-0.011306,-357957.000000,-526790.000000,114.440918,0.000000,60000114.440918,0.000000
60.000000,0.000000,2.000000,1.000000,-122.894440,60.020760,180.858994,-0.011306,-357956.000000,-526790.000000,114.440918,0.000000,60000114.440918,0.000000
-60.000000,0.000000,1.000000,0.000000,-242.894669,-59.979469,180.858994,-0.011306,-707482.000000,-526790.000000,228.881836,0.000000,-59999771.118164,0.000000
-60.000000,0.000000,2.000000,1.000000,-242.894669,-59.979469,180.858994,-0.011306,-707482.000000,-526790.000000,-114.440918,0.000000,-60000114.440918,0.000000
90.000000,0.000000,1.000000,0.000000,-92.894554,90.020646,180.858994,-0.011306,-270575.000000,-526790.000000,0.000000,0.000000,90000000.000000,0.000000
90.000000,0.000000,2.000000,1.000000,-92.894554,90.020646,180.858994,-0.011306,-270575.000000,-526790.000000,0.000000,0.000000,90000000.000000,0.000000
-90.000000,0.000000,1.000000,0.000000,-272.894554,-89.979354,180.858994,-0.011306,-794863.000000,-526790.000000,0.000000,0.000000,-90000000.000000,0.000000
-90.000000,0.000000,1.000000,0.000000,-272.894554,-89.979354,180.858994,-0.011306,-794863.000000,-526790.000000,0.000000,0.000000,-90000000.000000,0.000000
-90.000000,0.000000,2.000000,1.000000,-272.894554,-89.979354,180.858994,-0.011306,-794863.000000,-526790.000000,0.000000,0.000000,-90000000.000000,0.000000
0.000000,0.000000,1.000000,0.000000,-182.894554,0.020646,180.858994,-0.011306,-532719.000000,-526790.000000,0.000000,0.000000,0.000000,0.000000
0.000000,0.000000,2.000000,1.000000,-182.894554,0.020646,180.858994,-0.011306,-532719.000000,-526790.000000,0.000000,0.000000,0.000000,0.000000
0.000000,0.000000,1.000000,0.000000,-182.894554,0.020646,180.858994,-0.011306,-532719.000000,-526790.000000,0.000000,0.000000,0.000000,0.000000
0.000000,0.000000,2.000000,1.000000,-182.894554,0.020646,180.858994,-0.011306,-532719.000000,-526790.000000,0.000000,0.000000,0.000000,0.000000
30.000000,0.000000,1.000000,0.000000,-152.894669,30.020531,180.858994,-0.011306,-445338.000000,-526790.000000,-114.440918,0.000000,29999885.559082,0.000000
0.000000,0.000000,1.000000,0.000000,-182.894554,0.020646,180.858994,-0.011306,-532719.000000,-526790.000000,0.000000,0.000000,0.000000,0.000000
0.000000,0.000000,2.000000,1.000000,-182.894554,0.020646,180.858994,-0.011306,-532719.000000,-526790.000000,0.000000,0.000000,0.000000,0.000000
30.000000,0.000000,1.000000,0.000000,-152.894325,30.020875,180.858994,-0.011306,-445337.000000,-526790.000000,-114.440918,0.000000,29999885.559082,0.000000
30.000000,0.000000,2.000000,1.000000,-152.894325,30.020875,180.858994,-0.011306,-445337.000000,-526790.000000,228.881836,0.000000,30000228.881836,0.000000
-30.000000,0.000000,1.000000,0.000000,-212.894440,-29.979240,180.858994,-0.011306,-620100.000000,-526790.000000,114.440918,0.000000,-29999885.559082,0.000000
-30.000000,0.000000,2.000000,1.000000,-212.894440,-29.979240,180.858994,-0.011306,-620100.000000,-526790.000000,114.440918,0.000000,-29999885.559082,0.000000
60.000000,0.000000,1.000000,0.000000,-122.894783,60.020417,180.858994,-0.011306,-357957.000000,-526790.000000,114.440918,0.000000,60000114.440918,0.000000
60.000000,0.000000,2.000000,1.000000,-122.894783,60.020760,180.858994,-0.011306,-357956.000000,-526790.000000,114.440918,0.000000,60000114.440918,0.000000
-60.000000,0.000000,1.000000,0.000000,-242.894669,-59.979469,180.858994,-0.011306,-707482.000000,-526790.000000,228.881836,0.000000,-59999771.118164,0.000000
-60.000000,0.000000,2.000000,1.000000,-242.894669,-59.979469,180.858994,-0.011306,-707482.000000,-526790.000000,-114.440918,0.000000,-60000114.440918,0.000000
90.000000,0.000000,1.000000,0.000000,-92.894554,90.020646,180.858994,-0.011306,-270575.000000,-526790.000000,0.000000,0.000000,90000000.000000,0.000000
90.000000,0.000000,2.000000,1.000000,-92.894554,90.020646,180.858994,-0.011306,-270575.000000,-526790.000000,0.000000,0.000000,90000000.000000,0.000000
-90.000000,0.000000,1.000000,0.000000,-272.894554,-89.979354,180.858994,-0.011306,-794863.000000,-526790.000000,0.000000,0.000000,-90000000.000000,0.000000
-90.000000,0.000000,2.000000,1.000000,-272.894554,-89.979354,180.858994,-0.011306,-794863.000000,-526790.000000,0.000000,0.000000,-90000000.000000,0.000000
0.000000,0.000000,1.000000,0.000000,-182.894554,0.020646,180.858994,-0.011306,-532719.000000,-526790.000000,0.000000,0.000000,0.000000,0.000000
0.000000,0.000000,2.000000,1.000000,-182.894554,0.020646,180.858994,-0.011306,-532719.000000,-526790.000000,0.000000,0.000000,0.000000,0.000000
0.000000,180.000000,1.000000,0.000000,-182.894554,0.020646,0.858650,-180.011650,-532719.000000,-2501.000000,0.000000,343.322754,0.000000,180000343.322754
0.000000,180.000000,2.000000,1.000000,-182.894554,0.020646,0.859337,-180.010963,-532719.000000,-2503.000000,0.000000,-343.322754,0.000000,179999656.677246
30.000000,180.000000,1.000000,0.000000,-152.894325,30.020875,0.858994,-180.011306,-445337.000000,-2502.000000,-114.440918,0.000000,29999885.559082,180000000.000000
30.000000,180.000000,2.000000,1.000000,-152.894669,30.020531,0.858994,-180.011306,-445338.000000,-2502.000000,-114.440918,0.000000,29999885.559082,180000000.000000
-30.000000,180.000000,1.000000,0.000000,-212.894783,-29.979583,0.858994,-180.011306,-620101.000000,-2502.000000,-228.881836,0.000000,-30000228.881836,180000000.000000
-30.000000,180.000000,2.000000,1.000000,-212.894440,-29.979240,0.858994,-180.011306,-620100.000000,-2502.000000,114.440918,0.000000,-29999885.559082,180000000.000000
60.000000,180.000000,1.000000,0.000000,-122.894440,60.020760,0.858994,-180.011306,-357956.000000,-2502.000000,114.440918,0.000000,60000114.440918,180000000.000000
60.000000,180.000000,2.000000,1.000000,-122.894440,60.020760,0.858994,-180.011306,-357956.000000,-2502.000000,114.440918,0.000000,60000114.440918,180000000.000000
-60.000000,180.000000,1.000000,0.000000,-242.894669,-59.979469,0.858994,-180.011306,-707482.000000,-2502.000000,228.881836,0.000000,-59999771.118164,180000000.000000
-60.000000,180.000000,2.000000,1.000000,-242.894669,-59.979469,0.859337,-180.010963,-707482.000000,-2503.000000,228.881836,-343.322754,-59999771.118164,179999656.677246
90.000000,180.000000,1.000000,0.000000,-92.894554,90.020646,0.858994,-180.011306,-270575.000000,-2502.000000,0.000000,0.000000,90000000.000000,180000000.000000
90.000000,180.000000,2.000000,1.000000,-92.894554,90.020646,0.859337,-180.010963,-270575.000000,-2503.000000,0.000000,-343.322754,90000000.000000,179999656.677246
-90.000000,180.000000,1.000000,0.000000,-272.894554,-89.979354,0.858994,-180.011306,-794863.000000,-2502.000000,0.000000,0.000000,-90000000.000000,180000000.000000
-90.000000,180.000000,2.000000,1.000000,-272.894554,-89.979354,0.858994,-180.011306,-794863.000000,-2502.000000,0.000000,0.000000,-90000000.000000,180000000.000000
0.000000,180.000000,1.000000,0.000000,-182.894554,0.020646,0.858994,-180.011306,-532719.000000,-2502.000000,0.000000,0.000000,0.000000,180000000.000000
0.000000,180.000000,2.000000,1.000000,-182.894554,0.020646,0.858994,-180.011306,-532719.000000,-2502.000000,0.000000,0.000000,0.000000,180000000.000000
0.000000,90.000000,1.000000,0.000000,-182.894554,0.020646,90.858994,-90.011306,-532719.000000,-264646.000000,0.000000,0.000000,0.000000,90000000.000000
0.000000,90.000000,2.000000,1.000000,-182.894554,0.020646,90.858994,-90.011306,-532719.000000,-264646.000000,0.000000,0.000000,0.000000,90000000.000000
90.000000,90.000000,1.000000,0.000000,-92.894554,90.020646,90.858994,-90.011306,-270575.000000,-264646.000000,0.000000,0.000000,90000000.000000,90000000.000000
90.000000,90.000000,2.000000,1.000000,-92.894554,90.020646,90.858994,-90.011306,-270575.000000,-264646.000000,0.000000,0.000000,90000000.000000,90000000.000000
-90.000000,90.000000,1.000000,0.000000,-272.894554,-89.979354,90.858994,-90.011306,-794863.000000,-264646.000000,0.000000,0.000000,-90000000.000000,90000000.000000
-90.000000,90.000000,2.000000,1.000000,-272.894554,-89.979354,90.858994,-90.011306,-794863.000000,-264646.000000,0.000000,0.000000,-90000000.000000,90000000.000000
0.000000,90.000000,1.000000,0.000000,-182.894554,0.020646,90.858994,-90.011306,-532719.000000,-264646.000000,0.000000,0.000000,0.000000,90000000.000000
0.000000,90.000000,2.000000,1.000000,-182.894554,0.020646,90.858994,-90.011306,-532719.000000,-264646.000000,0.000000,0.000000,0.000000,90000000.000000
0.000000,270.000000,1.000000,0.000000,-182.894554,0.020646,-89.140320,-270.010620,-532719.000000,259640.000000,0.000000,-686.645508,0.000000,269999313.354492
0.000000,270.000000,2.000000,1.000000,-182.894554,0.020646,-89.141693,-270.011993,-532719.000000,259644.000000,0.000000,686.645508,0.000000,270000686.645508
90.000000,270.000000,1.000000,0.000000,-92.894554,90.020646,-89.141006,-270.011306,-270575.000000,259642.000000,0.000000,0.000000,90000000.000000,270000000.000000
90.000000,270.000000,2.000000,1.000000,-92.894554,90.020646,-89.140320,-270.010620,-270575.000000,259640.000000,0.000000,-686.645508,90000000.000000,269999313.354492
-90.000000,270.000000,1.000000,0.000000,-272.894554,-89.979354,-89.139977,-270.010277,-794863.000000,259639.000000,0.000000,-1029.968262,-90000000.000000,269998970.031738
-90.000000,270.000000,2.000000,1.000000,-272.894554,-89.979354,-89.142036,-270.012336,-794863.000000,259645.000000,0.000000,1029.968262,-90000000.000000,270001029.968262
0.000000,270.000000,1.000000,0.000000,-182.894554,0.020646,-89.140320,-270.010620,-532719.000000,259640.000000,0.000000,-686.645508,0.000000,269999313.354492
0.000000,270.000000,2.000000,1.000000,-182.894554,0.020646,-89.142036,-270.012336,-532719.000000,259645.000000,0.000000,1029.968262,0.000000,270001029.968262
0.000000,0.000000,1.000000,0.000000,-182.894554,0.020646,180.858994,-0.011306,-532719.000000,-526790.000000,0.000000,0.000000,0.000000,0.000000
0.000000,0.000000,2.000000,1.000000,-182.894554,0.020646,180.858994,-0.011306,-532719.000000,-526790.000000,0.000000,0.000000,0.000000,0.000000
30.000000,0.000000,1.000000,0.000000,-152.894669,30.020531,180.858994,-0.011306,-445338.000000,-526790.000000,-114.440918,0.000000,29999885.559082,0.000000
30.000000,0.000000,2.000000,1.000000,-152.894669,30.020531,180.858994,-0.011306,-445338.000000,-526790.000000,-114.440918,0.000000,29999885.559082,0.000000
-30.000000,0.000000,1.000000,0.000000,-212.894440,-29.979240,180.858994,-0.011306,-620100.000000,-526790.000000,-228.881836,0.000000,-30000228.881836,0.000000
-30.000000,0.000000,2.000000,1.000000,-212.894440,-29.979240,180.858994,-0.011306,-620100.000000,-526790.000000,-228.881836,0.000000,-30000228.881836,0.000000
60.000000,0.000000,1.000000,0.000000,-122.894440,60.020760,180.858994,-0.011306,-357956.000000,-526790.000000,-228.881836,0.000000,59999771.118164,0.000000
60.000000,0.000000,2.000000,1.000000,-122.894440,60.020760,180.858994,-0.011306,-357956.000000,-526790.000000,114.440918,0.000000,60000114.440918,0.000000
-60.000000,0.000000,1.000000,0.000000,-242.894325,-59.979125,180.858994,-0.011306,-707481.000000,-526790.000000,228.881836,0.000000,-59999771.118164,0.000000
-60.000000,0.000000,2.000000,1.000000,-242.894325,-59.979125,180.858994,-0.011306,-707481.000000,-526790.000000,-114.440918,0.000000,-60000114.440918,0.000000
90.000000,0.000000,1.000000,0.000000,-92.894554,90.020646,180.858994,-0.011306,-270575.000000,-526790.000000,0.000000,0.000000,90000000.000000,0.000000
90.000000,0.000000,2.000000,1.000000,-92.894554,90.020646,180.858994,-0.011306,-270575.000000,-526790.000000,0.000000,0.000000,90000000.000000,0.000000
-90.000000,0.000000,1.000000,0.000000,-272.894554,-89.979354,180.858994,-0.011306,-794863.000000,-526790.000000,0.000000,0.000000,-90000000.000000,0.000000
-90.000000,0.000000,2.000000,1.000000,-272.894554,-89.979354,180.858994,-0.011306,-794863.000000,-526790.000000,0.000000,0.000000,-90000000.000000,0.000000
0.000000,0.000000,1.000000,0.000000,-182.894554,0.020646,180.858994,-0.011306,-532719.000000,-526790.000000,0.000000,0.000000,0.000000,0.000000
0.000000,0.000000,2.000000,1.000000,-182.894554,0.020646,180.858994,-0.011306,-532719.000000,-526790.000000,0.000000,0.000000,0.000000,0.000000
0.000000,180.000000,1.000000,0.000000,-182.894554,0.020646,0.858994,-180.011306,-532719.000000,-2502.000000,0.000000,0.000000,0.000000,180000000.000000
0.000000,180.000000,2.000000,1.000000,-182.894554,0.020646,0.858994,-180.011306,-532719.000000,-2502.000000,0.000000,0.000000,0.000000,180000000.000000
30.000000,180.000000,1.000000,0.000000,-152.894669,30.020531,0.859337,-180.010963,-445338.000000,-2503.000000,-114.440918,-343.322754,29999885.559082,179999656.677246
30.000000,180.000000,2.000000,1.000000,-152.894325,30.020875,0.859337,-180.010963,-445337.000000,-2503.000000,-114.440918,-343.322754,29999885.559082,179999656.677246
-30.000000,180.000000,1.000000,0.000000,-212.894783,-29.979583,0.858994,-180.011306,-620101.000000,-2502.000000,-228.881836,0.000000,-30000228.881836,180000000.000000
-30.000000,180.000000,2.000000,1.000000,-212.894440,-29.979240,0.859337,-180.010963,-620100.000000,-2503.000000,114.440918,-343.322754,-29999885.559082,179999656.677246
60.000000,180.000000,1.000000,0.000000,-122.894440,60.020760,0.858994,-180.011306,-357956.000000,-2502.000000,114.440918,0.000000,60000114.440918,180000000.000000
60.000000,180.000000,2.000000,1.000000,-122.894440,60.020760,0.858994,-180.011306,-357956.000000,-2502.000000,-228.881836,0.000000,59999771.118164,180000000.000000
-60.000000,180.000000,1.000000,0.000000,-242.894669,-59.979469,0.858650,-180.011650,-707482.000000,-2501.000000,-114.440918,343.322754,-60000114.440918,180000343.322754
-60.000000,180.000000,2.000000,1.000000,-242.894669,-59.979469,0.859337,-180.010963,-707482.000000,-2503.000000,228.881836,-343.322754,-59999771.118164,179999656.677246
90.000000,180.000000,1.000000,0.000000,-92.894554,90.020646,0.858994,-180.011306,-270575.000000,-2502.000000,0.000000,0.000000,90000000.000000,180000000.000000
90.000000,180.000000,2.000000,1.000000,-92.894554,90.020646,0.858994,-180.011306,-270575.000000,-2502.000000,0.000000,0.000000,90000000.000000,180000000.000000
-90.000000,180.000000,1.000000,0.000000,-272.894554,-89.979354,0.858994,-180.011306,-794863.000000,-2502.000000,0.000000,0.000000,-90000000.000000,180000000.000000
-90.000000,180.000000,2.000000,1.000000,-272.894554,-89.979354,0.858994,-180.011306,-794863.000000,-2502.000000,0.000000,0.000000,-90000000.000000,180000000.000000
0.000000,180.000000,1.000000,0.000000,-182.894554,0.020646,0.858994,-180.011306,-532719.000000,-2502.000000,0.000000,0.000000,0.000000,180000000.000000
0.000000,180.000000,2.000000,1.000000,-182.894554,0.020646,0.858994,-180.011306,-532719.000000,-2502.000000,0.000000,0.000000,0.000000,180000000.000000
0.000000,90.000000,1.000000,0.000000,-182.894554,0.020646,90.858994,-90.011306,-532719.000000,-264646.000000,0.000000,0.000000,0.000000,90000000.000000
0.000000,90.000000,2.000000,1.000000,-182.894554,0.020646,90.858994,-90.011306,-532719.000000,-264646.000000,0.000000,0.000000,0.000000,90000000.000000
90.000000,90.000000,1.000000,0.000000,-92.894554,90.020646,90.858994,-90.011306,-270575.000000,-264646.000000,0.000000,0.000000,90000000.000000,90000000.000000
90.000000,90.000000,2.000000,1.000000,-92.894554,90.020646,90.858994,-90.011306,-270575.000000,-264646.000000,0.000000,0.000000,90000000.000000,90000000.000000
-90.000000,90.000000,1.000000,0.000000,-272.894554,-89.979354,90.858994,-90.011306,-794863.000000,-264646.000000,0.000000,0.000000,-90000000.000000,90000000.000000
-90.000000,90.000000,2.000000,1.000000,-272.894554,-89.979354,90.858994,-90.011306,-794863.000000,-264646.000000,0.000000,0.000000,-90000000.000000,90000000.000000
0.000000,90.000000,1.000000,0.000000,-182.894554,0.020646,90.858994,-90.011306,-532719.000000,-264646.000000,0.000000,0.000000,0.000000,90000000.000000
0.000000,90.000000,2.000000,1.000000,-182.894554,0.020646,90.858994,-90.011306,-532719.000000,-264646.000000,0.000000,0.000000,0.000000,90000000.000000
0.000000,270.000000,1.000000,0.000000,-182.894554,0.020646,-89.140663,-270.010963,-532719.000000,259641.000000,0.000000,-343.322754,0.000000,269999656.677246
0.000000,270.000000,2.000000,1.000000,-182.894554,0.020646,-89.141350,-270.011650,-532719.000000,259643.000000,0.000000,343.322754,0.000000,270000343.322754
90.000000,270.000000,1.000000,0.000000,-92.894554,90.020646,-89.140320,-270.010620,-270575.000000,259640.000000,0.000000,-686.645508,90000000.000000,269999313.354492
90.000000,270.000000,2.000000,1.000000,-92.894554,90.020646,-89.141350,-270.011650,-270575.000000,259643.000000,0.000000,343.322754,90000000.000000,270000343.322754
-90.000000,270.000000,1.000000,0.000000,-272.894554,-89.979354,-89.141693,-270.011993,-794863.000000,259644.000000,0.000000,686.645508,-90000000.000000,270000686.645508
-90.000000,270.000000,2.000000,1.000000,-272.894554,-89.979354,-89.141350,-270.011650,-794863.000000,259643.000000,0.000000,343.322754,-90000000.000000,270000343.322754
0.000000,270.000000,1.000000,0.000000,-182.894554,0.020646,-89.140320,-270.010620,-532719.000000,259640.000000,0.000000,-686.645508,0.000000,269999313.354492
0.000000,270.000000,2.000000,1.000000,-182.894554,0.020646,-89.141006,-270.011306,-532719.000000,259642.000000,0.000000,0.000000,0.000000,270000000.000000
0.000000,0.000000,1.000000,0.000000,177.105446,360.020646,-179.141350,-360.011650,515857.000000,521787.000000,0.000000,0.000000,0.000000,0.000000
0.000000,0.000000,2.000000,1.000000,177.105446,360.020646,-179.141350,-360.011650,515857.000000,521787.000000,0.000000,0.000000,0.000000,0.000000
30.000000,0.000000,1.000000,0.000000,207.105331,390.020531,-179.141350,-360.011650,603238.000000,521787.000000,-114.440918,0.000000,29999885.559082,0.000000
30.000000,0.000000,2.000000,1.000000,207.105331,390.020531,-179.141350,-360.011650,603238.000000,521787.000000,-114.440918,0.000000,29999885.559082,0.000000
-30.000000,0.000000,1.000000,0.000000,147.105560,330.020760,-179.141350,-360.011650,428476.000000,521787.000000,114.440918,0.000000,-29999885.559082,0.000000
-30.000000,0.000000,2.000000,1.000000,147.105560,330.020760,-179.141350,-360.011650,428476.000000,521787.000000,114.440918,0.000000,-29999885.559082,0.000000
60.000000,0.000000,1.000000,0.000000,237.105560,420.020760,-179.141350,-360.011650,690620.000000,521787.000000,-228.881836,0.000000,59999771.118164,0.000000
60.000000,0.000000,2.000000,1.000000,237.105217,420.020417,-179.141350,-360.011650,690619.000000,521787.000000,-228.881836,0.000000,59999771.118164,0.000000
-60.000000,0.000000,1.000000,0.000000,117.105331,300.020531,-179.141350,-360.011650,341094.000000,521787.000000,-114.440918,0.000000,-60000114.440918,0.000000
-60.000000,0.000000,2.000000,1.000000,117.105675,300.020875,-179.141350,-360.011650,341095.000000,521787.000000,228.881836,0.000000,-59999771.118164,0.000000
90.000000,0.000000,1.000000,0.000000,267.105446,450.020646,-179.141350,-360.011650,778001.000000,521787.000000,0.000000,0.000000,90000000.000000,0.000000
90.000000,0.000000,2.000000,1.000000,267.105446,450.020646,-179.141350,-360.011650,778001.000000,521787.000000,0.000000,0.000000,90000000.000000,0.000000
-90.000000,0.000000,1.000000,0.000000,87.105446,270.020646,-179.141350,-360.011650,253713.000000,521787.000000,0.000000,0.000000,-90000000.000000,0.000000
-90.000000,0.000000,2.000000,1.000000,87.105446,270.020646,-179.141350,-360.011650,253713.000000,521787.000000,0.000000,0.000000,-90000000.000000,0.000000
0.000000,0.000000,1.000000,0.000000,177.105446,360.020646,-179.141350,-360.011650,515857.000000,521787.000000,0.000000,0.000000,0.000000,0.000000
0.000000,0.000000,2.000000,1.000000,177.105446,360.020646,-179.141350,-360.011650,515857.000000,521787.000000,0.000000,0.000000,0.000000,0.000000
0.000000,180.000000,1.000000,0.000000,177.105446,360.020646,-359.141350,-540.011650,515857.000000,1046075.000000,0.000000,0.000000,0.000000,180000000.000000
0.000000,180.000000,2.000000,1.000000,177.105446,360.020646,-359.142036,-540.012336,515857.000000,1046077.000000,0.000000,686.645508,0.000000,180000686.645508
30.000000,180.000000,1.000000,0.000000,207.105331,390.020531,-359.140663,-540.010963,603238.000000,1046073.000000,-114.440918,-686.645508,29999885.559082,179999313.354492
30.000000,180.000000,2.000000,1.000000,207.105675,390.020875,-359.141350,-540.011650,603239.000000,1046075.000000,228.881836,0.000000,30000228.881836,180000000.000000
-30.000000,180.000000,1.000000,0.000000,147.105560,330.020760,-359.141350,-540.011650,428476.000000,1046075.000000,-228.881836,0.000000,-30000228.881836,180000000.000000
-30.000000,180.000000,2.000000,1.000000,147.105560,330.020760,-359.142036,-540.012336,428476.000000,1046077.000000,-228.881836,686.645508,-30000228.881836,180000686.645508
60.000000,180.000000,1.000000,0.000000,237.105217,420.020417,-359.141350,-540.011650,690619.000000,1046075.000000,114.440918,0.000000,60000114.440918,180000000.000000
60.000000,180.000000,2.000000,1.000000,237.105560,420.020760,-359.141350,-540.011650,690620.000000,1046075.000000,114.440918,0.000000,60000114.440918,180000000.000000
-60.000000,180.000000,1.000000,0.000000,117.105331,300.020531,-359.141006,-540.011306,341094.000000,1046074.000000,-114.440918,-343.322754,-60000114.440918,179999656.677246
-60.000000,180.000000,2.000000,1.000000,117.105331,300.020531,-359.141350,-540.011650,341094.000000,1046075.000000,-114.440918,0.000000,-60000114.440918,180000000.000000
90.000000,180.000000,1.000000,0.000000,267.105446,450.020646,-359.141350,-540.011650,778001.000000,1046075.000000,0.000000,0.000000,90000000.000000,180000000.000000
90.000000,180.000000,2.000000,1.000000,267.105446,450.020646,-359.141350,-540.011650,778001.000000,1046075.000000,0.000000,0.000000,90000000.000000,180000000.000000
-90.000000,180.000000,1.000000,0.000000,87.105446,270.020646,-359.141350,-540.011650,253713.000000,1046075.000000,0.000000,0.000000,-90000000.000000,180000000.000000
-90.000000,180.000000,2.000000,1.000000,87.105446,270.020646,-359.141350,-540.011650,253713.000000,1046075.000000,0.000000,0.000000,-90000000.000000,180000000.000000
0.000000,180.000000,1.000000,0.000000,177.105446,360.020646,-359.141350,-540.011650,515857.000000,1046075.000000,0.000000,0.000000,0.000000,180000000.000000
0.000000,180.000000,2.000000,1.000000,177.105446,360.020646,-359.141350,-540.011650,515857.000000,1046075.000000,0.000000,0.000000,0.000000,180000000.000000
0.000000,90.000000,1.000000,0.000000,177.105446,360.020646,-269.141350,-450.011650,515857.000000,783931.000000,0.000000,0.000000,0.000000,90000000.000000
0.000000,90.000000,2.000000,1.000000,177.105446,360.020646,-269.141350,-450.011650,515857.000000,783931.000000,0.000000,0.000000,0.000000,90000000.000000
90.000000,90.000000,1.000000,0.000000,267.105446,450.020646,-269.141350,-450.011650,778001.000000,783931.000000,0.000000,0.000000,90000000.000000,90000000.000000
90.000000,90.000000,2.000000,1.000000,267.105446,450.020646,-269.141350,-450.011650,778001.000000,783931.000000,0.000000,0.000000,90000000.000000,90000000.000000
-90.000000,90.000000,1.000000,0.000000,87.105446,270.020646,-269.141350,-450.011650,253713.000000,783931.000000,0.000000,0.000000,-90000000.000000,90000000.000000
-90.000000,90.000000,2.000000,1.000000,87.105446,270.020646,-269.141350,-450.011650,253713.000000,783931.000000,0.000000,0.000000,-90000000.000000,90000000.000000
0.000000,90.000000,1.000000,0.000000,177.105446,360.020646,-269.141350,-450.011650,515857.000000,783931.000000,0.000000,0.000000,0.000000,90000000.000000
0.000000,90.000000,2.000000,1.000000,177.105446,360.020646,-269.141350,-450.011650,515857.000000,783931.000000,0.000000,0.000000,0.000000,90000000.000000
0.000000,270.000000,1.000000,0.000000,177.105446,360.020646,-449.141693,-630.011993,515857.000000,1308220.000000,0.000000,343.322754,0.000000,270000343.322754
0.000000,270.000000,2.000000,1.000000,177.105446,360.020646,-449.140663,-630.010963,515857.000000,1308217.000000,0.000000,-686.645508,0.000000,269999313.354492
90.000000,270.000000,1.000000,0.000000,267.105446,450.020646,-449.140663,-630.010963,778001.000000,1308217.000000,0.000000,-686.645508,90000000.000000,269999313.354492
90.000000,270.000000,2.000000,1.000000,267.105446,450.020646,-449.142036,-630.012336,778001.000000,1308221.000000,0.000000,686.645508,90000000.000000,270000686.645508
-90.000000,270.000000,1.000000,0.000000,87.105446,270.020646,-449.140663,-630.010963,253713.000000,1308217.000000,0.000000,-686.645508,-90000000.000000,269999313.354492
-90.000000,270.000000,2.000000,1.000000,87.105446,270.020646,-449.140663,-630.010963,253713.000000,1308217.000000,0.000000,-686.645508,-90000000.000000,269999313.354492
0.000000,270.000000,1.000000,0.000000,177.105446,360.020646,-449.141693,-630.011993,515857.000000,1308220.000000,0.000000,343.322754,0.000000,270000343.322754
0.000000,270.000000,2.000000,1.000000,177.105446,360.020646,-449.142036,-630.012336,515857.000000,1308221.000000,0.000000,686.645508,0.000000,270000686.645508
0.000000,180.000000,1.000000,0.000000,-182.894554,0.020646,0.858994,-180.011306,-532719.000000,-2502.000000,0.000000,-343.322754,0.000000,179999656.677246
0.000000,180.000000,2.000000,1.000000,-182.894554,0.020646,0.858307,-180.011993,-532719.000000,-2500.000000,0.000000,343.322754,0.000000,180000343.322754
60.000000,180.000000,1.000000,0.000000,-122.894440,60.020760,0.858307,-180.011993,-357956.000000,-2500.000000,114.440918,343.322754,60000114.440918,180000343.322754
60.000000,180.000000,2.000000,1.000000,-122.894783,60.020417,0.858994,-180.011306,-357957.000000,-2502.000000,-228.881836,-343.322754,59999771.118164,179999656.677246
-60.000000,180.000000,1.000000,0.000000,-242.894325,-59.979125,0.858650,-180.011650,-707481.000000,-2501.000000,-114.440918,0.000000,-60000114.440918,180000000.000000
-60.000000,180.000000,2.000000,1.000000,-242.894669,-59.979469,0.858650,-180.011650,-707482.000000,-2501.000000,-114.440918,0.000000,-60000114.440918,180000000.000000
90.000000,180.000000,1.000000,0.000000,-92.894554,90.020646,0.858650,-180.011650,-270575.000000,-2501.000000,0.000000,0.000000,90000000.000000,180000000.000000
90.000000,180.000000,2.000000,1.000000,-92.894554,90.020646,0.858650,-180.011650,-270575.000000,-2501.000000,0.000000,0.000000,90000000.000000,180000000.000000
-90.000000,180.000000,1.000000,0.000000,-272.894554,-89.979354,0.858650,-180.011650,-794863.000000,-2501.000000,0.000000,0.000000,-90000000.000000,180000000.000000
-90.000000,180.000000,2.000000,1.000000,-272.894554,-89.979354,0.858650,-180.011650,-794863.000000,-2501.000000,0.000000,0.000000,-90000000.000000,180000000.000000
0.000000,180.000000,1.000000,0.000000,-182.894554,0.020646,0.858650,-180.011650,-532719.000000,-2501.000000,0.000000,0.000000,0.000000,180000000.000000
0.000000,180.000000,2.000000,1.000000,-182.894554,0.020646,0.858650,-180.011650,-532719.000000,-2501.000000,0.000000,0.000000,0.000000,180000000.000000
0.000000,270.000000,1.000000,0.000000,-182.894554,0.020646,-89.141006,-270.011306,-532719.000000,259642.000000,0.000000,-343.322754,0.000000,269999656.677246
0.000000,270.000000,2.000000,1.000000,-182.894554,0.020646,-89.142036,-270.012336,-532719.000000,259645.000000,0.000000,686.645508,0.000000,270000686.645508
90.000000,270.000000,1.000000,0.000000,-92.894554,90.020646,-89.141350,-270.011650,-270575.000000,259643.000000,0.000000,0.000000,90000000.000000,270000000.000000
90.000000,270.000000,2.000000,1.000000,-92.894554,90.020646,-89.140663,-270.010963,-270575.000000,259641.000000,0.000000,-686.645508,90000000.000000,269999313.354492
0.000000,270.000000,1.000000,0.000000,-182.894554,0.020646,-89.140663,-270.010963,-532719.000000,259641.000000,0.000000,-686.645508,0.000000,269999313.354492
0.000000,270.000000,2.000000,1.000000,-182.894554,0.020646,-89.142036,-270.012336,-532719.000000,259645.000000,0.000000,686.645508,0.000000,270000686.645508
0.000000,180.000000,1.000000,0.000000,-182.894554,0.020646,0.858650,-180.011650,-532719.000000,-2501.000000,0.000000,0.000000,0.000000,180000000.000000
0.000000,180.000000,2.000000,1.000000,-182.894554,0.020646,0.858994,-180.011306,-532719.000000,-2502.000000,0.000000,-343.322754,0.000000,179999656.677246
60.000000,180.000000,1.000000,0.000000,-122.894440,60.020760,0.857964,-180.012336,-357956.000000,-2499.000000,114.440918,686.645508,60000114.440918,180000686.645508
60.000000,180.000000,2.000000,1.000000,-122.894440,60.020760,0.858650,-180.011650,-357956.000000,-2501.000000,114.440918,0.000000,60000114.440918,180000000.000000
-60.000000,180.000000,1.000000,0.000000,-242.894669,-59.979469,0.858650,-180.011650,-707482.000000,-2501.000000,-114.440918,0.000000,-60000114.440918,180000000.000000
-60.000000,180.000000,2.000000,1.000000,-242.894669,-59.979469,0.858994,-180.011306,-707482.000000,-2502.000000,-114.440918,-343.322754,-60000114.440918,179999656.677246
90.000000,180.000000,1.000000,0.000000,-92.894554,90.020646,0.858650,-180.011650,-270575.000000,-2501.000000,0.000000,0.000000,90000000.000000,180000000.000000
90.000000,180.000000,2.000000,1.000000,-92.894554,90.020646,0.858650,-180.011650,-270575.000000,-2501.000000,0.000000,0.000000,90000000.000000,180000000.000000
-90.000000,180.000000,1.000000,0.000000,-272.894554,-89.979354,0.858650,-180.011650,-794863.000000,-2501.000000,0.000000,0.000000,-90000000.000000,180000000.000000
-90.000000,180.000000,2.000000,1.000000,-272.894554,-89.979354,0.858650,-180.011650,-794863.000000,-2501.000000,0.000000,0.000000,-90000000.000000,180000000.000000
0.000000,180.000000,1.000000,0.000000,-182.894554,0.020646,0.858650,-180.011650,-532719.000000,-2501.000000,0.000000,0.000000,0.000000,180000000.000000
0.000000,180.000000,2.000000,1.000000,-182.894554,0.020646,0.858650,-180.011650,-532719.000000,-2501.000000,0.000000,0.000000,0.000000,180000000.000000
0.000000,270.000000,1.000000,0.000000,-182.894554,0.020646,-89.140663,-270.010963,-532719.000000,259641.000000,0.000000,-686.645508,0.000000,269999313.354492
0.000000,270.000000,2.000000,1.000000,-182.894554,0.020646,-89.140663,-270.010963,-532719.000000,259641.000000,0.000000,-686.645508,0.000000,269999313.354492
90.000000,270.000000,1.000000,0.000000,-92.894554,90.020646,-89.141350,-270.011650,-270575.000000,259643.000000,0.000000,0.000000,90000000.000000,270000000.000000
90.000000,270.000000,2.000000,1.000000,-92.894554,90.020646,-89.141693,-270.011993,-270575.000000,259644.000000,0.000000,343.322754,90000000.000000,270000343.322754
0.000000,270.000000,1.000000,0.000000,-182.894554,0.020646,-89.142036,-270.012336,-532719.000000,259645.000000,0.000000,686.645508,0.000000,270000686.645508
0.000000,270.000000,2.000000,1.000000,-182.894554,0.020646,-89.141350,-270.011650,-532719.000000,259643.000000,0.000000,0.000000,0.000000,270000000.000000
0.000000,0.000000,1.000000,0.000000,-182.894554,0.020646,180.858650,-0.011650,-532719.000000,-526789.000000,0.000000,0.000000,0.000000,0.000000
0.000000,0.000000,2.000000,1.000000,-182.894554,0.020646,180.858650,-0.011650,-532719.000000,-526789.000000,0.000000,0.000000,0.000000,0.000000
0.000000,90.000000,1.000000,0.000000,-182.894554,0.020646,90.858650,-90.011650,-532719.000000,-264645.000000,0.000000,0.000000,0.000000,90000000.000000
0.000000,90.000000,2.000000,1.000000,-182.894554,0.020646,90.858650,-90.011650,-532719.000000,-264645.000000,0.000000,0.000000,0.000000,90000000.000000
0.000000,180.000000,1.000000,0.000000,-182.894554,0.020646,0.858650,-180.011650,-532719.000000,-2501.000000,0.000000,0.000000,0.000000,180000000.000000
0.000000,180.000000,2.000000,1.000000,-182.894554,0.020646,0.858650,-180.011650,-532719.000000,-2501.000000,0.000000,0.000000,0.000000,180000000.000000
0.000000,270.000000,1.000000,0.000000,-182.894554,0.020646,-89.142036,-270.012336,-532719.000000,259645.000000,0.000000,686.645508,0.000000,270000686.645508
0.000000,270.000000,2.000000,1.000000,-182.894554,0.020646,-89.142036,-270.012336,-532719.000000,259645.000000,0.000000,686.645508,0.000000,270000686.645508
0.000000,0.000000,1.000000,0.000000,-182.894554,0.020646,180.858650,-0.011650,-532719.000000,-526789.000000,0.000000,0.000000,0.000000,0.000000
0.000000,0.000000,2.000000,1.000000,-182.894554,0.020646,180.858650,-0.011650,-532719.000000,-526789.000000,0.000000,0.000000,0.000000,0.000000
0.000000,0.000000,1.000000,0.000000,-182.894554,0.020646,180.858650,-0.011650,-532719.000000,-526789.000000,0.000000,0.000000,0.000000,0.000000
0.000000,0.000000,2.000000,1.000000,-182.894554,0.020646,180.858650,-0.011650,-532719.000000,-526789.000000,0.000000,0.000000,0.000000,0.000000
0.000000,45.000000,1.000000,0.000000,-182.894554,0.020646,135.858650,-45.011650,-532719.000000,-395717.000000,0.000000,0.000000,0.000000,45000000.000000
0.000000,45.000000,2.000000,1.000000,-182.894554,0.020646,135.858650,-45.011650,-532719.000000,-395717.000000,0.000000,0.000000,0.000000,45000000.000000
0.000000,90.000000,1.000000,0.000000,-182.894554,0.020646,90.858650,-90.011650,-532719.000000,-264645.000000,0.000000,0.000000,0.000000,90000000.000000
0.000000,90.000000,2.000000,1.000000,-182.894554,0.020646,90.858650,-90.011650,-532719.000000,-264645.000000,0.000000,0.000000,0.000000,90000000.000000
0.000000,135.000000,1.000000,0.000000,-182.894554,0.020646,45.858650,-135.011650,-532719.000000,-133573.000000,0.000000,0.000000,0.000000,135000000.000000
0.000000,135.000000,2.000000,1.000000,-182.894554,0.020646,45.858650,-135.011650,-532719.000000,-133573.000000,0.000000,0.000000,0.000000,135000000.000000
0.000000,180.000000,1.000000,0.000000,-182.894554,0.020646,0.858650,-180.011650,-532719.000000,-2501.000000,0.000000,0.000000,0.000000,180000000.000000
0.000000,180.000000,2.000000,1.000000,-182.894554,0.020646,0.858650,-180.011650,-532719.000000,-2501.000000,0.000000,0.000000,0.000000,180000000.000000
0.000000,225.000000,1.000000,0.000000,-182.894554,0.020646,-44.141350,-225.011650,-532719.000000,128571.000000,0.000000,0.000000,0.000000,225000000.000000
0.000000,225.000000,2.000000,1.000000,-182.894554,0.020646,-44.141350,-225.011650,-532719.000000,128571.000000,0.000000,0.000000,0.000000,225000000.000000
0.000000,270.000000,1.000000,0.000000,-182.894554,0.020646,-89.140663,-270.010963,-532719.000000,259641.000000,0.000000,-686.645508,0.000000,269999313.354492
0.000000,270.000000,2.000000,1.000000,-182.894554,0.020646,-89.141693,-270.011993,-532719.000000,259644.000000,0.000000,686.645508,0.000000,270000686.645508
0.000000,315.000000,1.000000,0.000000,-182.894554,0.020646,-134.141350,-315.011650,-532719.000000,390715.000000,0.000000,0.000000,0.000000,315000000.000000
0.000000,315.000000,2.000000,1.000000,-182.894554,0.020646,-134.141350,-315.011650,-532719.000000,390715.000000,0.000000,0.000000,0.000000,315000000.000000
0.000000,0.000000,1.000000,0.000000,-182.894554,0.020646,180.858650,-0.011650,-532719.000000,-526789.000000,0.000000,0.000000,0.000000,0.000000
0.000000,0.000000,2.000000,1.000000,-182.894554,0.020646,180.858650,-0.011650,-532719.000000,-526789.000000,0.000000,0.000000,0.000000,0.000000
10.000000,0.000000,1.000000,0.000000,-172.894592,10.020608,180.858650,-0.011650,-503592.000000,-526789.000000,-38.146973,0.000000,9999961.853027,0.000000
10.000000,0.000000,2.000000,1.000000,-172.894592,10.020608,180.858650,-0.011650,-503592.000000,-526789.000000,-38.146973,0.000000,9999961.853027,0.000000
10.000000,45.000000,1.000000,0.000000,-172.894592,10.020608,135.858650,-45.011650,-503592.000000,-395717.000000,-38.146973,0.000000,9999961.853027,45000000.000000
10.000000,45.000000,2.000000,1.000000,-172.894592,10.020608,135.858650,-45.011650,-503592.000000,-395717.000000,-38.146973,0.000000,9999961.853027,45000000.000000
10.000000,90.000000,1.000000,0.000000,-172.894592,10.020608,90.858650,-90.011650,-503592.000000,-264645.000000,-38.146973,0.000000,9999961.853027,90000000.000000
10.000000,90.000000,2.000000,1.000000,-172.894592,10.020608,90.858307,-90.011993,-503592.000000,-264644.000000,305.175781,343.322754,10000305.175781,90000343.322754
10.000000,135.000000,1.000000,0.000000,-172.894592,10.020608,45.858650,-135.011650,-503592.000000,-133573.000000,-38.146973,0.000000,9999961.853027,135000000.000000
10.000000,135.000000,2.000000,1.000000,-172.894592,10.020608,45.858650,-135.011650,-503592.000000,-133573.000000,-38.146973,0.000000,9999961.853027,135000000.000000
10.000000,180.000000,1.000000,0.000000,-172.894592,10.020608,0.858650,-180.011650,-503592.000000,-2501.000000,-38.146973,0.000000,9999961.853027,180000000.000000
10.000000,180.000000,2.000000,1.000000,-172.894592,10.020608,0.858650,-180.011650,-503592.000000,-2501.000000,-38.146973,0.000000,9999961.853027,180000000.000000
10.000000,225.000000,1.000000,0.000000,-172.894592,10.020608,-44.142036,-225.012336,-503592.000000,128573.000000,-38.146973,686.645508,9999961.853027,225000686.645508
10.000000,225.000000,2.000000,1.000000,-172.894592,10.020608,-44.141350,-225.011650,-503592.000000,128571.000000,-38.146973,0.000000,9999961.853027,225000000.000000
10.000000,270.000000,1.000000,0.000000,-172.894592,10.020608,-89.142036,-270.012336,-503592.000000,259645.000000,-38.146973,686.645508,9999961.853027,270000686.645508
10.000000,270.000000,2.000000,1.000000,-172.894592,10.020608,-89.140663,-270.010963,-503592.000000,259641.000000,-38.146973,-686.645508,9999961.853027,269999313.354492
10.000000,315.000000,1.000000,0.000000,-172.894249,10.020951,-134.141350,-315.011650,-503591.000000,390715.000000,-38.146973,0.000000,9999961.853027,315000000.000000
0.000000,0.000000,1.000000,0.000000,-182.894554,0.020646,180.858650,-0.011650,-532719.000000,-526789.000000,0.000000,0.000000,0.000000,0.000000
0.000000,0.000000,2.000000,1.000000,-182.894554,0.020646,180.858650,-0.011650,-532719.000000,-526789.000000,0.000000,0.000000,0.000000,0.000000
0.000000,45.000000,1.000000,0.000000,-182.894554,0.020646,135.858650,-45.011650,-532719.000000,-395717.000000,0.000000,0.000000,0.000000,45000000.000000
0.000000,45.000000,2.000000,1.000000,-182.894554,0.020646,135.857964,-45.012336,-532719.000000,-395715.000000,0.000000,686.645508,0.000000,45000686.645508
0.000000,90.000000,1.000000,0.000000,-182.894554,0.020646,90.858650,-90.011650,-532719.000000,-264645.000000,0.000000,0.000000,0.000000,90000000.000000
0.000000,90.000000,2.000000,1.000000,-182.894554,0.020646,90.858650,-90.011650,-532719.000000,-264645.000000,0.000000,0.000000,0.000000,90000000.000000
0.000000,135.000000,1.000000,0.000000,-182.894554,0.020646,45.858650,-135.011650,-532719.000000,-133573.000000,0.000000,0.000000,0.000000,135000000.000000
0.000000,135.000000,2.000000,1.000000,-182.894554,0.020646,45.858650,-135.011650,-532719.000000,-133573.000000,0.000000,0.000000,0.000000,135000000.000000
0.000000,180.000000,1.000000,0.000000,-182.894554,0.020646,0.859337,-180.010963,-532719.000000,-2503.000000,0.000000,-686.645508,0.000000,179999313.354492
0.000000,180.000000,2.000000,1.000000,-182.894554,0.020646,0.858994,-180.011306,-532719.000000,-2502.000000,0.000000,-343.322754,0.000000,179999656.677246
0.000000,225.000000,1.000000,0.000000,-182.894554,0.020646,-44.141693,-225.011993,-532719.000000,128572.000000,0.000000,343.322754,0.000000,225000343.322754
0.000000,225.000000,2.000000,1.000000,-182.894554,0.020646,-44.142036,-225.012336,-532719.000000,128573.000000,0.000000,686.645508,0.000000,225000686.645508
0.000000,270.000000,1.000000,0.000000,-182.894554,0.020646,-89.141350,-270.011650,-532719.000000,259643.000000,0.000000,-343.322754,0.000000,269999656.677246
0.000000,270.000000,2.000000,1.000000,-182.894554,0.020646,-89.141006,-270.011306,-532719.000000,259642.000000,0.000000,-343.322754,0.000000,269999656.677246
0.000000,315.000000,1.000000,0.000000,-182.894554,0.020646,-134.141350,-315.011650,-532719.000000,390715.000000,0.000000,0.000000,0.000000,315000000.000000
0.000000,315.000000,2.000000,1.000000,-182.894554,0.020646,-134.141350,-315.011650,-532719.000000,390715.000000,0.000000,0.000000,0.000000,315000000.000000
0.000000,0.000000,1.000000,0.000000,-182.894554,0.020646,180.858650,-0.011650,-532719.000000,-526789.000000,0.000000,0.000000,0.000000,0.000000
0.000000,0.000000,2.000000,1.000000,-182.894554,0.020646,180.858650,-0.011650,-532719.000000,-526789.000000,0.000000,0.000000,0.000000,0.000000
30.000000,0.000000,1.000000,0.000000,-152.894669,30.020531,180.858650,-0.011650,-445338.000000,-526789.000000,228.881836,0.000000,30000228.881836,0.000000
30.000000,0.000000,2.000000,1.000000,-152.894669,30.020531,180.858650,-0.011650,-445338.000000,-526789.000000,228.881836,0.000000,30000228.881836,0.000000
30.000000,45.000000,1.000000,0.000000,-152.894325,30.020875,135.858650,-45.011650,-445337.000000,-395717.000000,-114.440918,0.000000,29999885.559082,45000000.000000
30.000000,45.000000,2.000000,1.000000,-152.894669,30.020531,135.858650,-45.011650,-445338.000000,-395717.000000,-114.440918,0.000000,29999885.559082,45000000.000000
0.000000,0.000000,1.000000,0.000000,-182.894554,0.020646,180.858650,-0.011650,-532719.000000,-526789.000000,0.000000,0.000000,0.000000,0.000000
0.000000,0.000000,2.000000,1.000000,-182.894554,0.020646,180.858650,-0.011650,-532719.000000,-526789.000000,0.000000,0.000000,0.000000,0.000000
30.000000,0.000000,1.000000,0.000000,-152.894325,30.020875,180.858650,-0.011650,-445337.000000,-526789.000000,228.881836,0.000000,30000228.881836,0.000000
30.000000,0.000000,2.000000,1.000000,-152.894325,30.020875,180.858650,-0.011650,-445337.000000,-526789.000000,228.881836,0.000000,30000228.881836,0.000000
30.000000,45.000000,1.000000,0.000000,-152.894669,30.020531,135.858650,-45.011650,-445338.000000,-395717.000000,-114.440918,0.000000,29999885.559082,45000000.000000
30.000000,45.000000,2.000000,1.000000,-152.894669,30.020531,135.858650,-45.011650,-445338.000000,-395717.000000,228.881836,0.000000,30000228.881836,45000000.000000
30.000000,180.000000,1.000000,0.000000,-152.894669,30.020531,0.858650,-180.011650,-445338.000000,-2501.000000,-114.440918,0.000000,29999885.559082,180000000.000000
30.000000,180.000000,2.000000,1.000000,-152.894669,30.020531,0.858307,-180.011993,-445338.000000,-2500.000000,-114.440918,343.322754,29999885.559082,180000343.322754
30.000000,225.000000,1.000000,0.000000,-152.894669,30.020531,-44.140663,-225.010963,-445338.000000,128569.000000,228.881836,-686.645508,30000228.881836,224999313.354492
30.000000,225.000000,2.000000,1.000000,-152.894669,30.020531,-44.140663,-225.010963,-445338.000000,128569.000000,-114.440918,-686.645508,29999885.559082,224999313.354492
30.000000,0.000000,1.000000,0.000000,-152.894669,30.020531,180.858650,-0.011650,-445338.000000,-526789.000000,228.881836,0.000000,30000228.881836,0.000000
30.000000,0.000000,2.000000,1.000000,-152.894325,30.020875,180.858650,-0.011650,-445337.000000,-526789.000000,228.881836,0.000000,30000228.881836,0.000000
60.000000,0.000000,1.000000,0.000000,-122.894440,60.020760,180.858650,-0.011650,-357956.000000,-526789.000000,114.440918,0.000000,60000114.440918,0.000000
60.000000,0.000000,2.000000,1.000000,-122.894440,60.020760,180.858650,-0.011650,-357956.000000,-526789.000000,114.440918,0.000000,60000114.440918,0.000000
60.000000,45.000000,1.000000,0.000000,-122.894440,60.020760,135.858650,-45.011650,-357956.000000,-395717.000000,114.440918,0.000000,60000114.440918,45000000.000000
60.000000,45.000000,2.000000,1.000000,-122.894440,60.020760,135.858994,-45.011306,-357956.000000,-395718.000000,114.440918,-343.322754,60000114.440918,44999656.677246
60.000000,180.000000,1.000000,0.000000,-122.894783,60.020417,0.858650,-180.011650,-357957.000000,-2501.000000,-228.881836,0.000000,59999771.118164,180000000.000000
60.000000,180.000000,2.000000,1.000000,-122.894440,60.020760,0.858650,-180.011650,-357956.000000,-2501.000000,-228.881836,0.000000,59999771.118164,180000000.000000
60.000000,225.000000,1.000000,0.000000,-122.894440,60.020760,-44.141693,-225.011993,-357956.000000,128572.000000,114.440918,343.322754,60000114.440918,225000343.322754
60.000000,225.000000,2.000000,1.000000,-122.894440,60.020417,-44.140663,-225.010963,-357957.000000,128569.000000,114.440918,-686.645508,60000114.440918,224999313.354492
60.000000,0.000000,1.000000,0.000000,-122.894783,60.020417,180.858650,-0.011650,-357957.000000,-526789.000000,114.440918,0.000000,60000114.440918,0.000000
60.000000,0.000000,2.000000,1.000000,-122.894440,60.020760,180.858650,-0.011650,-357957.000000,-526789.000000,-228.881836,0.000000,59999771.118164,0.000000
90.000000,0.000000,1.000000,0.000000,-92.894554,90.020646,180.858650,-0.011650,-270575.000000,-526789.000000,0.000000,0.000000,90000000.000000,0.000000
90.000000,0.000000,2.000000,1.000000,-92.894554,90.020646,180.858650,-0.011650,-270575.000000,-526789.000000,0.000000,0.000000,90000000.000000,0.000000
90.000000,45.000000,1.000000,0.000000,-92.894554,90.020646,135.858650,-45.011650,-270575.000000,-395717.000000,0.000000,0.000000,90000000.000000,45000000.000000
90.000000,45.000000,2.000000,1.000000,-92.894554,90.020646,135.858307,-45.011993,-270575.000000,-395716.000000,0.000000,343.322754,90000000.000000,45000343.322754
90.000000,180.000000,1.000000,0.000000,-92.894554,90.020646,0.858650,-180.011650,-270575.000000,-2501.000000,0.000000,0.000000,90000000.000000,180000000.000000
90.000000,180.000000,2.000000,1.000000,-92.894554,90.020646,0.858650,-180.011650,-270575.000000,-2501.000000,0.000000,0.000000,90000000.000000,180000000.000000
90.000000,225.000000,1.000000,0.000000,-92.894554,90.020646,-44.140663,-225.010963,-270575.000000,128569.000000,0.000000,-686.645508,90000000.000000,224999313.354492
90.000000,225.000000,2.000000,1.000000,-92.894554,90.020646,-44.140663,-225.010963,-270575.000000,128569.000000,0.000000,-686.645508,90000000.000000,224999313.354492
90.000000,0.000000,1.000000,0.000000,-92.894554,90.020646,180.858650,-0.011650,-270575.000000,-526789.000000,0.000000,0.000000,90000000.000000,0.000000
90.000000,0.000000,2.000000,1.000000,-92.894554,90.020646,180.858650,-0.011650,-270575.000000,-526789.000000,0.000000,0.000000,90000000.000000,0.000000
-90.000000,0.000000,1.000000,0.000000,-272.894554,-89.979354,180.858650,-0.011650,-794863.000000,-526789.000000,0.000000,0.000000,-90000000.000000,0.000000
-90.000000,0.000000,2.000000,1.000000,-272.894554,-89.979354,180.858650,-0.011650,-794863.000000,-526789.000000,0.000000,0.000000,-90000000.000000,0.000000
-90.000000,45.000000,1.000000,0.000000,-272.894554,-89.979354,135.858650,-45.011650,-794863.000000,-395717.000000,0.000000,0.000000,-90000000.000000,45000000.000000
-90.000000,45.000000,2.000000,1.000000,-272.894554,-89.979354,135.858650,-45.011650,-794863.000000,-395717.000000,0.000000,0.000000,-90000000.000000,45000000.000000
-90.000000,180.000000,1.000000,0.000000,-272.894554,-89.979354,0.858650,-180.011650,-794863.000000,-2501.000000,0.000000,0.000000,-90000000.000000,180000000.000000
-90.000000,180.000000,2.000000,1.000000,-272.894554,-89.979354,0.858650,-180.011650,-794863.000000,-2501.000000,0.000000,0.000000,-90000000.000000,180000000.000000
-90.000000,225.000000,1.000000,0.000000,-272.894554,-89.979354,-44.141693,-225.011993,-794863.000000,128572.000000,0.000000,343.322754,-90000000.000000,225000343.322754
-90.000000,225.000000,2.000000,1.000000,-272.894554,-89.979354,-44.140663,-225.010963,-794863.000000,128569.000000,0.000000,-686.645508,-90000000.000000,224999313.354492
-90.000000,0.000000,1.000000,0.000000,-272.894554,-89.979354,180.858650,-0.011650,-794863.000000,-526789.000000,0.000000,0.000000,-90000000.000000,0.000000
-90.000000,0.000000,2.000000,1.000000,-272.894554,-89.979354,180.858650,-0.011650,-794863.000000,-526789.000000,0.000000,0.000000,-90000000.000000,0.000000
-60.000000,0.000000,1.000000,0.000000,-242.894669,-59.979469,180.858650,-0.011650,-707482.000000,-526789.000000,-114.440918,0.000000,-60000114.440918,0.000000
-60.000000,0.000000,2.000000,1.000000,-242.894669,-59.979469,180.858650,-0.011650,-707482.000000,-526789.000000,-114.440918,0.000000,-60000114.440918,0.000000
-60.000000,45.000000,1.000000,0.000000,-242.894325,-59.979125,135.858650,-45.011650,-707481.000000,-395717.000000,-114.440918,0.000000,-60000114.440918,45000000.000000
-60.000000,45.000000,2.000000,1.000000,-242.894325,-59.979125,135.858650,-45.011650,-707481.000000,-395717.000000,228.881836,0.000000,-59999771.118164,45000000.000000
-60.000000,180.000000,1.000000,0.000000,-242.894669,-59.979469,0.858650,-180.011650,-707482.000000,-2501.000000,-114.440918,0.000000,-60000114.440918,180000000.000000
-60.000000,180.000000,2.000000,1.000000,-242.894325,-59.979125,0.858650,-180.011650,-707481.000000,-2501.000000,-114.440918,0.000000,-60000114.440918,180000000.000000
-60.000000,225.000000,1.000000,0.000000,-242.894669,-59.979469,-44.141350,-225.011650,-707482.000000,128571.000000,228.881836,0.000000,-59999771.118164,225000000.000000
-60.000000,225.000000,2.000000,1.000000,-242.894325,-59.979125,-44.142036,-225.012336,-707481.000000,128573.000000,-114.440918,686.645508,-60000114.440918,225000686.645508
-60.000000,0.000000,1.000000,0.000000,-242.894669,-59.979469,180.858650,-0.011650,-707482.000000,-526789.000000,228.881836,0.000000,-59999771.118164,0.000000
-60.000000,0.000000,2.000000,1.000000,-242.894669,-59.979469,180.858650,-0.011650,-707482.000000,-526789.000000,-114.440918,0.000000,-60000114.440918,0.000000
-30.000000,0.000000,1.000000,0.000000,-212.894440,-29.979240,180.858650,-0.011650,-620100.000000,-526789.000000,-228.881836,0.000000,-30000228.881836,0.000000
-30.000000,0.000000,2.000000,1.000000,-212.894440,-29.979240,180.858650,-0.011650,-620100.000000,-526789.000000,114.440918,0.000000,-29999885.559082,0.000000
-30.000000,45.000000,1.000000,0.000000,-212.894783,-29.979583,135.858650,-45.011650,-620101.000000,-395717.000000,-228.881836,0.000000,-30000228.881836,45000000.000000
-30.000000,45.000000,2.000000,1.000000,-212.894440,-29.979240,135.858650,-45.011650,-620100.000000,-395717.000000,114.440918,0.000000,-29999885.559082,45000000.000000
-30.000000,180.000000,1.000000,0.000000,-212.894440,-29.979240,0.858650,-180.011650,-620100.000000,-2501.000000,-228.881836,0.000000,-30000228.881836,180000000.000000
-30.000000,180.000000,2.000000,1.000000,-212.894440,-29.979240,0.858650,-180.011650,-620100.000000,-2501.000000,114.440918,0.000000,-29999885.559082,180000000.000000
-30.000000,225.000000,1.000000,0.000000,-212.894440,-29.979240,-44.141006,-225.011306,-620100.000000,128570.000000,114.440918,-343.322754,-29999885.559082,224999656.677246
-30.000000,225.000000,2.000000,1.000000,-212.894440,-29.979240,-44.140663,-225.010963,-620100.000000,128569.000000,114.440918,-686.645508,-29999885.559082,224999313.354492
-30.000000,0.000000,1.000000,0.000000,-212.894440,-29.979240,180.858650,-0.011650,-620100.000000,-526789.000000,-228.881836,0.000000,-30000228.881836,0.000000
-30.000000,0.000000,2.000000,1.000000,-212.894440,-29.979240,180.858650,-0.011650,-620100.000000,-526789.000000,114.440918,0.000000,-29999885.559082,0.000000
0.000000,0.000000,1.000000,0.000000,-182.894554,0.020646,180.858650,-0.011650,-532719.000000,-526789.000000,0.000000,0.000000,0.000000,0.000000
0.000000,0.000000,2.000000,1.000000,-182.894554,0.020646,180.858650,-0.011650,-532719.000000,-526789.000000,0.000000,0.000000,0.000000,0.000000
0.000000,45.000000,1.000000,0.000000,-182.894554,0.020646,135.858650,-45.011650,-532719.000000,-395717.000000,0.000000,0.000000,0.000000,45000000.000000
0.000000,45.000000,2.000000,1.000000,-182.894554,0.020646,135.858650,-45.011650,-532719.000000,-395717.000000,0.000000,0.000000,0.000000,45000000.000000
0.000000,135.000000,1.000000,0.000000,-182.894554,0.020646,45.858307,-135.011993,-532719.000000,-133572.000000,0.000000,0.000000,0.000000,135000000.000000
0.000000,135.000000,2.000000,1.000000,-182.894554,0.020646,45.858650,-135.011650,-532719.000000,-133573.000000,0.000000,0.000000,0.000000,135000000.000000
0.000000,180.000000,1.000000,0.000000,-182.894554,0.020646,0.858650,-180.011650,-532719.000000,-2501.000000,0.000000,0.000000,0.000000,180000000.000000
0.000000,180.000000,2.000000,1.000000,-182.894554,0.020646,0.858650,-180.011650,-532719.000000,-2501.000000,0.000000,0.000000,0.000000,180000000.000000
0.000000,225.000000,1.000000,0.000000,-182.894554,0.020646,-44.140663,-225.010963,-532719.000000,128569.000000,0.000000,-686.645508,0.000000,224999313.354492
0.000000,225.000000,2.000000,1.000000,-182.894554,0.020646,-44.141006,-225.011306,-532719.000000,128570.000000,0.000000,-343.322754,0.000000,224999656.677246
0.000000,315.000000,1.000000,0.000000,-182.894554,0.020646,-134.141350,-315.011650,-532719.000000,390715.000000,0.000000,0.000000,0.000000,315000000.000000
0.000000,315.000000,2.000000,1.000000,-182.894554,0.020646,-134.141350,-315.011650,-532719.000000,390715.000000,0.000000,0.000000,0.000000,315000000.000000
0.000000,0.000000,1.000000,0.000000,-182.894554,0.020646,180.858650,-0.011650,-532719.000000,-526789.000000,0.000000,0.000000,0.000000,0.000000
0.000000,0.000000,2.000000,1.000000,-182.894554,0.020646,180.858650,-0.011650,-532719.000000,-526789.000000,0.000000,0.000000,0.000000,0.000000
0.000000,0.000000,1.000000,0.000000,-182.894554,0.020646,180.858650,-0.011650,-532719.000000,-526789.000000,0.000000,0.000000,0.000000,0.000000
0.000000,0.000000,2.000000,1.000000,-182.894554,0.020646,180.858650,-0.011650,-532719.000000,-526789.000000,0.000000,0.000000,0.000000,0.000000
0.000000,90.000000,1.000000,0.000000,-182.894554,0.020646,90.858650,-90.011650,-532719.000000,-264645.000000,0.000000,0.000000,0.000000,90000000.000000
0.000000,90.000000,2.000000,1.000000,-182.894554,0.020646,90.858650,-90.011650,-532719.000000,-264645.000000,0.000000,0.000000,0.000000,90000000.000000
0.000000,270.000000,1.000000,0.000000,-182.894554,0.020646,-89.142036,-270.012336,-532719.000000,259645.000000,0.000000,686.645508,0.000000,270000686.645508
0.000000,270.000000,2.000000,1.000000,-182.894554,0.020646,-89.140663,-270.010963,-532719.000000,259641.000000,0.000000,-686.645508,0.000000,269999313.354492
0.000000,0.000000,1.000000,0.000000,-182.894554,0.020646,180.858650,-0.011650,-532719.000000,-526789.000000,0.000000,0.000000,0.000000,0.000000
0.000000,0.000000,2.000000,1.000000,-182.894554,0.020646,180.858650,-0.011650,-532719.000000,-526789.000000,0.000000,0.000000,0.000000,0.000000
30.000000,0.000000,1.000000,0.000000,-152.894669,30.020531,180.858650,-0.011650,-445338.000000,-526789.000000,-114.440918,0.000000,29999885.559082,0.000000
30.000000,0.000000,2.000000,1.000000,-152.894669,30.020531,180.858650,-0.011650,-445338.000000,-526789.000000,-114.440918,0.000000,29999885.559082,0.000000
30.000000,90.000000,1.000000,0.000000,-152.894669,30.020531,90.858650,-90.011650,-445338.000000,-264645.000000,-114.440918,0.000000,29999885.559082,90000000.000000
30.000000,90.000000,2.000000,1.000000,-152.894669,30.020531,90.858650,-90.011650,-445338.000000,-264645.000000,-114.440918,0.000000,29999885.559082,90000000.000000
30.000000,270.000000,1.000000,0.000000,-152.894669,30.020531,-89.140663,-270.010963,-445338.000000,259641.000000,228.881836,-686.645508,30000228.881836,269999313.354492
30.000000,270.000000,2.000000,1.000000,-152.894669,30.020531,-89.142036,-270.012336,-445338.000000,259645.000000,-114.440918,686.645508,29999885.559082,270000686.645508
30.000000,0.000000,1.000000,0.000000,-152.894325,30.020875,180.858650,-0.011650,-445337.000000,-526789.000000,228.881836,0.000000,30000228.881836,0.000000
30.000000,0.000000,2.000000,1.000000,-152.894669,30.020531,180.858650,-0.011650,-445338.000000,-526789.000000,228.881836,0.000000,30000228.881836,0.000000
60.000000,0.000000,1.000000,0.000000,-122.894440,60.020760,180.858650,-0.011650,-357956.000000,-526789.000000,114.440918,0.000000,60000114.440918,0.000000
60.000000,0.000000,2.000000,1.000000,-122.894440,60.020760,180.858650,-0.011650,-357956.000000,-526789.000000,114.440918,0.000000,60000114.440918,0.000000
60.000000,90.000000,1.000000,0.000000,-122.894440,60.020760,90.858650,-90.011650,-357956.000000,-264645.000000,114.440918,0.000000,60000114.440918,90000000.000000
60.000000,90.000000,2.000000,1.000000,-122.894783,60.020417,90.858650,-90.011650,-357957.000000,-264645.000000,114.440918,0.000000,60000114.440918,90000000.000000
60.000000,270.000000,1.000000,0.000000,-122.894783,60.020417,-89.142036,-270.012336,-357957.000000,259645.000000,-228.881836,343.322754,59999771.118164,270000343.322754
60.000000,270.000000,2.000000,1.000000,-122.894783,60.020417,-89.142036,-270.012336,-357957.000000,259645.000000,-228.881836,686.645508,59999771.118164,270000686.645508
60.000000,0.000000,1.000000,0.000000,-122.894783,60.020417,180.858650,-0.011650,-357957.000000,-526789.000000,-228.881836,0.000000,59999771.118164,0.000000
60.000000,0.000000,2.000000,1.000000,-122.894440,60.020760,180.858650,-0.011650,-357956.000000,-526789.000000,114.440918,0.000000,60000114.440918,0.000000
90.000000,0.000000,1.000000,0.000000,-92.894554,90.020646,180.858650,-0.011650,-270575.000000,-526789.000000,0.000000,0.000000,90000000.000000,0.000000
90.000000,0.000000,2.000000,1.000000,-92.894554,90.020646,180.858650,-0.011650,-270575.000000,-526789.000000,0.000000,0.000000,90000000.000000,0.000000
90.000000,90.000000,1.000000,0.000000,-92.894554,90.020646,90.858650,-90.011650,-270575.000000,-264645.000000,0.000000,0.000000,90000000.000000,90000000.000000
90.000000,90.000000,2.000000,1.000000,-92.894554,90.020646,90.858994,-90.011306,-270575.000000,-264646.000000,0.000000,-343.322754,90000000.000000,89999656.677246
90.000000,270.000000,1.000000,0.000000,-92.894554,90.020646,-89.140663,-270.010963,-270575.000000,259641.000000,0.000000,-686.645508,90000000.000000,269999313.354492
90.000000,270.000000,2.000000,1.000000,-92.894554,90.020646,-89.142036,-270.012336,-270575.000000,259645.000000,0.000000,686.645508,90000000.000000,270000686.645508
90.000000,0.000000,1.000000,0.000000,-92.894554,90.020646,180.858650,-0.011650,-270575.000000,-526789.000000,0.000000,0.000000,90000000.000000,0.000000
90.000000,0.000000,2.000000,1.000000,-92.894554,90.020646,180.858650,-0.011650,-270575.000000,-526789.000000,0.000000,0.000000,90000000.000000,0.000000
-90.000000,0.000000,1.000000,0.000000,-272.894554,-89.979354,180.858650,-0.011650,-794863.000000,-526789.000000,0.000000,0.000000,-90000000.000000,0.000000
-90.000000,0.000000,2.000000,1.000000,-272.894554,-89.979354,180.858650,-0.011650,-794863.000000,-526789.000000,0.000000,0.000000,-90000000.000000,0.000000
-90.000000,90.000000,1.000000,0.000000,-272.894554,-89.979354,90.858650,-90.011650,-794863.000000,-264645.000000,0.000000,0.000000,-90000000.000000,90000000.000000
-90.000000,90.000000,2.000000,1.000000,-272.894554,-89.979354,90.858650,-90.011650,-794863.000000,-264645.000000,0.000000,0.000000,-90000000.000000,90000000.000000
-90.000000,270.000000,1.000000,0.000000,-272.894554,-89.979354,-89.140663,-270.010963,-794863.000000,259641.000000,0.000000,-686.645508,-90000000.000000,269999313.354492
-90.000000,270.000000,2.000000,1.000000,-272.894554,-89.979354,-89.140663,-270.010963,-794863.000000,259641.000000,0.000000,-686.645508,-90000000.000000,269999313.354492
-90.000000,0.000000,1.000000,0.000000,-272.894554,-89.979354,180.858650,-0.011650,-794863.000000,-526789.000000,0.000000,0.000000,-90000000.000000,0.000000
-90.000000,0.000000,2.000000,1.000000,-272.894554,-89.979354,180.858650,-0.011650,-794863.000000,-526789.000000,0.000000,0.000000,-90000000.000000,0.000000
-60.000000,0.000000,1.000000,0.000000,-242.894669,-59.979469,180.858650,-0.011650,-707482.000000,-526789.000000,-114.440918,0.000000,-60000114.440918,0.000000
-60.000000,0.000000,2.000000,1.000000,-242.894325,-59.979125,180.858650,-0.011650,-707481.000000,-526789.000000,228.881836,0.000000,-59999771.118164,0.000000
-60.000000,90.000000,1.000000,0.000000,-242.894325,-59.979125,90.858994,-90.011306,-707481.000000,-264646.000000,-114.440918,-343.322754,-60000114.440918,89999656.677246
-60.000000,90.000000,2.000000,1.000000,-242.894669,-59.979469,90.858650,-90.011650,-707482.000000,-264645.000000,-114.440918,0.000000,-60000114.440918,90000000.000000
-60.000000,270.000000,1.000000,0.000000,-242.894669,-59.979469,-89.142036,-270.012336,-707482.000000,259645.000000,-114.440918,686.645508,-60000114.440918,270000686.645508
-60.000000,270.000000,2.000000,1.000000,-242.894325,-59.979125,-89.141350,-270.011650,-707481.000000,259643.000000,228.881836,0.000000,-59999771.118164,270000000.000000
-60.000000,0.000000,1.000000,0.000000,-242.894669,-59.979469,180.858650,-0.011650,-707482.000000,-526789.000000,228.881836,0.000000,-59999771.118164,0.000000
0.000000,0.000000,1.000000,0.000000,-182.894554,0.020646,180.858650,-0.011650,-532719.000000,-526789.000000,0.000000,0.000000,0.000000,0.000000
0.000000,0.000000,2.000000,1.000000,-182.894554,0.020646,180.858650,-0.011650,-532719.000000,-526789.000000,0.000000,0.000000,0.000000,0.000000
-30.000000,0.000000,1.000000,0.000000,-212.894783,-29.979583,180.858650,-0.011650,-620101.000000,-526789.000000,114.440918,0.000000,-29999885.559082,0.000000
-30.000000,0.000000,2.000000,1.000000,-212.894440,-29.979240,180.858650,-0.011650,-620100.000000,-526789.000000,114.440918,0.000000,-29999885.559082,0.000000
-30.000000,90.000000,1.000000,0.000000,-212.894783,-29.979583,90.858650,-90.011650,-620101.000000,-264645.000000,114.440918,343.322754,-29999885.559082,90000343.322754
-30.000000,90.000000,2.000000,1.000000,-212.894440,-29.979240,90.858650,-90.011650,-620100.000000,-264645.000000,114.440918,0.000000,-29999885.559082,90000000.000000
-30.000000,270.000000,1.000000,0.000000,-212.894440,-29.979240,-89.140663,-270.010963,-620100.000000,259641.000000,-228.881836,-686.645508,-30000228.881836,269999313.354492
-30.000000,270.000000,2.000000,1.000000,-212.894440,-29.979240,-89.141350,-270.011650,-620100.000000,259643.000000,-228.881836,0.000000,-30000228.881836,270000000.000000
-30.000000,0.000000,1.000000,0.000000,-212.894440,-29.979240,180.858650,-0.011650,-620100.000000,-526789.000000,114.440918,0.000000,-29999885.559082,0.000000
-30.000000,0.000000,2.000000,1.000000,-212.894440,-29.979240,180.858650,-0.011650,-620100.000000,-526789.000000,114.440918,0.000000,-29999885.559082,0.000000
0.000000,0.000000,1.000000,0.000000,-182.894554,0.020646,180.858650,-0.011650,-532719.000000,-526789.000000,0.000000,0.000000,0.000000,0.000000
0.000000,0.000000,2.000000,1.000000,-182.894554,0.020646,180.858650,-0.011650,-532719.000000,-526789.000000,0.000000,0.000000,0.000000,0.000000
0.000000,0.000000,1.000000,0.000000,177.104759,360.019959,-179.141350,-360.011650,515855.000000,521787.000000,0.000000,0.000000,0.000000,0.000000
0.000000,0.000000,2.000000,1.000000,177.104759,360.019959,-179.141350,-360.011650,515855.000000,521787.000000,0.000000,0.000000,0.000000,0.000000
0.000000,45.000000,1.000000,0.000000,177.104759,360.019959,-224.141350,-405.011650,515855.000000,652859.000000,0.000000,0.000000,0.000000,45000000.000000
0.000000,45.000000,2.000000,1.000000,177.104759,360.019959,-224.141350,-405.011650,515855.000000,652859.000000,0.000000,0.000000,0.000000,45000000.000000
0.000000,90.000000,1.000000,0.000000,177.104759,360.019959,-269.141350,-450.011650,515855.000000,783931.000000,0.000000,0.000000,0.000000,90000000.000000
0.000000,90.000000,2.000000,1.000000,177.104759,360.019959,-269.141350,-450.011650,515855.000000,783931.000000,0.000000,0.000000,0.000000,90000000.000000
0.000000,135.000000,1.000000,0.000000,177.104759,360.019959,-314.141350,-495.011650,515855.000000,915003.000000,0.000000,0.000000,0.000000,135000000.000000
0.000000,135.000000,2.000000,1.000000,177.104759,360.019959,-314.141350,-495.011650,515855.000000,915003.000000,0.000000,0.000000,0.000000,135000000.000000
0.000000,180.000000,1.000000,0.000000,177.104759,360.019959,-359.141350,-540.011650,515855.000000,1046075.000000,0.000000,0.000000,0.000000,180000000.000000
0.000000,180.000000,2.000000,1.000000,177.104759,360.019959,-359.141350,-540.011650,515855.000000,1046075.000000,0.000000,0.000000,0.000000,180000000.000000
0.000000,225.000000,1.000000,0.000000,177.104759,360.019959,-404.141350,-585.011650,515855.000000,1177147.000000,0.000000,0.000000,0.000000,225000000.000000
0.000000,225.000000,2.000000,1.000000,177.104759,360.019959,-404.141350,-585.011650,515855.000000,1177147.000000,0.000000,0.000000,0.000000,225000000.000000
0.000000,270.000000,1.000000,0.000000,177.104759,360.019959,-449.142036,-630.012336,515855.000000,1308221.000000,0.000000,686.645508,0.000000,270000686.645508
0.000000,270.000000,2.000000,1.000000,177.104759,360.019959,-449.142036,-630.012336,515855.000000,1308221.000000,0.000000,686.645508,0.000000,270000686.645508
0.000000,315.000000,1.000000,0.000000,177.104759,360.019959,-494.141350,-675.011650,515855.000000,1439291.000000,0.000000,0.000000,0.000000,315000000.000000
0.000000,315.000000,2.000000,1.000000,177.104759,360.019959,-494.141350,-675.011650,515855.000000,1439291.000000,0.000000,0.000000,0.000000,315000000.000000
0.000000,0.000000,1.000000,0.000000,177.104759,360.019959,-179.141350,-360.011650,515855.000000,521787.000000,0.000000,0.000000,0.000000,0.000000
0.000000,0.000000,2.000000,1.000000,177.104759,360.019959,-179.141350,-360.011650,515855.000000,521787.000000,0.000000,0.000000,0.000000,0.000000
30.000000,0.000000,1.000000,0.000000,207.104645,390.019845,-179.141350,-360.011650,603236.000000,521787.000000,228.881836,0.000000,30000228.881836,0.000000
30.000000,0.000000,2.000000,1.000000,207.104645,390.019845,-179.141350,-360.011650,603236.000000,521787.000000,-114.440918,0.000000,29999885.559082,0.000000
30.000000,45.000000,1.000000,0.000000,207.104645,390.019845,-224.141350,-405.011650,603236.000000,652859.000000,-114.440918,0.000000,29999885.559082,45000000.000000
30.000000,45.000000,2.000000,1.000000,207.104988,390.020188,-224.141350,-405.011650,603237.000000,652859.000000,-114.440918,0.000000,29999885.559082,45000000.000000
30.000000,90.000000,1.000000,0.000000,207.104645,390.019845,-269.141350,-450.011650,603236.000000,783931.000000,228.881836,0.000000,30000228.881836,90000000.000000
30.000000,90.000000,2.000000,1.000000,207.104645,390.019845,-269.141350,-450.011650,603236.000000,783931.000000,228.881836,0.000000,30000228.881836,90000000.000000
30.000000,180.000000,1.000000,0.000000,207.104645,390.019845,-359.141350,-540.011650,603236.000000,1046075.000000,228.881836,0.000000,30000228.881836,180000000.000000
30.000000,180.000000,2.000000,1.000000,207.104988,390.020188,-359.141350,-540.011650,603237.000000,1046075.000000,228.881836,0.000000,30000228.881836,180000000.000000
30.000000,225.000000,1.000000,0.000000,207.104988,390.020188,-404.141350,-585.011650,603237.000000,1177147.000000,-114.440918,0.000000,29999885.559082,225000000.000000
30.000000,225.000000,2.000000,1.000000,207.104988,390.020188,-404.141350,-585.011650,603237.000000,1177147.000000,228.881836,0.000000,30000228.881836,225000000.000000
30.000000,270.000000,1.000000,0.000000,207.104645,390.019845,-449.141693,-630.011993,603236.000000,1308220.000000,-114.440918,343.322754,29999885.559082,270000343.322754
30.000000,270.000000,2.000000,1.000000,207.104645,390.019845,-449.140663,-630.010963,603236.000000,1308217.000000,-114.440918,-686.645508,29999885.559082,269999313.354492
30.000000,0.000000,1.000000,0.000000,207.104645,390.019845,-179.141350,-360.011650,603236.000000,521787.000000,-114.440918,0.000000,29999885.559082,0.000000
30.000000,0.000000,2.000000,1.000000,207.104645,390.019845,-179.141350,-360.011650,603236.000000,521787.000000,228.881836,0.000000,30000228.881836,0.000000
60.000000,0.000000,1.000000,0.000000,237.104874,420.020074,-179.141350,-360.011650,690618.000000,521787.000000,114.440918,0.000000,60000114.440918,0.000000
60.000000,0.000000,2.000000,1.000000,237.104874,420.020074,-179.141350,-360.011650,690618.000000,521787.000000,-228.881836,0.000000,59999771.118164,0.000000
60.000000,45.000000,1.000000,0.000000,237.104530,420.019730,-224.141350,-405.011650,690617.000000,652859.000000,-228.881836,0.000000,59999771.118164,45000000.000000
60.000000,45.000000,2.000000,1.000000,237.104874,420.020074,-224.141350,-405.011650,690618.000000,652859.000000,-228.881836,0.000000,59999771.118164,45000000.000000
60.000000,90.000000,1.000000,0.000000,237.104874,420.020074,-269.141350,-450.011650,690618.000000,783931.000000,114.440918,0.000000,60000114.440918,90000000.000000
60.000000,90.000000,2.000000,1.000000,237.104530,420.019730,-269.141693,-450.011993,690617.000000,783932.000000,-228.881836,343.322754,59999771.118164,90000343.322754
60.000000,180.000000,1.000000,0.000000,237.104874,420.020074,-359.141350,-540.011650,690618.000000,1046075.000000,-228.881836,0.000000,59999771.118164,180000000.000000
60.000000,180.000000,2.000000,1.000000,237.104874,420.020074,-359.140663,-540.010963,690618.000000,1046073.000000,114.440918,-686.645508,60000114.440918,179999313.354492
60.000000,225.000000,1.000000,0.000000,237.104874,420.020074,-404.141350,-585.011650,690618.000000,1177147.000000,114.440918,0.000000,60000114.440918,225000000.000000
60.000000,225.000000,2.000000,1.000000,237.104874,420.020074,-404.141350,-585.011650,690618.000000,1177147.000000,114.440918,0.000000,60000114.440918,225000000.000000
60.000000,270.000000,1.000000,0.000000,237.104530,420.019730,-449.141693,-630.011993,690617.000000,1308220.000000,114.440918,343.322754,60000114.440918,270000343.322754
60.000000,270.000000,2.000000,1.000000,237.104530,420.019730,-449.141350,-630.011650,690617.000000,1308219.000000,-228.881836,0.000000,59999771.118164,270000000.000000
60.000000,0.000000,1.000000,0.000000,237.104874,420.020074,-179.141350,-360.011650,690618.000000,521787.000000,114.440918,0.000000,60000114.440918,0.000000
60.000000,0.000000,2.000000,1.000000,237.104530,420.019730,-179.141350,-360.011650,690617.000000,521787.000000,-228.881836,0.000000,59999771.118164,0.000000
90.000000,0.000000,1.000000,0.000000,267.104759,450.019959,-179.141350,-360.011650,777999.000000,521787.000000,0.000000,0.000000,90000000.000000,0.000000
90.000000,0.000000,2.000000,1.000000,267.104759,450.019959,-179.141350,-360.011650,777999.000000,521787.000000,0.000000,0.000000,90000000.000000,0.000000
90.000000,45.000000,1.000000,0.000000,267.104759,450.019959,-224.141350,-405.011650,777999.000000,652859.000000,0.000000,0.000000,90000000.000000,45000000.000000
90.000000,45.000000,2.000000,1.000000,267.104759,450.019959,-224.141350,-405.011650,777999.000000,652859.000000,0.000000,0.000000,90000000.000000,45000000.000000
90.000000,90.000000,1.000000,0.000000,267.104759,450.019959,-269.141350,-450.011650,777999.000000,783931.000000,0.000000,0.000000,90000000.000000,90000000.000000
90.000000,90.000000,2.000000,1.000000,267.104759,450.019959,-269.142036,-450.012336,777999.000000,783933.000000,0.000000,686.645508,90000000.000000,90000686.645508
90.000000,180.000000,1.000000,0.000000,267.104759,450.019959,-359.141350,-540.011650,777999.000000,1046075.000000,0.000000,0.000000,90000000.000000,180000000.000000
90.000000,180.000000,2.000000,1.000000,267.104759,450.019959,-359.141350,-540.011650,777999.000000,1046075.000000,0.000000,0.000000,90000000.000000,180000000.000000
90.000000,225.000000,1.000000,0.000000,267.104759,450.019959,-404.141350,-585.011650,777999.000000,1177147.000000,0.000000,-343.322754,90000000.000000,224999656.677246
90.000000,225.000000,2.000000,1.000000,267.104759,450.019959,-404.141350,-585.011650,777999.000000,1177147.000000,0.000000,0.000000,90000000.000000,225000000.000000
90.000000,270.000000,1.000000,0.000000,267.104759,450.019959,-449.141350,-630.011650,777999.000000,1308219.000000,0.000000,0.000000,90000000.000000,270000000.000000
90.000000,270.000000,2.000000,1.000000,267.104759,450.019959,-449.141693,-630.011993,777999.000000,1308220.000000,0.000000,343.322754,90000000.000000,270000343.322754
90.000000,0.000000,1.000000,0.000000,267.104759,450.019959,-179.141350,-360.011650,777999.000000,521787.000000,0.000000,0.000000,90000000.000000,0.000000
90.000000,0.000000,2.000000,1.000000,267.104759,450.019959,-179.141350,-360.011650,777999.000000,521787.000000,0.000000,0.000000,90000000.000000,0.000000
-90.000000,0.000000,1.000000,0.000000,87.104759,270.019959,-179.141350,-360.011650,253711.000000,521787.000000,0.000000,0.000000,-90000000.000000,0.000000
-90.000000,0.000000,2.000000,1.000000,87.104759,270.019959,-179.141350,-360.011650,253711.000000,521787.000000,0.000000,0.000000,-90000000.000000,0.000000
-90.000000,45.000000,1.000000,0.000000,87.104759,270.019959,-224.141350,-405.011650,253711.000000,652859.000000,0.000000,0.000000,-90000000.000000,45000000.000000
-90.000000,45.000000,2.000000,1.000000,87.104759,270.019959,-224.141350,-405.011650,253711.000000,652859.000000,0.000000,0.000000,-90000000.000000,45000000.000000
0.000000,0.000000,1.000000,0.000000,177.104759,360.019959,-179.141350,-360.011650,515855.000000,521787.000000,0.000000,0.000000,0.000000,0.000000
0.000000,0.000000,2.000000,1.000000,177.104759,360.019959,-179.141350,-360.011650,515855.000000,521787.000000,0.000000,0.000000,0.000000,0.000000
-90.000000,90.000000,1.000000,0.000000,87.104759,270.019959,-269.141350,-450.011650,253711.000000,783931.000000,0.000000,0.000000,-90000000.000000,90000000.000000
-90.000000,90.000000,2.000000,1.000000,87.104759,270.019959,-269.141350,-450.011650,253711.000000,783931.000000,0.000000,0.000000,-90000000.000000,90000000.000000
-90.000000,180.000000,1.000000,0.000000,87.104759,270.019959,-359.141006,-540.011306,253711.000000,1046074.000000,0.000000,-343.322754,-90000000.000000,179999656.677246
-90.000000,180.000000,2.000000,1.000000,87.104759,270.019959,-359.140663,-540.010963,253711.000000,1046073.000000,0.000000,-686.645508,-90000000.000000,179999313.354492
-90.000000,225.000000,1.000000,0.000000,87.104759,270.019959,-404.141350,-585.011650,253711.000000,1177147.000000,0.000000,0.000000,-90000000.000000,225000000.000000
-90.000000,225.000000,2.000000,1.000000,87.104759,270.019959,-404.141350,-585.011650,253711.000000,1177147.000000,0.000000,0.000000,-90000000.000000,225000000.000000
-90.000000,270.000000,1.000000,0.000000,87.104759,270.019959,-449.141006,-630.011306,253711.000000,1308218.000000,0.000000,-343.322754,-90000000.000000,269999656.677246
-90.000000,270.000000,2.000000,1.000000,87.104759,270.019959,-449.140663,-630.010963,253711.000000,1308217.000000,0.000000,-686.645508,-90000000.000000,269999313.354492
-90.000000,0.000000,1.000000,0.000000,87.104759,270.019959,-179.141350,-360.011650,253711.000000,521787.000000,0.000000,0.000000,-90000000.000000,0.000000
-90.000000,0.000000,2.000000,1.000000,87.104759,270.019959,-179.141350,-360.011650,253711.000000,521787.000000,0.000000,0.000000,-90000000.000000,0.000000
-60.000000,0.000000,1.000000,0.000000,117.104645,300.019845,-179.141350,-360.011650,341092.000000,521787.000000,-114.440918,0.000000,-60000114.440918,0.000000
-60.000000,0.000000,2.000000,1.000000,117.104645,300.019845,-179.141350,-360.011650,341092.000000,521787.000000,-114.440918,0.000000,-60000114.440918,0.000000
-60.000000,45.000000,1.000000,0.000000,117.104988,300.020188,-224.141350,-405.011650,341093.000000,652859.000000,228.881836,0.000000,-59999771.118164,45000000.000000
-60.000000,45.000000,2.000000,1.000000,117.104645,300.019845,-224.141350,-405.011650,341092.000000,652859.000000,-114.440918,0.000000,-60000114.440918,45000000.000000
-60.000000,90.000000,1.000000,0.000000,117.104988,300.020188,-269.141350,-450.011650,341092.000000,783931.000000,-114.440918,0.000000,-60000114.440918,90000000.000000
-60.000000,90.000000,2.000000,1.000000,117.104645,300.019845,-269.141350,-450.011650,341092.000000,783931.000000,-114.440918,0.000000,-60000114.440918,90000000.000000
-60.000000,180.000000,1.000000,0.000000,117.104988,300.020188,-359.141350,-540.011650,341093.000000,1046075.000000,-114.440918,0.000000,-60000114.440918,180000000.000000
-60.000000,180.000000,2.000000,1.000000,117.104988,300.020188,-359.141350,-540.011650,341093.000000,1046075.000000,-114.440918,0.000000,-60000114.440918,180000000.000000
-60.000000,225.000000,1.000000,0.000000,117.104988,300.020188,-404.141350,-585.011650,341093.000000,1177147.000000,-114.440918,0.000000,-60000114.440918,225000000.000000
-60.000000,225.000000,2.000000,1.000000,117.104988,300.020188,-404.141350,-585.011650,341093.000000,1177147.000000,228.881836,0.000000,-59999771.118164,225000000.000000
-60.000000,270.000000,1.000000,0.000000,117.104645,300.019845,-449.142036,-630.012336,341092.000000,1308221.000000,228.881836,686.645508,-59999771.118164,270000686.645508
-60.000000,270.000000,2.000000,1.000000,117.104645,300.019845,-449.141693,-630.011993,341092.000000,1308220.000000,-114.440918,343.322754,-60000114.440918,270000343.322754
-60.000000,0.000000,1.000000,0.000000,117.104988,300.020188,-179.141350,-360.011650,341093.000000,521787.000000,228.881836,0.000000,-59999771.118164,0.000000
-60.000000,0.000000,2.000000,1.000000,117.104645,300.019845,-179.141350,-360.011650,341092.000000,521787.000000,-114.440918,0.000000,-60000114.440918,0.000000
-30.000000,0.000000,1.000000,0.000000,147.104874,330.020074,-179.141350,-360.011650,428474.000000,521787.000000,114.440918,0.000000,-29999885.559082,0.000000
-30.000000,0.000000,2.000000,1.000000,147.104530,330.019730,-179.141350,-360.011650,428473.000000,521787.000000,-228.881836,0.000000,-30000228.881836,0.000000
-30.000000,45.000000,1.000000,0.000000,147.104874,330.020074,-224.141350,-405.011650,428474.000000,652859.000000,-228.881836,0.000000,-30000228.881836,45000000.000000
-30.000000,45.000000,2.000000,1.000000,147.104530,330.019730,-224.141350,-405.011650,428473.000000,652859.000000,114.440918,0.000000,-29999885.559082,45000000.000000
-30.000000,90.000000,1.000000,0.000000,147.104874,330.020074,-269.141350,-450.011650,428474.000000,783931.000000,-228.881836,0.000000,-30000228.881836,90000000.000000
-30.000000,90.000000,2.000000,1.000000,147.104874,330.020074,-269.141350,-450.011650,428474.000000,783931.000000,114.440918,0.000000,-29999885.559082,90000000.000000
-30.000000,180.000000,1.000000,0.000000,147.104874,330.020074,-359.141350,-540.011650,428474.000000,1046075.000000,114.440918,0.000000,-29999885.559082,180000000.000000
-30.000000,180.000000,2.000000,1.000000,147.104530,330.019730,-359.141693,-540.011993,428473.000000,1046076.000000,-228.881836,343.322754,-30000228.881836,180000343.322754
-30.000000,225.000000,1.000000,0.000000,147.104874,330.020074,-404.141350,-585.011650,428474.000000,1177147.000000,114.440918,0.000000,-29999885.559082,225000000.000000
-30.000000,225.000000,2.000000,1.000000,147.104874,330.020074,-404.141350,-585.011650,428474.000000,1177147.000000,114.440918,0.000000,-29999885.559082,225000000.000000
-30.000000,270.000000,1.000000,0.000000,147.104874,330.020074,-449.142036,-630.012336,428474.000000,1308221.000000,-228.881836,686.645508,-30000228.881836,270000686.645508
-30.000000,270.000000,2.000000,1.000000,147.104874,330.020074,-449.142036,-630.012336,428474.000000,1308221.000000,114.440918,686.645508,-29999885.559082,270000686.645508
-30.000000,0.000000,1.000000,0.000000,147.104874,330.020074,-179.141350,-360.011650,428474.000000,521787.000000,114.440918,0.000000,-29999885.559082,0.000000
-30.000000,0.000000,2.000000,1.000000,147.104874,330.020074,-179.141350,-360.011650,428474.000000,521787.000000,114.440918,0.000000,-29999885.559082,0.000000
0.000000,0.000000,1.000000,0.000000,177.104759,360.019959,-179.141350,-360.011650,515855.000000,521787.000000,0.000000,0.000000,0.000000,0.000000
0.000000,0.000000,2.000000,1.000000,177.104759,360.019959,-179.141350,-360.011650,515855.000000,521787.000000,0.000000,0.000000,0.000000,0.000000
0.000000,45.000000,1.000000,0.000000,177.104759,360.019959,-224.141350,-405.011650,515855.000000,652859.000000,0.000000,0.000000,0.000000,45000000.000000
0.000000,45.000000,2.000000,1.000000,177.104759,360.019959,-224.141350,-405.011650,515855.000000,652859.000000,0.000000,0.000000,0.000000,45000000.000000
0.000000,90.000000,1.000000,0.000000,177.104759,360.019959,-269.141350,-450.011650,515855.000000,783931.000000,0.000000,0.000000,0.000000,90000000.000000
0.000000,90.000000,2.000000,1.000000,177.104759,360.019959,-269.141350,-450.011650,515855.000000,783931.000000,0.000000,0.000000,0.000000,90000000.000000
0.000000,135.000000,1.000000,0.000000,177.104759,360.019959,-314.141350,-495.011650,515855.000000,915003.000000,0.000000,0.000000,0.000000,135000000.000000
0.000000,135.000000,2.000000,1.000000,177.104759,360.019959,-314.141350,-495.011650,515855.000000,915003.000000,0.000000,0.000000,0.000000,135000000.000000
0.000000,180.000000,1.000000,0.000000,177.104759,360.019959,-359.141350,-540.011650,515855.000000,1046075.000000,0.000000,0.000000,0.000000,180000000.000000
0.000000,180.000000,2.000000,1.000000,177.104759,360.019959,-359.141350,-540.011650,515855.000000,1046075.000000,0.000000,0.000000,0.000000,180000000.000000
0.000000,225.000000,1.000000,0.000000,177.104759,360.019959,-404.141350,-585.011650,515855.000000,1177147.000000,0.000000,0.000000,0.000000,225000000.000000
0.000000,225.000000,2.000000,1.000000,177.104759,360.019959,-404.141350,-585.011650,515855.000000,1177147.000000,0.000000,0.000000,0.000000,225000000.000000
0.000000,270.000000,1.000000,0.000000,177.104759,360.019959,-449.140663,-630.010963,515855.000000,1308217.000000,0.000000,-686.645508,0.000000,269999313.354492
0.000000,270.000000,2.000000,1.000000,177.104759,360.019959,-449.140663,-630.010963,515855.000000,1308217.000000,0.000000,-686.645508,0.000000,269999313.354492
0.000000,315.000000,1.000000,0.000000,177.104759,360.019959,-494.141350,-675.011650,515855.000000,1439291.000000,0.000000,0.000000,0.000000,315000000.000000
0.000000,315.000000,2.000000,1.000000,177.104759,360.019959,-494.141350,-675.011650,515855.000000,1439291.000000,0.000000,0.000000,0.000000,315000000.000000
0.000000,0.000000,1.000000,0.000000,177.104759,360.019959,-179.141350,-360.011650,515855.000000,521787.000000,0.000000,0.000000,0.000000,0.000000
0.000000,0.000000,2.000000,1.000000,177.104759,360.019959,-179.141350,-360.011650,515855.000000,521787.000000,0.000000,0.000000,0.000000,0.000000
0.000000,0.000000,1.000000,0.000000,-182.895241,0.019959,180.858650,-0.011650,-532721.000000,-526789.000000,0.000000,0.000000,0.000000,0.000000
0.000000,0.000000,2.000000,1.000000,-182.895241,0.019959,180.858650,-0.011650,-532721.000000,-526789.000000,0.000000,0.000000,0.000000,0.000000
0.000000,45.000000,1.000000,0.000000,-182.895241,0.019959,135.858307,-45.011993,-532721.000000,-395716.000000,0.000000,343.322754,0.000000,45000343.322754
0.000000,45.000000,2.000000,1.000000,-182.895241,0.019959,135.858650,-45.011650,-532721.000000,-395717.000000,0.000000,0.000000,0.000000,45000000.000000
0.000000,90.000000,1.000000,0.000000,-182.895241,0.019959,90.858650,-90.011650,-532721.000000,-264645.000000,0.000000,0.000000,0.000000,90000000.000000
0.000000,90.000000,2.000000,1.000000,-182.895241,0.019959,90.858650,-90.011650,-532721.000000,-264645.000000,0.000000,0.000000,0.000000,90000000.000000
0.000000,135.000000,1.000000,0.000000,-182.895241,0.019959,45.858650,-135.011650,-532721.000000,-133573.000000,0.000000,0.000000,0.000000,135000000.000000
0.000000,135.000000,2.000000,1.000000,-182.895241,0.019959,45.858650,-135.011650,-532721.000000,-133573.000000,0.000000,0.000000,0.000000,135000000.000000
0.000000,180.000000,1.000000,0.000000,-182.895241,0.019959,0.858650,-180.011650,-532721.000000,-2501.000000,0.000000,0.000000,0.000000,180000000.000000
0.000000,180.000000,2.000000,1.000000,-182.895241,0.019959,0.858650,-180.011650,-532721.000000,-2501.000000,0.000000,0.000000,0.000000,180000000.000000
0.000000,225.000000,1.000000,0.000000,-182.895241,0.019959,-44.141350,-225.011650,-532721.000000,128571.000000,0.000000,0.000000,0.000000,225000000.000000
0.000000,225.000000,2.000000,1.000000,-182.895241,0.019959,-44.141350,-225.011650,-532721.000000,128571.000000,0.000000,0.000000,0.000000,225000000.000000
0.000000,270.000000,1.000000,0.000000,-182.895241,0.019959,-89.140663,-270.010963,-532721.000000,259641.000000,0.000000,-686.645508,0.000000,269999313.354492
0.000000,270.000000,2.000000,1.000000,-182.895241,0.019959,-89.142036,-270.012336,-532721.000000,259645.000000,0.000000,686.645508,0.000000,270000686.645508
0.000000,315.000000,1.000000,0.000000,-182.895241,0.019959,-134.141350,-315.011650,-532721.000000,390715.000000,0.000000,0.000000,0.000000,315000000.000000
0.000000,315.000000,2.000000,1.000000,-182.895241,0.019959,-134.141350,-315.011650,-532721.000000,390715.000000,0.000000,0.000000,0.000000,315000000.000000
0.000000,0.000000,1.000000,0.000000,-182.895241,0.019959,180.858650,-0.011650,-532721.000000,-526789.000000,0.000000,0.000000,0.000000,0.000000
0.000000,0.000000,2.000000,1.000000,-182.895241,0.019959,180.858650,-0.011650,-532721.000000,-526789.000000,0.000000,0.000000,0.000000,0.000000
30.000000,0.000000,1.000000,0.000000,-152.895012,30.020188,180.858650,-0.011650,-445339.000000,-526789.000000,-114.440918,0.000000,29999885.559082,0.000000
30.000000,0.000000,2.000000,1.000000,-152.895012,30.020188,180.858650,-0.011650,-445339.000000,-526789.000000,-114.440918,0.000000,29999885.559082,0.000000
30.000000,45.000000,1.000000,0.000000,-152.895355,30.019845,135.858650,-45.011650,-445340.000000,-395717.000000,-114.440918,0.000000,29999885.559082,45000000.000000
30.000000,45.000000,2.000000,1.000000,-152.895355,30.019845,135.858994,-45.011306,-445340.000000,-395718.000000,-114.440918,-686.645508,29999885.559082,44999313.354492
30.000000,90.000000,1.000000,0.000000,-152.895355,30.019845,90.858650,-90.011650,-445340.000000,-264645.000000,228.881836,0.000000,30000228.881836,90000000.000000
30.000000,90.000000,2.000000,1.000000,-152.895355,30.019845,90.858650,-90.011650,-445340.000000,-264645.000000,-114.440918,0.000000,29999885.559082,90000000.000000
30.000000,180.000000,1.000000,0.000000,-152.895355,30.019845,0.858650,-180.011650,-445340.000000,-2501.000000,228.881836,0.000000,30000228.881836,180000000.000000
30.000000,180.000000,2.000000,1.000000,-152.895012,30.020188,0.858650,-180.011650,-445339.000000,-2501.000000,228.881836,0.000000,30000228.881836,180000000.000000
30.000000,225.000000,1.000000,0.000000,-152.895355,30.019845,-44.141350,-225.011650,-445340.000000,128571.000000,-114.440918,0.000000,29999885.559082,225000000.000000
30.000000,225.000000,2.000000,1.000000,-152.895012,30.020188,-44.141350,-225.011650,-445339.000000,128571.000000,-114.440918,0.000000,29999885.559082,225000000.000000
30.000000,270.000000,1.000000,0.000000,-152.895012,30.020188,-89.142036,-270.012336,-445339.000000,259645.000000,228.881836,686.645508,30000228.881836,270000686.645508
30.000000,270.000000,2.000000,1.000000,-152.895012,30.020188,-89.140663,-270.010963,-445339.000000,259641.000000,-114.440918,-686.645508,29999885.559082,269999313.354492
30.000000,0.000000,1.000000,0.000000,-152.895012,30.020188,180.858650,-0.011650,-445339.000000,-526789.000000,228.881836,0.000000,30000228.881836,0.000000
30.000000,0.000000,2.000000,1.000000,-152.895355,30.019845,180.858650,-0.011650,-445340.000000,-526789.000000,-114.440918,0.000000,29999885.559082,0.000000
60.000000,0.000000,1.000000,0.000000,-122.895126,60.020074,180.858650,-0.011650,-357958.000000,-526789.000000,114.440918,0.000000,60000114.440918,0.000000
60.000000,0.000000,2.000000,1.000000,-122.895126,60.020074,180.858650,-0.011650,-357958.000000,-526789.000000,-228.881836,0.000000,59999771.118164,0.000000
60.000000,45.000000,1.000000,0.000000,-122.895126,60.020074,135.858650,-45.011650,-357958.000000,-395717.000000,114.440918,0.000000,60000114.440918,45000000.000000
60.000000,45.000000,2.000000,1.000000,-122.895470,60.019730,135.858650,-45.011650,-357959.000000,-395717.000000,114.440918,0.000000,60000114.440918,45000000.000000
60.000000,90.000000,1.000000,0.000000,-122.895126,60.020074,90.858650,-90.011650,-357958.000000,-264645.000000,114.440918,0.000000,60000114.440918,90000000.000000
60.000000,90.000000,2.000000,1.000000,-122.895126,60.020074,90.858650,-90.011650,-357958.000000,-264645.000000,114.440918,0.000000,60000114.440918,90000000.000000
60.000000,180.000000,1.000000,0.000000,-122.895470,60.019730,0.858650,-180.011650,-357959.000000,-2501.000000,114.440918,0.000000,60000114.440918,180000000.000000
60.000000,180.000000,2.000000,1.000000,-122.895126,60.020074,0.858650,-180.011650,-357958.000000,-2501.000000,114.440918,0.000000,60000114.440918,180000000.000000
60.000000,225.000000,1.000000,0.000000,-122.895126,60.020074,-44.140663,-225.010963,-357958.000000,128569.000000,114.440918,-686.645508,60000114.440918,224999313.354492
60.000000,225.000000,2.000000,1.000000,-122.895126,60.020074,-44.142036,-225.012336,-357958.000000,128573.000000,-228.881836,686.645508,59999771.118164,225000686.645508
60.000000,270.000000,1.000000,0.000000,-122.895126,60.020074,-89.140663,-270.010963,-357958.000000,259641.000000,-228.881836,-686.645508,59999771.118164,269999313.354492
60.000000,270.000000,2.000000,1.000000,-122.895126,60.020074,-89.142036,-270.012336,-357958.000000,259645.000000,114.440918,686.645508,60000114.440918,270000686.645508
60.000000,0.000000,1.000000,0.000000,-122.895470,60.019730,180.858650,-0.011650,-357959.000000,-526789.000000,114.440918,0.000000,60000114.440918,0.000000
60.000000,0.000000,2.000000,1.000000,-122.895126,60.020074,180.858650,-0.011650,-357958.000000,-526789.000000,114.440918,0.000000,60000114.440918,0.000000
90.000000,0.000000,1.000000,0.000000,-92.895241,90.019959,180.858650,-0.011650,-270577.000000,-526789.000000,0.000000,0.000000,90000000.000000,0.000000
90.000000,0.000000,2.000000,1.000000,-92.895241,90.019959,180.858650,-0.011650,-270577.000000,-526789.000000,0.000000,0.000000,90000000.000000,0.000000
90.000000,45.000000,1.000000,0.000000,-92.895241,90.019959,135.858650,-45.011650,-270577.000000,-395717.000000,0.000000,0.000000,90000000.000000,45000000.000000
90.000000,45.000000,2.000000,1.000000,-92.895241,90.019959,135.858650,-45.011650,-270577.000000,-395717.000000,0.000000,0.000000,90000000.000000,45000000.000000
90.000000,90.000000,1.000000,0.000000,-92.895241,90.019959,90.858650,-90.011650,-270577.000000,-264645.000000,0.000000,0.000000,90000000.000000,90000000.000000
90.000000,90.000000,2.000000,1.000000,-92.895241,90.019959,90.858650,-90.011650,-270577.000000,-264645.000000,0.000000,0.000000,90000000.000000,90000000.000000
90.000000,180.000000,1.000000,0.000000,-92.895241,90.019959,0.858994,-180.011306,-270577.000000,-2502.000000,0.000000,-343.322754,90000000.000000,179999656.677246
90.000000,180.000000,2.000000,1.000000,-92.895241,90.019959,0.858650,-180.011650,-270577.000000,-2501.000000,0.000000,0.000000,90000000.000000,180000000.000000
90.000000,225.000000,1.000000,0.000000,-92.895241,90.019959,-44.142036,-225.012336,-270577.000000,128573.000000,0.000000,686.645508,90000000.000000,225000686.645508
90.000000,225.000000,2.000000,1.000000,-92.895241,90.019959,-44.142036,-225.012336,-270577.000000,128573.000000,0.000000,686.645508,90000000.000000,225000686.645508
90.000000,270.000000,1.000000,0.000000,-92.895241,90.019959,-89.141006,-270.011306,-270577.000000,259642.000000,0.000000,-343.322754,90000000.000000,269999656.677246
90.000000,270.000000,2.000000,1.000000,-92.895241,90.019959,-89.141006,-270.011306,-270577.000000,259642.000000,0.000000,0.000000,90000000.000000,270000000.000000
90.000000,0.000000,1.000000,0.000000,-92.895241,90.019959,180.858650,-0.011650,-270577.000000,-526789.000000,0.000000,0.000000,90000000.000000,0.000000
90.000000,0.000000,2.000000,1.000000,-92.895241,90.019959,180.858650,-0.011650,-270577.000000,-526789.000000,0.000000,0.000000,90000000.000000,0.000000
-90.000000,0.000000,1.000000,0.000000,-272.895241,-89.980041,180.858650,-0.011650,-794865.000000,-526789.000000,0.000000,0.000000,-90000000.000000,0.000000
-90.000000,0.000000,2.000000,1.000000,-272.895241,-89.980041,180.858650,-0.011650,-794865.000000,-526789.000000,0.000000,0.000000,-90000000.000000,0.000000
-90.000000,45.000000,1.000000,0.000000,-272.895241,-89.980041,135.858650,-45.011650,-794865.000000,-395717.000000,0.000000,0.000000,-90000000.000000,45000000.000000
-90.000000,45.000000,2.000000,1.000000,-272.895241,-89.980041,135.858650,-45.011650,-794865.000000,-395717.000000,0.000000,0.000000,-90000000.000000,45000000.000000
-90.000000,90.000000,1.000000,0.000000,-272.895241,-89.980041,90.858650,-90.011650,-794865.000000,-264645.000000,0.000000,0.000000,-90000000.000000,90000000.000000
-90.000000,90.000000,2.000000,1.000000,-272.895241,-89.980041,90.858650,-90.011650,-794865.000000,-264645.000000,0.000000,0.000000,-90000000.000000,90000000.000000
-90.000000,180.000000,1.000000,0.000000,-272.895241,-89.980041,0.858307,-180.011993,-794865.000000,-2500.000000,0.000000,343.322754,-90000000.000000,180000343.322754
-90.000000,180.000000,2.000000,1.000000,-272.895241,-89.980041,0.857964,-180.012336,-794865.000000,-2499.000000,0.000000,686.645508,-90000000.000000,180000686.645508
-90.000000,225.000000,1.000000,0.000000,-272.895241,-89.980041,-44.142036,-225.012336,-794865.000000,128573.000000,0.000000,686.645508,-90000000.000000,225000686.645508
-90.000000,225.000000,2.000000,1.000000,-272.895241,-89.980041,-44.140663,-225.010963,-794865.000000,128569.000000,0.000000,-686.645508,-90000000.000000,224999313.354492
-90.000000,270.000000,1.000000,0.000000,-272.895241,-89.980041,-89.141693,-270.011993,-794865.000000,259644.000000,0.000000,343.322754,-90000000.000000,270000343.322754
-90.000000,270.000000,2.000000,1.000000,-272.895241,-89.980041,-89.142036,-270.012336,-794865.000000,259645.000000,0.000000,343.322754,-90000000.000000,270000343.322754
-90.000000,0.000000,1.000000,0.000000,-272.895241,-89.980041,180.858650,-0.011650,-794865.000000,-526789.000000,0.000000,0.000000,-90000000.000000,0.000000
-90.000000,0.000000,2.000000,1.000000,-272.895241,-89.980041,180.858650,-0.011650,-794865.000000,-526789.000000,0.000000,0.000000,-90000000.000000,0.000000
-60.000000,0.000000,1.000000,0.000000,-242.895355,-59.980155,180.858650,-0.011650,-707484.000000,-526789.000000,-114.440918,0.000000,-60000114.440918,0.000000
-60.000000,0.000000,2.000000,1.000000,-242.895355,-59.980155,180.858650,-0.011650,-707484.000000,-526789.000000,228.881836,0.000000,-59999771.118164,0.000000
-60.000000,45.000000,1.000000,0.000000,-242.895355,-59.980155,135.858650,-45.011650,-707484.000000,-395717.000000,228.881836,0.000000,-59999771.118164,45000000.000000
-60.000000,45.000000,2.000000,1.000000,-242.895355,-59.980155,135.858650,-45.011650,-707484.000000,-395717.000000,-114.440918,0.000000,-60000114.440918,45000000.000000
-60.000000,90.000000,1.000000,0.000000,-242.895355,-59.980155,90.858650,-90.011650,-707484.000000,-264645.000000,-114.440918,0.000000,-60000114.440918,90000000.000000
-60.000000,90.000000,2.000000,1.000000,-242.895355,-59.980155,90.858650,-90.011650,-707484.000000,-264645.000000,-114.440918,0.000000,-60000114.440918,90000000.000000
-60.000000,180.000000,1.000000,0.000000,-242.895355,-59.980155,0.858650,-180.011650,-707484.000000,-2501.000000,-114.440918,0.000000,-60000114.440918,180000000.000000
-60.000000,180.000000,2.000000,1.000000,-242.895012,-59.979812,0.858650,-180.011650,-707483.000000,-2501.000000,-114.440918,0.000000,-60000114.440918,180000000.000000
-60.000000,225.000000,1.000000,0.000000,-242.895355,-59.980155,-44.141693,-225.011993,-707484.000000,128572.000000,228.881836,343.322754,-59999771.118164,225000343.322754
-60.000000,225.000000,2.000000,1.000000,-242.895012,-59.979812,-44.140663,-225.010963,-707484.000000,128569.000000,-114.440918,-686.645508,-60000114.440918,224999313.354492
-60.000000,270.000000,1.000000,0.000000,-242.895012,-59.979812,-89.141350,-270.011650,-707483.000000,259643.000000,-114.440918,0.000000,-60000114.440918,270000000.000000
-60.000000,270.000000,2.000000,1.000000,-242.895012,-59.979812,-89.142036,-270.012336,-707483.000000,259645.000000,-114.440918,686.645508,-60000114.440918,270000686.645508
-60.000000,0.000000,1.000000,0.000000,-242.895012,-59.979812,180.858650,-0.011650,-707483.000000,-526789.000000,-114.440918,0.000000,-60000114.440918,0.000000
-60.000000,0.000000,2.000000,1.000000,-242.895355,-59.980155,180.858650,-0.011650,-707484.000000,-526789.000000,-114.440918,0.000000,-60000114.440918,0.000000
-30.000000,0.000000,1.000000,0.000000,-212.895126,-29.979926,180.858650,-0.011650,-620102.000000,-526789.000000,114.440918,0.000000,-29999885.559082,0.000000
-30.000000,0.000000,2.000000,1.000000,-212.895126,-29.979926,180.858650,-0.011650,-620102.000000,-526789.000000,114.440918,0.000000,-29999885.559082,0.000000
-30.000000,45.000000,1.000000,0.000000,-212.895126,-29.979926,135.858307,-45.011993,-620102.000000,-395716.000000,114.440918,343.322754,-29999885.559082,45000343.322754
-30.000000,45.000000,2.000000,1.000000,-212.895126,-29.979926,135.858650,-45.011650,-620102.000000,-395717.000000,114.440918,0.000000,-29999885.559082,45000000.000000
-30.000000,90.000000,1.000000,0.000000,-212.895470,-29.980270,90.858650,-90.011650,-620103.000000,-264645.000000,-228.881836,0.000000,-30000228.881836,90000000.000000
-30.000000,90.000000,2.000000,1.000000,-212.895126,-29.979926,90.858650,-90.011650,-620102.000000,-264645.000000,-228.881836,0.000000,-30000228.881836,90000000.000000
-30.000000,180.000000,1.000000,0.000000,-212.895126,-29.979926,0.858307,-180.011993,-620102.000000,-2500.000000,114.440918,343.322754,-29999885.559082,180000343.322754
-30.000000,180.000000,2.000000,1.000000,-212.895470,-29.980270,0.858650,-180.011650,-620103.000000,-2501.000000,-228.881836,0.000000,-30000228.881836,180000000.000000
-30.000000,225.000000,1.000000,0.000000,-212.895470,-29.980270,-44.141350,-225.011650,-620103.000000,128571.000000,114.440918,0.000000,-29999885.559082,225000000.000000
-30.000000,225.000000,2.000000,1.000000,-212.895126,-29.979926,-44.141350,-225.011650,-620102.000000,128571.000000,-228.881836,0.000000,-30000228.881836,225000000.000000
-30.000000,270.000000,1.000000,0.000000,-212.895470,-29.980270,-89.142036,-270.012336,-620103.000000,259645.000000,-228.881836,686.645508,-30000228.881836,270000686.645508
-30.000000,270.000000,2.000000,1.000000,-212.895126,-29.979926,-89.142036,-270.012336,-620102.000000,259645.000000,114.440918,686.645508,-29999885.559082,270000686.645508
-30.000000,0.000000,1.000000,0.000000,-212.895126,-29.979926,180.858650,-0.011650,-620102.000000,-526789.000000,114.440918,0.000000,-29999885.559082,0.000000
-30.000000,0.000000,2.000000,1.000000,-212.895126,-29.979926,180.858650,-0.011650,-620102.000000,-526789.000000,114.440918,0.000000,-29999885.559082,0.000000
0.000000,0.000000,1.000000,0.000000,-182.895241,0.019959,180.858650,-0.011650,-532721.000000,-526789.000000,0.000000,0.000000,0.000000,0.000000
0.000000,0.000000,2.000000,1.000000,-182.895241,0.019959,180.858650,-0.011650,-532721.000000,-526789.000000,0.000000,0.000000,0.000000,0.000000
0.000000,45.000000,1.000000,0.000000,-182.895241,0.019959,135.858650,-45.011650,-532721.000000,-395717.000000,0.000000,0.000000,0.000000,45000000.000000
0.000000,45.000000,2.000000,1.000000,-182.895241,0.019959,135.858994,-45.011306,-532721.000000,-395718.000000,0.000000,-343.322754,0.000000,44999656.677246
0.000000,90.000000,1.000000,0.000000,-182.895241,0.019959,90.858650,-90.011650,-532721.000000,-264645.000000,0.000000,0.000000,0.000000,90000000.000000
0.000000,90.000000,2.000000,1.000000,-182.895241,0.019959,90.858994,-90.011306,-532721.000000,-264646.000000,0.000000,-343.322754,0.000000,89999656.677246
0.000000,135.000000,1.000000,0.000000,-182.895241,0.019959,45.858650,-135.011650,-532721.000000,-133573.000000,0.000000,0.000000,0.000000,135000000.000000
0.000000,135.000000,2.000000,1.000000,-182.895241,0.019959,45.858650,-135.011650,-532721.000000,-133573.000000,0.000000,0.000000,0.000000,135000000.000000
0.000000,180.000000,1.000000,0.000000,-182.895241,0.019959,0.858650,-180.011650,-532721.000000,-2501.000000,0.000000,0.000000,0.000000,180000000.000000
0.000000,180.000000,2.000000,1.000000,-182.895241,0.019959,0.858650,-180.011650,-532721.000000,-2501.000000,0.000000,0.000000,0.000000,180000000.000000
0.000000,225.000000,1.000000,0.000000,-182.895241,0.019959,-44.141350,-225.011650,-532721.000000,128571.000000,0.000000,0.000000,0.000000,225000000.000000
0.000000,225.000000,2.000000,1.000000,-182.895241,0.019959,-44.141350,-225.011650,-532721.000000,128571.000000,0.000000,0.000000,0.000000,225000000.000000
0.000000,270.000000,1.000000,0.000000,-182.895241,0.019959,-89.142036,-270.012336,-532721.000000,259645.000000,0.000000,686.645508,0.000000,270000686.645508
0.000000,270.000000,2.000000,1.000000,-182.895241,0.019959,-89.140663,-270.010963,-532721.000000,259641.000000,0.000000,-686.645508,0.000000,269999313.354492
0.000000,315.000000,1.000000,0.000000,-182.895241,0.019959,-134.141350,-315.011650,-532721.000000,390715.000000,0.000000,0.000000,0.000000,315000000.000000
0.000000,315.000000,2.000000,1.000000,-182.895241,0.019959,-134.141350,-315.011650,-532721.000000,390715.000000,0.000000,0.000000,0.000000,315000000.000000
0.000000,0.000000,1.000000,0.000000,-182.895241,0.019959,180.858650,-0.011650,-532721.000000,-526789.000000,0.000000,0.000000,0.000000,0.000000
0.000000,0.000000,2.000000,1.000000,-182.895241,0.019959,180.858650,-0.011650,-532721.000000,-526789.000000,0.000000,0.000000,0.000000,0.000000
0.000000,0.000000,1.000000,0.000000,-182.895241,0.019959,180.858650,-0.011650,-532721.000000,-526789.000000,0.000000,0.000000,0.000000,0.000000
0.000000,0.000000,2.000000,1.000000,-182.895241,0.019959,180.858650,-0.011650,-532721.000000,-526789.000000,0.000000,0.000000,0.000000,0.000000
0.000000,0.000000,1.000000,0.000000,-182.895241,0.019959,180.858650,-0.011650,-532721.000000,-526789.000000,0.000000,0.000000,0.000000,0.000000
0.000000,0.000000,2.000000,1.000000,-182.895241,0.019959,180.858650,-0.011650,-532721.000000,-526789.000000,0.000000,0.000000,0.000000,0.000000
0.000000,45.000000,1.000000,0.000000,-182.895241,0.019959,135.858650,-45.011650,-532721.000000,-395717.000000,0.000000,0.000000,0.000000,45000000.000000
0.000000,45.000000,2.000000,1.000000,-182.895241,0.019959,135.858307,-45.011993,-532721.000000,-395716.000000,0.000000,343.322754,0.000000,45000343.322754
0.000000,90.000000,1.000000,0.000000,-182.895241,0.019959,90.858650,-90.011650,-532721.000000,-264645.000000,0.000000,0.000000,0.000000,90000000.000000
0.000000,90.000000,2.000000,1.000000,-182.895241,0.019959,90.858307,-90.011993,-532721.000000,-264644.000000,0.000000,343.322754,0.000000,90000343.322754
0.000000,135.000000,1.000000,0.000000,-182.895241,0.019959,45.858650,-135.011650,-532721.000000,-133573.000000,0.000000,0.000000,0.000000,135000000.000000
0.000000,135.000000,2.000000,1.000000,-182.895241,0.019959,45.858650,-135.011650,-532721.000000,-133573.000000,0.000000,0.000000,0.000000,135000000.000000
0.000000,180.000000,1.000000,0.000000,-182.895241,0.019959,0.858994,-180.011306,-532721.000000,-2502.000000,0.000000,-343.322754,0.000000,179999656.677246
0.000000,180.000000,2.000000,1.000000,-182.895241,0.019959,0.858307,-180.011993,-532721.000000,-2500.000000,0.000000,343.322754,0.000000,180000343.322754
0.000000,225.000000,1.000000,0.000000,-182.895241,0.019959,-44.141350,-225.011650,-532721.000000,128571.000000,0.000000,0.000000,0.000000,225000000.000000
0.000000,225.000000,2.000000,1.000000,-182.895241,0.019959,-44.141350,-225.011650,-532721.000000,128571.000000,0.000000,0.000000,0.000000,225000000.000000
0.000000,270.000000,1.000000,0.000000,-182.895241,0.019959,-89.140663,-270.010963,-532721.000000,259641.000000,0.000000,-686.645508,0.000000,269999313.354492
0.000000,270.000000,2.000000,1.000000,-182.895241,0.019959,-89.141006,-270.011306,-532721.000000,259642.000000,0.000000,-343.322754,0.000000,269999656.677246
0.000000,315.000000,1.000000,0.000000,-182.895241,0.019959,-134.141350,-315.011650,-532721.000000,390715.000000,0.000000,0.000000,0.000000,315000000.000000
0.000000,315.000000,2.000000,1.000000,-182.895241,0.019959,-134.141350,-315.011650,-532721.000000,390715.000000,0.000000,0.000000,0.000000,315000000.000000
0.000000,0.000000,1.000000,0.000000,-182.895241,0.019959,180.858650,-0.011650,-532721.000000,-526789.000000,0.000000,0.000000,0.000000,0.000000
0.000000,0.000000,2.000000,1.000000,-182.895241,0.019959,180.858650,-0.011650,-532721.000000,-526789.000000,0.000000,0.000000,0.000000,0.000000
30.000000,0.000000,1.000000,0.000000,-152.895012,30.020188,180.858650,-0.011650,-445339.000000,-526789.000000,228.881836,0.000000,30000228.881836,0.000000
30.000000,0.000000,2.000000,1.000000,-152.895355,30.019845,180.858650,-0.011650,-445340.000000,-526789.000000,-114.440918,0.000000,29999885.559082,0.000000
30.000000,45.000000,1.000000,0.000000,-152.895012,30.020188,135.858650,-45.011650,-445339.000000,-395717.000000,-114.440918,0.000000,29999885.559082,45000000.000000
30.000000,45.000000,2.000000,1.000000,-152.895355,30.019845,135.858307,-45.011993,-445340.000000,-395716.000000,228.881836,343.322754,30000228.881836,45000343.322754
30.000000,90.000000,1.000000,0.000000,-152.895355,30.019845,90.858650,-90.011650,-445340.000000,-264645.000000,228.881836,0.000000,30000228.881836,90000000.000000
30.000000,90.000000,2.000000,1.000000,-152.895355,30.019845,90.858650,-90.011650,-445340.000000,-264645.000000,-114.440918,0.000000,29999885.559082,90000000.000000
30.000000,180.000000,1.000000,0.000000,-152.895355,30.019845,0.858307,-180.011993,-445340.000000,-2500.000000,-114.440918,343.322754,29999885.559082,180000343.322754
30.000000,180.000000,2.000000,1.000000,-152.895355,30.019845,0.858650,-180.011650,-445340.000000,-2501.000000,-114.440918,0.000000,29999885.559082,180000000.000000
30.000000,225.000000,1.000000,0.000000,-152.895355,30.019845,-44.140663,-225.010963,-445340.000000,128569.000000,-114.440918,-686.645508,29999885.559082,224999313.354492
30.000000,225.000000,2.000000,1.000000,-152.895355,30.019845,-44.140663,-225.010963,-445340.000000,128569.000000,-114.440918,-686.645508,29999885.559082,224999313.354492
30.000000,270.000000,1.000000,0.000000,-152.895355,30.019845,-89.142036,-270.012336,-445340.000000,259645.000000,-114.440918,686.645508,29999885.559082,270000686.645508
30.000000,270.000000,2.000000,1.000000,-152.895355,30.019845,-89.140663,-270.010963,-445340.000000,259641.000000,228.881836,-686.645508,30000228.881836,269999313.354492
30.000000,0.000000,1.000000,0.000000,-152.895355,30.019845,180.858650,-0.011650,-445339.000000,-526789.000000,228.881836,0.000000,30000228.881836,0.000000
30.000000,0.000000,2.000000,1.000000,-152.895012,30.020188,180.858650,-0.011650,-445339.000000,-526789.000000,-114.440918,0.000000,29999885.559082,0.000000
60.000000,0.000000,1.000000,0.000000,-122.895470,60.019730,180.858650,-0.011650,-357959.000000,-526789.000000,-228.881836,0.000000,59999771.118164,0.000000
60.000000,0.000000,2.000000,1.000000,-122.895126,60.020074,180.858650,-0.011650,-357958.000000,-526789.000000,114.440918,0.000000,60000114.440918,0.000000
60.000000,45.000000,1.000000,0.000000,-122.895126,60.020074,135.858650,-45.011650,-357958.000000,-395717.000000,114.440918,0.000000,60000114.440918,45000000.000000
60.000000,45.000000,2.000000,1.000000,-122.895126,60.020074,135.858994,-45.011306,-357958.000000,-395718.000000,114.440918,-343.322754,60000114.440918,44999656.677246
60.000000,90.000000,1.000000,0.000000,-122.895470,60.019730,90.858650,-90.011650,-357959.000000,-264645.000000,-228.881836,0.000000,59999771.118164,90000000.000000
60.000000,90.000000,2.000000,1.000000,-122.895470,60.019730,90.858307,-90.011993,-357959.000000,-264644.000000,114.440918,343.322754,60000114.440918,90000343.322754
60.000000,180.000000,1.000000,0.000000,-122.895470,60.019730,0.858650,-180.011650,-357959.000000,-2501.000000,-228.881836,0.000000,59999771.118164,180000000.000000
60.000000,180.000000,2.000000,1.000000,-122.895126,60.020074,0.858650,-180.011650,-357958.000000,-2501.000000,-228.881836,0.000000,59999771.118164,180000000.000000
60.000000,225.000000,1.000000,0.000000,-122.895126,60.020074,-44.141693,-225.011993,-357958.000000,128572.000000,114.440918,343.322754,60000114.440918,225000343.322754
60.000000,225.000000,2.000000,1.000000,-122.895126,60.020074,-44.141006,-225.011306,-357958.000000,128570.000000,114.440918,-343.322754,60000114.440918,224999656.677246
60.000000,270.000000,1.000000,0.000000,-122.895126,60.020074,-89.140663,-270.010963,-357958.000000,259641.000000,114.440918,-686.645508,60000114.440918,269999313.354492
60.000000,270.000000,2.000000,1.000000,-122.895470,60.019730,-89.141006,-270.011306,-357959.000000,259642.000000,114.440918,-343.322754,60000114.440918,269999656.677246
60.000000,0.000000,1.000000,0.000000,-122.895470,60.019730,180.858650,-0.011650,-357959.000000,-526789.000000,114.440918,0.000000,60000114.440918,0.000000
60.000000,0.000000,2.000000,1.000000,-122.895126,60.020074,180.858650,-0.011650,-357958.000000,-526789.000000,114.440918,0.000000,60000114.440918,0.000000
90.000000,0.000000,1.000000,0.000000,-92.895241,90.019959,180.858650,-0.011650,-270577.000000,-526789.000000,0.000000,0.000000,90000000.000000,0.000000
90.000000,0.000000,2.000000,1.000000,-92.895241,90.019959,180.858650,-0.011650,-270577.000000,-526789.000000,0.000000,0.000000,90000000.000000,0.000000
90.000000,45.000000,1.000000,0.000000,-92.895241,90.019959,135.858650,-45.011650,-270577.000000,-395717.000000,0.000000,0.000000,90000000.000000,45000000.000000
90.000000,45.000000,2.000000,1.000000,-92.895241,90.019959,135.858650,-45.011650,-270577.000000,-395717.000000,0.000000,0.000000,90000000.000000,45000000.000000
90.000000,90.000000,1.000000,0.000000,-92.895241,90.019959,90.858650,-90.011650,-270577.000000,-264645.000000,0.000000,0.000000,90000000.000000,90000000.000000
90.000000,90.000000,2.000000,1.000000,-92.895241,90.019959,90.858650,-90.011650,-270577.000000,-264645.000000,0.000000,0.000000,90000000.000000,90000000.000000
90.000000,180.000000,1.000000,0.000000,-92.895241,90.019959,0.857964,-180.012336,-270577.000000,-2499.000000,0.000000,686.645508,90000000.000000,180000686.645508
90.000000,180.000000,2.000000,1.000000,-92.895241,90.019959,0.857964,-180.012336,-270577.000000,-2499.000000,0.000000,686.645508,90000000.000000,180000686.645508
90.000000,225.000000,1.000000,0.000000,-92.895241,90.019959,-44.141350,-225.011650,-270577.000000,128571.000000,0.000000,0.000000,90000000.000000,225000000.000000
90.000000,225.000000,2.000000,1.000000,-92.895241,90.019959,-44.141350,-225.011650,-270577.000000,128571.000000,0.000000,0.000000,90000000.000000,225000000.000000
90.000000,270.000000,1.000000,0.000000,-92.895241,90.019959,-89.141350,-270.011650,-270577.000000,259643.000000,0.000000,0.000000,90000000.000000,270000000.000000
90.000000,270.000000,2.000000,1.000000,-92.895241,90.019959,-89.142036,-270.012336,-270577.000000,259645.000000,0.000000,686.645508,90000000.000000,270000686.645508
90.000000,0.000000,1.000000,0.000000,-92.895241,90.019959,180.858650,-0.011650,-270577.000000,-526789.000000,0.000000,0.000000,90000000.000000,0.000000
90.000000,0.000000,2.000000,1.000000,-92.895241,90.019959,180.858650,-0.011650,-270577.000000,-526789.000000,0.000000,0.000000,90000000.000000,0.000000
-90.000000,0.000000,1.000000,0.000000,-272.895241,-89.980041,180.858650,-0.011650,-794865.000000,-526789.000000,0.000000,0.000000,-90000000.000000,0.000000
-90.000000,0.000000,2.000000,1.000000,-272.895241,-89.980041,180.858650,-0.011650,-794865.000000,-526789.000000,0.000000,0.000000,-90000000.000000,0.000000
-90.000000,45.000000,1.000000,0.000000,-272.895241,-89.980041,135.858650,-45.011650,-794865.000000,-395717.000000,0.000000,0.000000,-90000000.000000,45000000.000000
-90.000000,45.000000,2.000000,1.000000,-272.895241,-89.980041,135.858650,-45.011650,-794865.000000,-395717.000000,0.000000,0.000000,-90000000.000000,45000000.000000
-90.000000,90.000000,1.000000,0.000000,-272.895241,-89.980041,90.858650,-90.011650,-794865.000000,-264645.000000,0.000000,343.322754,-90000000.000000,90000343.322754
-90.000000,90.000000,2.000000,1.000000,-272.895241,-89.980041,90.858650,-90.011650,-794865.000000,-264645.000000,0.000000,0.000000,-90000000.000000,90000000.000000
-90.000000,180.000000,1.000000,0.000000,-272.895241,-89.980041,0.857964,-180.012336,-794865.000000,-2499.000000,0.000000,686.645508,-90000000.000000,180000686.645508
-90.000000,180.000000,2.000000,1.000000,-272.895241,-89.980041,0.858994,-180.011306,-794865.000000,-2502.000000,0.000000,-343.322754,-90000000.000000,179999656.677246
-90.000000,225.000000,1.000000,0.000000,-272.895241,-89.980041,-44.141350,-225.011650,-794865.000000,128571.000000,0.000000,0.000000,-90000000.000000,225000000.000000
-90.000000,225.000000,2.000000,1.000000,-272.895241,-89.980041,-44.141350,-225.011650,-794865.000000,128571.000000,0.000000,0.000000,-90000000.000000,225000000.000000
-90.000000,270.000000,1.000000,0.000000,-272.895241,-89.980041,-89.141006,-270.011306,-794865.000000,259642.000000,0.000000,-343.322754,-90000000.000000,269999656.677246
-90.000000,270.000000,2.000000,1.000000,-272.895241,-89.980041,-89.142036,-270.012336,-794865.000000,259645.000000,0.000000,686.645508,-90000000.000000,270000686.645508
-90.000000,0.000000,1.000000,0.000000,-272.895241,-89.980041,180.858650,-0.011650,-794865.000000,-526789.000000,0.000000,0.000000,-90000000.000000,0.000000
-90.000000,0.000000,2.000000,1.000000,-272.895241,-89.980041,180.858650,-0.011650,-794865.000000,-526789.000000,0.000000,0.000000,-90000000.000000,0.000000
-60.000000,0.000000,1.000000,0.000000,-242.895355,-59.980155,180.858650,-0.011650,-707484.000000,-526789.000000,228.881836,0.000000,-59999771.118164,0.000000
-60.000000,0.000000,2.000000,1.000000,-242.895012,-59.979812,180.858650,-0.011650,-707483.000000,-526789.000000,-114.440918,0.000000,-60000114.440918,0.000000
-60.000000,45.000000,1.000000,0.000000,-242.895355,-59.980155,135.857964,-45.012336,-707484.000000,-395715.000000,-114.440918,686.645508,-60000114.440918,45000686.645508
-60.000000,45.000000,2.000000,1.000000,-242.895355,-59.980155,135.857964,-45.012336,-707484.000000,-395715.000000,-114.440918,686.645508,-60000114.440918,45000686.645508
-60.000000,90.000000,1.000000,0.000000,-242.895355,-59.980155,90.858650,-90.011650,-707484.000000,-264645.000000,-114.440918,0.000000,-60000114.440918,90000000.000000
-60.000000,90.000000,2.000000,1.000000,-242.895355,-59.980155,90.858650,-90.011650,-707484.000000,-264645.000000,-114.440918,0.000000,-60000114.440918,90000000.000000
-60.000000,180.000000,1.000000,0.000000,-242.895355,-59.980155,0.858650,-180.011650,-707484.000000,-2501.000000,-114.440918,0.000000,-60000114.440918,180000000.000000
-60.000000,180.000000,2.000000,1.000000,-242.895012,-59.979812,0.858650,-180.011650,-707483.000000,-2501.000000,-114.440918,0.000000,-60000114.440918,180000000.000000
-60.000000,225.000000,1.000000,0.000000,-242.895355,-59.980155,-44.141350,-225.011650,-707484.000000,128571.000000,228.881836,0.000000,-59999771.118164,225000000.000000
-60.000000,225.000000,2.000000,1.000000,-242.895355,-59.980155,-44.141350,-225.011650,-707484.000000,128571.000000,-114.440918,0.000000,-60000114.440918,225000000.000000
-60.000000,270.000000,1.000000,0.000000,-242.895355,-59.980155,-89.140663,-270.010963,-707484.000000,259641.000000,228.881836,-686.645508,-59999771.118164,269999313.354492
-60.000000,270.000000,2.000000,1.000000,-242.895355,-59.980155,-89.140663,-270.010963,-707484.000000,259641.000000,-114.440918,-686.645508,-60000114.440918,269999313.354492
-60.000000,0.000000,1.000000,0.000000,-242.895012,-59.979812,180.858650,-0.011650,-707483.000000,-526789.000000,-114.440918,0.000000,-60000114.440918,0.000000
-60.000000,0.000000,2.000000,1.000000,-242.895012,-59.979812,180.858650,-0.011650,-707483.000000,-526789.000000,-114.440918,0.000000,-60000114.440918,0.000000
-30.000000,0.000000,1.000000,0.000000,-212.895470,-29.980270,180.858650,-0.011650,-620103.000000,-526789.000000,-228.881836,0.000000,-30000228.881836,0.000000
-30.000000,0.000000,2.000000,1.000000,-212.895126,-29.979926,180.858650,-0.011650,-620102.000000,-526789.000000,114.440918,0.000000,-29999885.559082,0.000000
-30.000000,45.000000,1.000000,0.000000,-212.895126,-29.979926,135.858650,-45.011650,-620102.000000,-395717.000000,114.440918,0.000000,-29999885.559082,45000000.000000
-30.000000,45.000000,2.000000,1.000000,-212.895470,-29.980270,135.858650,-45.011650,-620103.000000,-395717.000000,114.440918,0.000000,-29999885.559082,45000000.000000
-30.000000,90.000000,1.000000,0.000000,-212.895470,-29.979926,90.858650,-90.011650,-620102.000000,-264645.000000,114.440918,0.000000,-29999885.559082,90000000.000000
-30.000000,90.000000,2.000000,1.000000,-212.895126,-29.979926,90.858307,-90.011993,-620102.000000,-264644.000000,-228.881836,343.322754,-30000228.881836,90000343.322754
-30.000000,180.000000,1.000000,0.000000,-212.895470,-29.980270,0.858307,-180.011993,-620103.000000,-2500.000000,-228.881836,343.322754,-30000228.881836,180000343.322754
-30.000000,180.000000,2.000000,1.000000,-212.895470,-29.980270,0.858994,-180.011306,-620103.000000,-2502.000000,114.440918,-343.322754,-29999885.559082,179999656.677246
-30.000000,225.000000,1.000000,0.000000,-212.895126,-29.979926,-44.141350,-225.011650,-620102.000000,128571.000000,114.440918,0.000000,-29999885.559082,225000000.000000
-30.000000,225.000000,2.000000,1.000000,-212.895470,-29.980270,-44.141350,-225.011650,-620103.000000,128571.000000,114.440918,0.000000,-29999885.559082,225000000.000000
-30.000000,270.000000,1.000000,0.000000,-212.895126,-29.979926,-89.140663,-270.010963,-620102.000000,259641.000000,114.440918,-686.645508,-29999885.559082,269999313.354492
-30.000000,270.000000,2.000000,1.000000,-212.895126,-29.979926,-89.140663,-270.010963,-620102.000000,259641.000000,114.440918,-686.645508,-29999885.559082,269999313.354492
-30.000000,0.000000,1.000000,0.000000,-212.895126,-29.979926,180.858650,-0.011650,-620103.000000,-526789.000000,114.440918,0.000000,-29999885.559082,0.000000
-30.000000,0.000000,2.000000,1.000000,-212.895470,-29.980270,180.858650,-0.011650,-620103.000000,-526789.000000,114.440918,0.000000,-29999885.559082,0.000000
0.000000,0.000000,1.000000,0.000000,-182.895241,0.019959,180.858650,-0.011650,-532721.000000,-526789.000000,0.000000,0.000000,0.000000,0.000000
0.000000,0.000000,2.000000,1.000000,-182.895241,0.019959,180.858650,-0.011650,-532721.000000,-526789.000000,0.000000,0.000000,0.000000,0.000000
0.000000,45.000000,1.000000,0.000000,-182.895241,0.019959,135.858650,-45.011650,-532721.000000,-395717.000000,0.000000,0.000000,0.000000,45000000.000000
0.000000,45.000000,2.000000,1.000000,-182.895241,0.019959,135.859337,-45.010963,-532721.000000,-395719.000000,0.000000,-686.645508,0.000000,44999313.354492
0.000000,90.000000,1.000000,0.000000,-182.895241,0.019959,90.858650,-90.011650,-532721.000000,-264645.000000,0.000000,0.000000,0.000000,90000000.000000
0.000000,90.000000,2.000000,1.000000,-182.895241,0.019959,90.858307,-90.011993,-532721.000000,-264644.000000,0.000000,343.322754,0.000000,90000343.322754
0.000000,135.000000,1.000000,0.000000,-182.895241,0.019959,45.858650,-135.011650,-532721.000000,-133573.000000,0.000000,0.000000,0.000000,135000000.000000
0.000000,135.000000,2.000000,1.000000,-182.895241,0.019959,45.858650,-135.011650,-532721.000000,-133573.000000,0.000000,0.000000,0.000000,135000000.000000
0.000000,180.000000,1.000000,0.000000,-182.895241,0.019959,0.858650,-180.011650,-532721.000000,-2501.000000,0.000000,0.000000,0.000000,180000000.000000
0.000000,180.000000,2.000000,1.000000,-182.895241,0.019959,0.858994,-180.011306,-532721.000000,-2502.000000,0.000000,-343.322754,0.000000,179999656.677246
0.000000,225.000000,1.000000,0.000000,-182.895241,0.019959,-44.141350,-225.011650,-532721.000000,128571.000000,0.000000,0.000000,0.000000,225000000.000000
0.000000,225.000000,2.000000,1.000000,-182.895241,0.019959,-44.141350,-225.011650,-532721.000000,128571.000000,0.000000,0.000000,0.000000,225000000.000000
0.000000,270.000000,1.000000,0.000000,-182.895241,0.019959,-89.140663,-270.010963,-532721.000000,259641.000000,0.000000,-343.322754,0.000000,269999656.677246
0.000000,270.000000,2.000000,1.000000,-182.895241,0.019959,-89.140663,-270.010963,-532721.000000,259641.000000,0.000000,-686.645508,0.000000,269999313.354492
0.000000,315.000000,1.000000,0.000000,-182.895241,0.019959,-134.141350,-315.011650,-532721.000000,390715.000000,0.000000,0.000000,0.000000,315000000.000000
0.000000,315.000000,2.000000,1.000000,-182.895241,0.019959,-134.141350,-315.011650,-532721.000000,390715.000000,0.000000,0.000000,0.000000,315000000.000000
0.000000,0.000000,1.000000,0.000000,-182.895241,0.019959,180.858650,-0.011650,-532721.000000,-526789.000000,0.000000,0.000000,0.000000,0.000000
0.000000,0.000000,2.000000,1.000000,-182.895241,0.019959,180.858650,-0.011650,-532721.000000,-526789.000000,0.000000,0.000000,0.000000,0.000000
